pos	ref	alt	gene	N/S	AA	nSRAsubclonal	nSRAclonal	nSRA	nConsensus	SRR11393275|USA:Wisconsin	SRR11410125|USA: Wisconsin	SRR11483107|USA: Connecticut	SRR11140747|USA:WI:Madison	SRR11433893|USA: Wisconsin	SRR10948474|China	SRR11178054|Hong Kong	SRR11178055|Hong Kong	SRR11483108|USA: Connecticut	SRR11140749|USA:WI:Madison	SRR11410539|USA	SRR11483105|USA: Connecticut	SRR11410530|USA	SRR11483106|USA: Connecticut	SRR11410124|USA: Wisconsin	SRR11433887|USA: Wisconsin	SRR11393274|USA:Wisconsin	SRR11433881|USA: Wisconsin	SRR11433884|USA: Wisconsin	SRR11433883|USA: Wisconsin	SRR11483111|USA: Connecticut	SRR11433891|USA: Wisconsin	SRR11483112|USA: Connecticut	SRR11178057|Hong Kong	SRR11410121|USA: Wisconsin	SRR11393273|USA:Wisconsin	SRR11178056|Hong Kong	SRR11178053|Hong Kong	SRR11445486|Malaysia: Kuala Lumpur	SRR11410534|USA	SRR11483104|USA: Connecticut	SRR11445485|Malaysia: Kuala Lumpur	SRR11433889|USA: Wisconsin	SRR11410122|USA: Wisconsin	SRR11433882|USA: Wisconsin	SRR11393277|USA:Wisconsin	SRR11178052|Hong Kong	SRR11397727|Australia: Melbourne\, Victoria	SRR11483110|USA: Connecticut	SRR11140745|USA:WI:Madison	SRR11300652|Australia: Victoria	SRR11397726|Australia: Melbourne\, Victoria	SRR11393276|USA:Wisconsin	SRR11267570|Australia: Victoria	SRR11178051|Hong Kong	SRR11410537|USA	SRR11393278|USA:Wisconsin	SRR11433888|USA: Wisconsin	SRR11433892|USA: Wisconsin	SRR11476466|USA: Washington	SRR11483109|USA: Connecticut	SRR11140751|USA:WI:Madison	SRR11410123|USA: Wisconsin	SRR11433890|USA: Wisconsin	SRR11433886|USA: Wisconsin	SRR11433885|USA: Wisconsin
241	C	T	noncoding			3	205	208	1246	1	0	0	0	1	0	0	0	1	0	1	0	0	NULL	0	1	1	1	1	1	0	0	0	0	0.956522	1	0	0	0	0	0	0	1	0.0285714	1	1	0	0	NULL	0	0	0	1	0	0	1	1	1	1	0	0	0	0.942029	0	0	1
379	C	A	ORF1a	S	V38V	2	5	7	2	0	0	0	0	0	0	0	0	0	0	0	0	0	0	0	0	0	0	0	0	0	0	0	0	0	0	0	0	0	0	0	0	0	0	0	0	0	0	0	0	NULL	0	0	0	0	0	0	0	0	0	0	0	0	0	0	0
404	A	T	ORF1a	N	K47*	4	1	5	0	0	0	0	0.00420168	0	0	0	0	0	0	0	0	0	0	0	0	0	0	0	0	0	0	0	0	0	0	0	0	0	0	0	0	0	0	0	0.00689655	0.00694444	0	0	0	0	0	0	0	0	0	0	0	0	0	0	0	0	0	0	0
490	T	A	ORF1a	N	D75E	1	23	24	6	0	0	0	0	0	0	0	0	0	0	0	0	0	0	0	0	0	0	0	0	0	0	0	0	0	0	0	0	0	0	0	0	0	0	0	0	0	0	0	0	0	0	0	0	0	0	0	0	0	0	0	0	0	0	0	0
527	C	T	ORF1a	S	L88L	0	1	1	0	0	0	0	0	0	0	0.00483092	0	0	0.00326797	0	0	0	0	0	0	0	0	0	0	0	0	0	0	0	0	0.00469484	0	0	0	0	0	0	0	0	0	0	0	0	0	0	0	0	0	0	0.00970874	0	0	0	0	0	0	0	0	0	0
565	T	C	ORF1a	S	S100S	1	0	1	0	0	0	0	0	0	0	0	0	0	0.00327869	0	0	0	0	0	0	0	0	0	0	0	0	0	0	0	0	0	0	0	0	0	0	0	0	0	0	0.00518135	0.00653595	0	0	0	0	0	0	0	0	0	0	0	0	0	0.00568182	0	0	0	0
957	G	A	ORF1a	N	C231Y	2	0	2	1	0	0	0	0.00328947	0	0	0	0.00446429	0	0	0	0	0	0	0	0	0	0	0	0	0	0	0	0	0	0	0	0	0	0	0	0	0	0	0	0	0	0.0104167	0	0.0030303	NULL	0	0	0	0	0	0	0	0	0	0	0.00813008	0	0	0	0
1015	A	G	ORF1a	S	E250E	2	0	2	0	0	0	0	0.00816327	0	0.00847458	0	0.00819672	0	0	0	0	0	0	0	0	0	0	0	0	0	0	0	0.0140845	0	0	0.00775194	0	0	0	0	0	0	0	0	0	0	0	0	0.00416667	0	0	0	0	0.00892857	0	0	0	0	0	0	0	0	0	0	0
1059	C	T	ORF1a	N	T265I	3	83	86	290	0.978022	0.00980392	0	0	1	0	0	0	0	0	0	0	0	0	0	0	0	0	0	0	0	0	0	0	0.852941	0.997753	0	0	0	0	0	0	0	0	0	1	0	0	0	0	NULL	0	0.980198	0	0	0	0.0833333	1	0	NULL	0	0	0	0	0	0
1440	G	A	ORF1a	N	G392D	0	5	5	88	0	0	0	0	0	0	0	0	0	0	0	0	0	0	0	0	0	0	0	0	0	0	0	0	0	0	0	0	0	NULL	0	0	0	0	0	0	0	0	0	0.00333333	0	0	0	0	0	0	0	0	0	0	0	0	0	0	0	0
1515	A	G	ORF1a	N	H417R	1	5	6	20	0	0	0	0	0	0	0	0	0	0.00340136	0	0	0	0	0	0	0.00769231	0	0	0	0	0	0	0	0	0	0	0	0	NULL	0	0	0	0	0	0	0	0	0	0	NULL	0	0	0	0	0	0	0	0	0	0	0	0	0	0	0
1589	G	T	ORF1a	N	G442C	2	0	2	0	0	0	0	0	0	0	0	0	0	0	0	0	0	0	0	0	0	0	0	0	0	0	0	0	0	0	0	0	0	0	0	0	0	0	0	0	0	0	0	0	0	0	0	0	0	0	0	0	0	0	0	0	0	0	0	0
1887	C	T	ORF1a	N	A541V	3	0	3	2	0	0	0	0	0	0	0	0	0	0	0	0	0	0	0	0	0	0	0	0	0	0	0	0	0	0	0.00621118	0	0	0	0	0	0	0	0	0	0	0	0	0	NULL	0	0	0	0.005	0	0	0	0	0	0	0	0	0	0	0
2891	G	A	ORF1a	N	A876T	3	3	6	84	0	0	0	0	0	0	0	0	0	0	0	0	0	0	0	0	0	0	0	0	0	0	0	0	0	0	0	0	0	0	0	0	0	0	0	0	0	0	0	0	0	0	0	0	0	0	0	0	0	0	0	0	0	0	0	0
3037	C	T	ORF1a	S	F924F	2	205	207	1275	1	0	0	0	1	0	0	0	1	0	1	0	0	0	0.0215054	1	1	1	1	1	0	0.0196078	0	0	0.902439	1	0	0.0333333	0	0	0	0.0454545	1	0.00884956	1	1	0	0	0.0185185	0	NULL	0	1	NULL	0	1	1	1	1	NULL	0	0	1	0	0	1
3096	C	T	ORF1a	N	S944L	2	4	6	0	0	0	0	0	0	0	0	0	0	0	0	0	0	0	0	0	0	0	0	0	0	0	0	0	0	0	0	0	0	0	0	0	0	0	0	0	0.0136054	0	0	0	NULL	0	0	0.0147059	0	0	0	0	0	0	0	0	0	0	0	0
3253	C	T	ORF1a	S	D996D	0	1	1	0	0	0	0	0	0	0.00803213	0	0.0070922	0	0	0	0	0	0	0	0	0	0	0	0	0	0	0	0.00980392	0	0	0	0.0105263	0	0	0	0	0	0	0	0	0	0	0	0	0	0	0	0	0.0112782	0	0	0	0	0	0	0	0	0	0	0
3564	G	T	ORF1a	N	G1100V	2	0	2	0	0	0	0	0	0	0	0	0	0	0	0	0	0	0	0	0	0	0	0	0	0	0	0	0	0	0	0.004	0	0	0	0	0	0	0	0	0	0	0	0	0	NULL	0	0	0	0	0	0	0	0	0	0	0	0	0	0	0
3784	C	T	ORF1a	S	V1173V	1	1	2	1	0.00571429	0	0	0	0	0	0	0	0	0.00359712	0	0	0	0	0	0	0	0	0	0	0	0	0	0	0	0	0	0	0	0	0	0.00666667	0	0	0	0.00546448	0.00833333	0	0	0	NULL	0	0	0	0	0	0	0	0	0	0	0	0	0	0	0
3796	C	T	ORF1a	S	V1177V	0	1	1	0	0	0	0	0	0	0	0	0	0	0	0	0	0	0	0	0	0	0	0	0	0	0	0	0	0	0	0	0	0	0	0	0	0	0	0	0.0047619	0	0	0	0	NULL	0	0	0	0	0	0	0	0.00819672	0	0	0	0	0	0	0
5617	G	T	ORF1a	N	Q1784H	2	0	2	0	0	0	0	0	0	0	0	0	0	0	0	0	0	0	0	0	0	0	0	0	0	0	0	0	0	0	0	0	0	0	0	0	0	0	0	0	0	0	0	0	0	0	0	0	0	0	0	0	0	0	0	0	0	0	0	0
7011	C	T	ORF1a	N	A2249V	1	5	6	10	0	0	0	0	0	0.00704225	0	0.00546448	0	0	0	0	0	0	0.0131579	0	0	0	0	0	0	0	0	0	0	0	0	0	0	0	0	0	0	0	0	0	0.0135135	0	0	0	NULL	0	0	0	0	0	0	0.0217391	0	NULL	0	0	0	0	0	0
7042	G	T	ORF1a	N	M2259I	1	1	2	0	0	0	0	0	0	0	0	0	0	0	0	0	0	0	0	0	0	0	0	0	0	0	0	0	0	0	0	0	0	0	0	0	0	0	0	0	0	0	0	0	NULL	0	0	0	0	0	0	0	0	0	0	0	0	0	0	0
7072	C	T	ORF1a	S	G2269G	0	1	1	1	0	0	0	0	0	0	0	0	0	0	0	0	0	0	0	0	0.00763359	0	0	0	0	0	0	0	0	0.00236407	0	0	0	0	0	0	0	0	0	0	0	0	0	0	0	0	0	0	0	0	0	0	0	0	0	0	0	0	0	0
7355	C	T	ORF1a	N	L2364F	1	0	1	0	0	0.0168067	0	0.00454545	0	0	0	0	0	0	0	0	0	0	0	0	0	0	0.0131579	0	0	0	0	0	0.0238095	0	0	0	0	0	0	0	0	0.00833333	0	0	0	0	0.0185185	0.00787402	NULL	0	0	0	0	0	0.00641026	0	0	NULL	0	0	0	0	0	0
7507	A	C	ORF1a	N	K2414N	3	0	3	0	0	0	0	0	0	0	0.00884956	0	0	0	0.0135135	0	0	0	0	0	0	0	0	0	0	0	0	0	0	0	0	0.0555556	0	0	0	0	0	0	0	0.00813008	0	0	0	0.0041841	NULL	0.00645161	0	0	0	0	0	0	0	0	0	0	0	0	0	0
8782	C	T	ORF1a	S	S2839S	6	107	113	542	0	0.977778	1	0	0	0.993197	0.00568182	0	0	0	0	0.984127	0.952381	1	0.986486	0	0.00763359	0	0	0	1	1	0	0	0.0392157	0	0	0.961538	0	0	1	0	0	0.989796	0	0	0.977011	0.0769231	1	0	0	0.0206186	0	0	0.00966184	0	0	0	0	1	1	0	0.0217391	1	1	0
9141	G	T	ORF1a	N	G2959V	0	0	0	0	0	0	0	0	0	0	0	0	0	0	0	0	0	0	0	0	0	0	0	0	0	0	0	0	0	0	0	0	0	0	0	0	0	0	0	0	0	0	0	0	0	0	0	0	0	0	0	0	0	0	0	0	0	0	0	0
9223	C	T	ORF1a	S	H2986H	5	2	7	16	0	0	0	0.0103093	0	0.0107527	0	0	0	0	0	0	0	0	0	0	0	0	0.0172414	0	0	0	0	0	0	0	0	0.666667	0	0	0	0	0	0	0	0	0	0	0	0	NULL	0	0	0	0	0	0	0	0	0	0	0	0	0	0	0
9803	C	T	ORF1a	S	L3180L	1	1	2	2	0.00699301	0	0	0.0037037	0	0	0	0	0	0	0	0	0	0	0	0	0	0	0	0	0	0	0	0	0	0	0	0	0	0	0	0	0	0	0	0	0	0	0	0	NULL	0	0	0	0	0	0	0	0	0	0	0.008	0	0	0	0
10771	T	C	ORF1a	S	Y3502Y	1	4	5	11	0	0	1	0	0	0	0	0	0	0	0	0	0	1	0.0307692	0	0	0	0	0	0	0	0	0	0.0243902	0	0.01	0	0	0	0	0	0	0.791667	0	0	0	0	0	0	0	0	0	0	0	0	0	0	0	0	0	0	0	0	0	0
10779	T	A	ORF1a	N	L3505Q	7	1	8	0	0	0	0	0	0	0	0	0	0	0	0	0	0	0	0	0	0	0	0	0	0	0	0	0.0181818	0	0	0	0	0	0	0	0	0	0	0	0	0.00980392	0	0	0	NULL	0	0	0	0	0	0	0	0	0	0	0	0	0	0	0
10986	G	T	ORF1a	N	R3574I	0	0	0	0	0	0	0	0	0	0	0	0	0	0	0	0	0	0	0	0	0	0	0	0	0	0	0	0	0	0	0	0	0	0	0	0	0	0	0	0	0	0	0	0	0	0	0	0	0	0	0	0	0	NULL	0	0	0	0	0	0
11083	G	T	ORF1a	N	L3606F	8	78	86	356	0	0	0.0285714	0.00584795	0	0	0.96	1	0	0	0	0	0.0645161	0.0597015	0	0	0.0241935	0	0	0	0	0	0	0	0	1	0	0	1	0.769231	0.0151515	1	0	0	0	0.925926	0	0.0204082	0	0	NULL	0	0	0	0.857143	0	0.030303	0	0	0	0	0.00684932	0	0	0	0
11376	G	T	ORF1a	N	G3704V	1	1	2	0	0	0	0	0	0	0	0	0.00454545	0	0	0	0	0	0	0	0	0	0	0	0	0	0	0	0	0	0	0	0	0	0	0	0	0	0	0	0	0	0	0	0	NULL	0	0	0	0.0142857	0	0	0	0	0	0	0	0	0	0	0
11471	C	T	ORF1a	N	L3736F	1	0	1	0	0	0	0	0.00436681	0	0	0	0	0	0	0	0	0	0	0	0	0	0	0	0	0	0	0	0	0	0	0	0	0	0	0	0	0	0	0	0	0	0	0	0	NULL	0.0227273	0	0	0	0	0	0	0	NULL	0	0	0	0	0	0
11671	C	T	ORF1a	S	R3802R	2	0	2	0	0	0	0	0	0	0	0.0149254	0	0	0	0	0	0	0	0.0153846	0	0	0	0	0	0	0	0	0.025641	0	0.00775194	0	0	0	0	0	0	0	0	0.0108696	0	0	0	0	0	NULL	0	0	NULL	0	0	0	0	0	0	0	0.00925926	0	0	0	0
12164	G	T	ORF1a	N	A3967S	1	0	1	0	0.0102041	0	0	0	0	0	0	0	0	0	0	0	0	0	0	0	0	0	0	0	0	0	0	0	0	0	0	0	0	0	0	0	0	0	0	0	0	0	0.0164835	0	0	0	0	0	0	0	0	0	0	0	0	0	0	0	0	0
13112	T	A	ORF1a	N	Y4283N	2	0	2	0	0	0	0	0	0	0.00694444	0.00934579	0.00735294	0	0	0	0	0	0	0	0	0.0151515	0	0.0227273	0	0	0	0	0	0	0.003663	0.00819672	0	0	0	0	0	0	0	0	0	0	0	0	0	NULL	0	0.0106383	0	0	0	0	0	0	0	0	0	0	0	0	0
13571	G	T	ORF1b	N	G35V	0	0	0	1	0	0.0185185	0	0	0	0	0	0	0	0	0	0	0	0	0	0	0.00452489	0	0	0	0	0	0	0	0	0	0	0	0	NULL	0	0.0434783	0	0	0	0	0	0	NULL	0	0	0	0	0	0	0	0	0	0	0	0	0.00645161	0	0	0	0
14408	C	T	ORF1b	N	P314L	1	209	210	1268	1	0.00990099	0	0	1	0	0	0	1	0	0.974359	0	0	0	0.0116279	1	0.990476	1	1	1	0	0	0	0	0.926829	1	0	0	0	0	0	0	1	0	1	1	0	0	0.0533333	0	NULL	0	1	0	0	1	1	1	1	0	0	0	0.971429	0	0	1
14805	C	T	ORF1b	S	Y446Y	3	56	59	263	0	0.00675676	0	0	0	0	0	0.00414938	0	0.00328947	0	0	0	0	0	0	0	0	0	0	0	0	0	0	0	0	0	0	0	0	0	0	0	0	0	0	0	0	0	0	NULL	0	0	0	0	0	0	0	0	0	0	0	0.00543478	0	0	0
15898	G	T	ORF1b	N	V811F	1	0	1	0	0	0	0	0	0	0	0	0	0	0	0	0	0	0	0	0	0	0	0	0	0	0	0	0	0	0	0	0	0	0	0	0	0	0	0	0	0	0	0	0	NULL	0	0	0	0	0	0	0	0	NULL	0	0	0	0	0	0
15900	T	C	ORF1b	S	V811V	2	1	3	0	0	0	0	0	0	0	0.00446429	0	0	0.00308642	0	0	0	0	0	0	0	0	0	0	0	0	0	0	0	0	0	0	0	0	0	0	0	0	0	0	0	0	0	0	NULL	0	0	0	0	0	0	0	0	0	0	0	0	0	0	0
16733	C	T	ORF1b	N	S1089L	1	0	1	0	0	0	0	0	0	0	0	0	0	0	0	0	0	0	0	0	0	0	0	0	0	0	0	0	0	0	0	0	0	0	0	0.012987	0	0	0	0	0	0	0	0.00251256	0	0	0	0	0.00387597	0	0	0	0	NULL	0	0	0	0	0	0
17247	T	C	ORF1b	S	R1260R	0	19	19	109	0	0	0	0	0	0	0	0	0	0	0	0	0	0	0	0	0	0	0	0	0	0	0	0	0	0	0	0	0	0	0	0	0	0	0	0	0	0	0	0.00261097	0	0	0	0	0	0	0	0	0	NULL	0	0	0	0	0	0
17304	C	T	ORF1b	S	V1279V	1	0	1	4	0	0	0	0.00253807	0	0	0	0.0027248	0	0	0	0	0	0	0	0	0	0	0	0	0	0	0	0	0	0.00180832	0	0	0	0.0131579	0	0	0	0.00970874	0	0	0	0	0	0	NULL	0	0	0	0	0	0	0	0	0	0	0	0	0	0	0
17550	C	T	ORF1b	S	L1361L	3	0	3	0	0	0	0	0	0	0	0	0	0	0	0	0	0	0	0.0104167	0	0	0	0	0	0	0	0	0	0	0	0	0	0	0	0	0	0	0	0	0	0	0	0	0	0	0	0	0	0	0	0	0	0	0	0	0	0	0	0	0
17615	A	G	ORF1b	N	K1383R	1	2	3	2	0	0	0	0	0	0	0	0	0	0	0	0	0	0	0	0	0	0	0	0	0	0	0	0	0	0.0100503	0	0	0	0	0	0	0	0	0	0	0	0	0	0.00689655	0	0	0	0	0	0	0	0	0	0	0	0	0	0	0	0
17688	T	C	ORF1b	S	V1407V	2	0	2	0	0	0	0	0.00290698	0	0	0	0.00291545	0	0	0	0	0	0	0	0	0	0	0	0	0	0	0	0	0	0	0	0.0666667	0	0	0	0	0	0	0	0	0	0	0	0	NULL	0	0	0	0	0	0	0	0	0	0	0	0	0	0	0
17747	C	T	ORF1b	N	P1427L	50	14	64	344	0	0	0.566667	0	0	0	0	0	0	0.00429185	0	0.656863	0.846154	0.56	0	0.0106383	0	0	0	0	0.6	0	0	0	0.0163934	0	0	0	0	0.05	0.496503	0	0	0.858696	0	0	0	0	0.557895	0	0	0	0	0.0196078	0	0	0	0	0	0	0.546296	0	0.015625	0.457447	0.407407	0
17825	C	T	ORF1b	N	T1453I	1	0	1	0	0	0	0	0	0	0	0	0	0	0	0	0	0	0	0	0	0	0	0	0	0	0	0	0	0	0	0.00414938	0	0	0	0	0	0	0	0	0	0.00645161	0	0	0	NULL	0	0	0.0526316	0	0	0	0	0	NULL	0	0	0	0	0	0
17858	A	G	ORF1b	N	Y1464C	3	62	65	362	0	0	1	0	0	0	0	0	0	0	0	1	0.909091	1	0	0	0	0	0	0	1	0	0	0	0.0740741	0	0	0	0	0.157895	1	0	0	0.991935	0	0	0	0.015625	1	0	NULL	0	0	0	0	0	0.0120482	0	0	0	1	0	0.0121951	1	1	0
18060	C	T	ORF1b	S	L1531L	14	54	68	367	0	0	0.405405	0	0	0	0	0	0.0152672	0	0	0.409091	0.4	0.481132	0	0	0.00621118	0	0	0	0.425	0	0	0	0.0232558	0.00189394	0	0	0	0.272727	0.426357	0	0	0.634146	0	0	0	0	0.495652	0	NULL	0	0	0	0	0	0.00699301	0	0	1	0.504587	0.0137931	0	0.442857	0.575758	0
18334	G	A	ORF1b	N	E1623K	1	0	1	0	0	0	0.0120482	0	0	0	0	0	0	0.0210526	0	0	0.0208333	0	0	0	0	0	0	0	0	0	0	0	0	0	0	0	0	0.02	0	0	0	0	0	0	0	0	0	0.00943396	0	0	0	0	0	0.0204082	0.0181818	0	0	0	0	0	0	0	0	0
18736	T	C	ORF1b	N	F1757L	1	23	24	5	0	0	0	0	0	0	0	0	0	0	0	0	0	0	0	0	0	0	0	0	0	0	0	0	0	0	0	0	0	0	0	0	0	0	0	0	0	0	0	0	0	0	0	0	0	0	0	0	0	0	0	0	0	0	0	0
19684	G	T	ORF1b	N	V2073L	1	22	23	5	0	0	0	0	0	0	0	0	0	0	0	0	0	0	0	0	0	0	0	0	0	0	0	0	0	0	0	0	0	0	0	0	0	0	0	0	0	0	0.0416667	0	0	0	0	0	0	0	0	0	0	NULL	0	0	0	0	0	0
20268	A	G	ORF1b	S	L2267L	0	15	15	86	0.0102041	0	0	0	0	0.00694444	0	0	0	0.0044843	0	0	0	0	0	0	0.982906	0	0	0	0	0	0	0	0	0.00746269	0	0	0	0	0	0	0	0	0	0	0.0126582	0.00892857	0	0	0	0	0	0	0	0	0.976378	0	0	0	0	0.00657895	0	0	0	0
21417	A	T	ORF1b	N	K2650N	3	0	3	0	0	0	0	0	0	0	0	0.00738007	0	0.00307692	0.00833333	0	0	0	0	0	0	0	0	0	0	0	0	0	0	0.00505051	0	0	0	0	0	0	0	0	0	0.00568182	0	0.00757576	0	0	0	0.034188	0	0	0	0	0	0	0	0	0	0.00555556	0	0	0	0
21642	C	T	S	N	A27V	1	1	2	0	0	0	0	0	0.0208333	0	0	0	0	0.00769231	0	0	0	0	0	0	0	0	0.06	0	0	0	0	0	0	0	0	0	0	0	0	0	0	0	0	0	0	0	0	0	0	0	0	0	0	0	0	0	0.025641	0	0	0	0	0	0	0
22335	G	T	S	N	W258L	1	2	3	1	0	0	0	0	0	0	0.00578035	0.0083682	0	0	0	0	0	0.0123457	0	0	0	0	0	0	0	0	0	0	0	0	0.00507614	0	0	0	0	0	0	0	0	0	0	0	0	0	0	0	0	0	0	0	0	0	0	NULL	0	0	0	0	0	0
22915	C	T	S	S	Y451Y	3	0	3	0	0	0	0	0	0	0	0	0	0	0	0	0	0	0	0	0	0	0	0	0	NULL	0	0	0	0	0	0	0	0	NULL	0	0	0	0	0	0	0	NULL	NULL	0	0	0	0	0	0	0	0	0	0	0	NULL	0	0	0	0	0
22918	G	T	S	S	L452L	1	1	2	0	0	0	0	0	0	0.00458716	0	0	0	0	0	0	0	0	0	0	0	0	0	0	NULL	0	0	0	0	0	0	0	0	NULL	0	0	0	0	0	0	0	NULL	NULL	0	0	0	0	0	0	0	0	0	0	0	NULL	0	0	0	0	0
23010	T	C	S	N	V483A	1	1	2	14	0	0	0	0.003125	0	0	0	0	0	0	0	0	0	0	0	0	0	0	0	0	NULL	0	0	0	0	0.00239234	0	0	0	0	0	0	0	0	0	0	0	0	NULL	0	0	0	0	0	0	0	0	0	0	0	NULL	0	0	0	0	0
23403	A	G	S	N	D614G	6	205	211	1277	1	0	0.0126582	0	1	0.00324675	0	0.00276243	1	0	1	0	0	0	0.00675676	1	1	1	1	1	0	0	0	0	0.983333	1	0	0	0	0	0	0	1	0	1	1	0	0	0	0	0	0	0.993289	0	0	1	1	1	1	0	0	0	0.987097	0	0	1
23525	C	T	S	N	H655Y	4	1	5	2	0	0	0	0	0	0.00531915	0	0.00423729	0.0142857	0	0	0	0.103448	0	0	0	0.00609756	0	0	0	0	0	0	0	0	0	0	0	0	0	0	0	0	0	0	0	0	0	0	0	0.333333	0	0	0.000961538	0	0	0	0	0	0	0	0	0	0	0	0
23557	C	T	S	S	P665P	1	0	1	0	0	0	0	0	0	0	0	0	0	0.0178571	0	0	0	0	0	0	0	0	0	0	0	0	0	0	0	0	0	0	0	0	0	0	0	0	0	0	0	0	0	0	0	0	0	0	0	0	0	0	0	0	0	0	0	0	0	0
23606	C	T	S	N	R682W	2	0	2	0	0	0	0	0	0	0	0	0	0	0	0	0	0	0	0	0	0	0	0	0	0	0	0	0	0	0	0.00454545	0	0	0	0	0	0	0	0	0	0.00675676	0	0	0	NULL	0	0	0.1	0	0	0	0	0	0	0	0	0	0	0	0
24034	C	T	S	S	N824N	1	24	25	21	0.00990099	0	0	0	0	0	0	0	0	0	0	0	0	0	0	0	0	0	0	0	0	0	0	0	0	0.00453515	0	0	0	0	0	0	0	0	0	0	0	0	0	0	0	0	0	0.000684932	0	0	0	0	0	0	0	0	0	0	0	0
24933	G	T	S	N	G1124V	3	0	3	0	0.0169492	0	0	0	0	0	0	0	0	0	0	0	0	0	0	0	0	0	0	0	0	0	0	0	0	0	0.00719424	0	0	0	0	0	0	0	0	0	0	0	0.131579	0	0	0	0	0	0	0	0	0	0	NULL	0	0	0	0	0	0
25049	G	T	S	N	D1163Y	1	0	1	0	0	0	0	0	0	0	0	0	0	0	0	0	0	0	0	0	0	0	0	0	0	0	0	0	0	0	0	0	0	0	0	0	0	0	0	0	0	0	0	0	0	0	0	0	0	0	0	0	0	0	0	0	0	0	0	0
25174	A	C	S	S	G1204G	2	0	2	0	0	0	0	0	0	0	0	0	0	0	0	0	0	0	0	0	0	0	0	0	0	0	0	0	0	0	0	0	0	0	0	0	0	0	0	0	0	0	0	0	0	0	0	0	0	0	0	0	0	NULL	0	0	0	0	0	0
25250	G	T	S	N	V1230L	2	1	3	0	0	0	0	0	0	0	0	0	0	0	0	0	0	0	0	0	0	0	0	0	0	0	0	0	0	0	0	0	0	0	0	0	0	0	0	0	0	0	0	0	0	0	0	0	0	0	0	0	0	0	0	0	0	0	0	0
25563	G	T	ORF3a	N	Q57H	3	96	99	379	0.981132	0.00900901	0	0	1	0	0	0	0	0	0	0	0	0	0	1	0	1	1	0	0	0	0	0	0.901961	1	0	0	0	0	0	0	0	0	1	1	0	0	0	0	0	0	0.956522	0	0	0	0.0238095	1	1	0	0	0	0	0	0	0
25916	C	T	ORF3a	N	T175I	1	1	2	1	0	0	0	0	0	0.00617284	0	0	0	0	0	0	0	0	0	0	0	0	0	0	0	0	0	0	0	0	0	0	0	0	0	0	0	0	0	0	0	0	0	0	0	0	0	0.000741015	0	0	0	0	0	NULL	0	0	0	0	0	0
25979	G	T	ORF3a	N	G196V	0	8	8	30	0	0	0	0	0	0	0	0	0	0	0	0	0	0	0	0	0	0	0	0	0	0	0	0	0	0	0	0	0	0	0	0	0	0	0	0	0	0	0	0	0	0	0	0	0	0	0	0	0	0	0	0	0	0	0	0
26144	G	T	ORF3a	N	G251V	3	52	55	324	0	0	0	0	0	0	0	0	0	0	0	0	0	0	0	0	0	0	0	0	0	0	0	0	0	0.0034965	0	0	0	0	0	0	0	0	0	0.00854701	0	0.973684	0	0	0	0.965986	0	0.997696	0	0	0	0	0	0	0	0	0	0	0	0
26530	A	G	M	N	D3G	7	0	7	34	0	0	0	0	0	0	0	0	0	0	0	0	0	0	0	0	0	0	0	0	0	0	0	0	0	0	0	0	0	0	0	0	0	0	0	0	0	0	0	0	0	0	0	0.00860642	0	0	0	0	0	NULL	0	0	0	0	0	0
26570	C	T	M	S	L16L	2	0	2	0	0	0	0	0.00490196	0	0	0	0.00740741	0	0	0	0	0	0	0	0	0	0	0	0	0	0	0	0	0	0.00371747	0	0	0	0	0	0	0	0	0	0	0	0	0	0	NULL	0	0	0	0	0	0	0	0	0	0	0	0	0	0	0
26729	T	C	M	S	A69A	2	23	25	20	0	0	0	0	0	0	0.00632911	0.00404858	0	0	0	0.0138889	0	0	0	0	0	0	0	0	0	0	0	0	0	0	0	0	0	0	0	0	0	0	0	0	0	0	0	0	0	0	0	0	0	0	0	0	0.0192308	0.027027	0	0.00588235	0	0	0	0.0222222
27493	C	T	ORF7a	N	P34S	1	0	1	1	0	0	0	0	0	0	0	0	0	0	0	0	0	0	0	0	0	0	0	0	0	0	0	0	0	0	0.00492611	0	0	0	0	0	0	0	0	0	0	0	0.0763359	0	0	0	0	0	0	0	0	0	0	0	0	0	0.00512821	0	0	0
27676	G	T	ORF7a	N	E95*	2	0	2	0	0	0	0	0	0	0	0	0	0	0	0	0	0	0	0	0	0	0	0	0	0	0	0	0	0	0	0	0	0	0	0	0	0	0	0	0	0	0	0	0	0	0	0	0	0	0	0	0	0	0	0	0	0	0	0	0
27911	C	T	ORF8	S	F6F	1	1	2	2	0.00649351	0.00666667	0	0.00773196	0	0.00314465	0	0.0034965	0	0	0.0114943	0.0107527	0	0.0111111	0	0	0.00921659	0	0	0	0.0142857	0	0	0.0333333	0	0.00190114	0.00454545	0	0	0	0.0116279	0.0104167	0	0	0.0204082	0	0	0.00806452	0.0123457	0.00775194	1	0	0	0.666667	0.015748	0	0.0105263	0	0.0204082	0	0	0	0.00833333	0	0	0
28077	G	C	ORF8	N	V62L	1	24	25	20	0	0	0	0	0	0	0	0	0	0	0	0	0	0	0.0117647	0	0	0	0	0	0	0	0	0	0	0	0	0	0	0	0	0	0	0	0	0	0	0	0	0	0	0	0	0.000377786	0	0	0	0	0	0	0	0	0	0	0	0
28144	T	C	ORF8	N	L84S	6	108	114	532	0	0.955882	1	0	0.010101	0.993865	0	0	0	0	0	0.993333	0.987654	0.993243	1	0	0	0	0	0	1	1	0	0	0.104651	0	0.00434783	0.869565	0	0.0267857	0.985507	0	0	0.971831	0	0	0.947712	0	1	0	0	0.0135135	0	0	0.0234375	0	0	0	0	NULL	0.982456	0	0.0181818	1	0.978261	0
28253	C	T	ORF8	S	F120F	2	0	2	2	0	0	0	0	0.0208333	0.00257069	0	0	0	0	0	0.0128205	0	0	0	0	0	0	0	0	0	0	0	0	0	0	0.00675676	0	0	0	0	0	0	0	0	0	0	0	0	0	0	0	0.0289855	0.000480307	0	0.0392157	0	0	0	0	0	0	0	0	0	0
28688	T	C	N	S	L139L	2	10	12	72	0	0	0	0	0	0	0.966292	0.995935	0	0	0	0	0	0	0	0	0.00558659	0	0	0	0	0	0	0	0	0.00278552	0	0.0175439	0	0	0	0	0	0	0	0	0.013245	0.00719424	0	0.00436681	0	0.00826446	0	0	0	0	0	0	0	0	0	0	0	0	0	0
28690	G	T	N	N	L139F	0	2	2	1	0	0	0	0	0	0	0	0	0	0	0	0	0	0	0	0	0	0	0	0	0	0	0	0	0.027027	0	0	0	0	0	0	0	0	0	0	0	0	0	0	0.00403226	0.00102354	0	0	0	0	0	0	0	0	0	0	0	0	0	0	0
28854	C	T	N	N	S194L	0	5	5	17	0	0	0	0	0	0	0.00319489	0	0	0.00291545	0	0	0	0	0.0144928	0	0	0	0	0	0	0	0	0	0	0.00194175	0.00290698	0	0	NULL	0	0	0	0	0	0	0.00446429	0	0	0	0	0	0	0.00190235	0.00611621	0	0	0	0	0	0	0	0	0	0	0
28882	G	A	N	S	R203R	0	42	42	401	0	0	0	0	0	0	0	0	0	0	0	0	0	0	0	0	0	0	0	0	0	0	0	0	0	0	0	0	0	NULL	0	0	1	0	0	0	0	0	0	0	0	0	0	0.000562114	0	0	0	0	0	0	0	0	0	0	0	1
29039	A	T	N	N	K256*	8	0	8	0	0	0	0	0.0119048	0	0.0122699	0.0265487	0.0387097	0	0.0232558	0	0	0	0	0	0	0.00980392	0	0	0	0	0	0	0.0108696	0	0.008	0.008	0.0181818	0	0	0	0	0	0	0	0	0.0153846	0	0	0.0111111	0	0.0149254	0.0178571	0	0	0	0	0	0	0	0	0.0125	0	0	0.0178571	0
29353	C	T	N	S	Y360Y	1	8	9	2	0	0	0	0	0	0	0	0	0	0	0	0	0	0	0	0	0	0	0.0149254	0	0	0	0	0	0	0	0.00684932	0	0	0	0	0	0.0128205	0	0	0	0	0	0	0	0	0	0	0.00400534	0	0	0	0	0	0	0	0	0	0	0	0
29642	C	T	ORF10	N	Q29*	2	0	2	0	0	0	0	0	0	0	0	0	0	0	0.00735294	0	0	0	0	0	0	0	0	0	0	0	0	0	0	0	0.0331126	0	0	0	0	0	0	0	0	0	0	0	0	0	0	0	0	0	0	0	0	0	0	NULL	0	0	0	0	0	0
29724	C	T	noncoding			1	0	1	0	0	0	0	0	0	0	0	0	0	0.00568182	0	0	0	0	0	0	0	0	0	0	0	0	0	0	0	0	0	0	0	0	0	0	0	0	0	0	0.0138889	0	0	0	0	0	0	0	0	0	0	0	0	0	0	0	0	0	0	0
29774	C	T	noncoding			1	1	2	3	0	0	0	0.00617284	0	0	0	0	0	0	0	0	0	0	0	0	0	0	0	0	0	0.0588235	0	0	0	0	0	0	0	0	0	0	0	0	0	0	0	0	0	0	0.00440529	0	0	0	0	0	0	0	0	0	0	0	0	0	0	0
