pos	ref	alt	gene	N/S	AA	nSRAsubclonal	nSRAclonal	nSRA	nConsensus	SRR11059940|China:Wuhan	SRR11059942|China:Wuhan	SRR11059944|China:Wuhan	SRR11059945|China:Wuhan	SRR11059946|China:Wuhan	SRR11059947|China:Wuhan	SRR11092062|China: Wuhan	SRR11454607|China: Hubei	SRR11454608|China: Hubei	SRR11454613|China: Hubei	SRR11454614|China: Hubei	SRR11454615|China: Hubei
404	A	T	ORF1a	N	K47*	2	0	2	0	0	0	0	0	0	0	0	0	0	0	0	0
565	T	C	ORF1a	S	S100S	1	0	1	0	0	0	0	0	0	0	0.242424	0	0	0	0.0960699	0
7507	A	C	ORF1a	N	K2414N	3	0	3	0	0	0	0	0	0	0	0	0	0	0	0	0
10779	T	A	ORF1a	N	L3505Q	7	1	8	0	0.247706	0.273196	0.259414	0.408163	0.138075	0.253165	0	0	0.104072	0.0567686	0	0.0970874
11083	G	T	ORF1a	N	L3606F	1	7	8	356	0	0	0	0	0	0	0	0	0	0	0	0
13112	T	A	ORF1a	N	Y4283N	2	0	2	0	0	0	0	0	0	0	0	0	0	0	0	0
15900	T	C	ORF1b	S	V811V	1	1	2	0	0	0.221239	0	0	0	0.0723404	0	0	0	0	0	0.0510204
17747	C	T	ORF1b	N	P1427L	2	10	12	344	0	0	0	0	0	0	0	0	0	0	0	0
17825	C	T	ORF1b	N	T1453I	1	0	1	0	0	0	0	0	0	0	0.216814	0	0	0.0663717	0	0
17858	A	G	ORF1b	N	Y1464C	0	12	12	362	0	0	0	0	0	0	0	0	0	0	0	0
21417	A	T	ORF1b	N	K2650N	3	0	3	0	0	0	0	0	0	0	0	0	0	0	0	0
22915	C	T	S	S	Y451Y	2	0	2	0	0	0.361809	0	0.277311	0	0.674495	0	0	0	0	0	0
23010	T	C	S	N	V483A	1	1	2	14	0	0	0	0	0	0	0	0	0	0	0	0
23525	C	T	S	N	H655Y	2	1	3	2	0	0	0	0	0	0	0	0.0958904	0	0	0	0
23606	C	T	S	N	R682W	1	0	1	0	0	0	0	0	0	0	0	0	0	0	0	0
25174	A	C	S	S	G1204G	2	0	2	0	0	0.356643	0	0.135021	0	0.674495	0	0	0	0	0	0
27493	C	T	ORF7a	N	P34S	1	0	1	1	0	0	0.468085	0	0.0753138	0	0	0	0	0	0	0
27676	G	T	ORF7a	N	E95*	2	0	2	0	0	0	0	0	0	0	0	0	0	0	0	0
29039	A	T	N	N	K256*	8	0	8	0	0	0	0	0.0686695	0.161572	0	0	0	0	0	0	0
