pos	ref	alt	gene	N/S	AA	nSRAsubclonal	nSRAclonal	nSRA	nConsensus	SRR11059940|China:Wuhan	SRR11059942|China:Wuhan	SRR11059944|China:Wuhan	SRR11059945|China:Wuhan	SRR11059946|China:Wuhan	SRR11059947|China:Wuhan	SRR11092062|China: Wuhan	SRR11241254|USA: Seattle, WA	SRR11241255|USA: Seattle, WA	SRR11247076|USA: WA	SRR11247077|USA: WA	SRR11247078|USA: WA	SRR11278091|USA:WA	SRR11278164|USA:WA	SRR11278166|USA:WA	SRR11278167|USA:WA	SRR11397717|Australia: Melbourne, Victoria	SRR11397720|Australia: Melbourne, Victoria	SRR11397730|Australia: Melbourne, Victoria	SRR11410532|USA	SRR11426414|Germany: Starnberg	SRR11426415|Germany: Starnberg	SRR11426417|Germany: Starnberg	SRR11426418|Germany: Starnberg	SRR11454607|China: Hubei	SRR11454608|China: Hubei	SRR11454613|China: Hubei	SRR11454614|China: Hubei	SRR11454615|China: Hubei
404	A	T	ORF1a	N	K47*	2	0	2	0	0.001	0.001	0.001	0.001	0.001	0.001	0.001	0.001	0.001	0.001	0.001	0.001	0.001	0.001	0.001	0.001	0.001	0.001	0.001	0.001	0.001	0.001	0.001	0.001	0.001	0.001	0.001	0.001	0.001
565	T	C	ORF1a	S	S100S	1	0	1	0	0.001	0.001	0.001	0.001	0.001	0.001	0.001	0.001	0.001	0.001	0.001	0.001	0.001	0.001	0.001	0.001	0.001	0.001	0.001	0.001	0.001	0.001	0.001	0.001	0.001	0.001	0.001	0.001	0.001
7507	A	C	ORF1a	N	K2414N	3	0	3	0	0.001	0.001	0.001	0.001	0.001	0.001	0.001	0.001	0.001	0.001	0.001	0.001	0.001	0.001	0.326531	0.326531	0.001	0.001	0.001	0.001	0.001	0.001	0.001	0.001	0.001	0.001	0.001	0.001	0.001
10779	T	A	ORF1a	N	L3505Q	7	1	8	0	0.001	0.001	0.001	0.001	0.001	0.001	0.001	0.001	0.001	0.001	0.001	0.001	0.001	0.001	0.001	0.001	0.001	0.001	0.001	0.001	0.001	0.001	0.001	0.001	0.001	0.001	0.001	0.001	0.001
11083	G	T	ORF1a	N	L3606F	1	7	8	356	0.001	0.001	0.001	0.001	0.001	0.001	0.001	0.999	0.001	0.001	0.001	0.001	0.001	0.001	0.001	0.001	0.001	0.001	0.0612245	0.001	0.001	0.001	0.001	0.001	0.001	0.001	0.001	0.001	0.001
13112	T	A	ORF1a	N	Y4283N	2	0	2	0	0.001	0.001	0.001	0.001	0.001	0.001	0.001	0.001	0.001	0.001	0.001	0.001	0.001	0.001	0.326531	0.326531	0.001	0.001	0.001	0.001	0.001	0.001	0.001	0.001	0.001	0.001	0.001	0.001	0.001
15900	T	C	ORF1b	S	V811V	1	1	2	0	0.001	0.001	0.001	0.001	0.001	0.001	0.001	0.001	0.001	0.001	0.001	0.001	0.001	0.001	0.001	0.001	0.001	0.001	0.001	0.001	0.001	0.001	0.001	0.001	0.001	0.001	0.001	0.001	0.001
17747	C	T	ORF1b	N	P1427L	2	10	12	344	0.001	0.001	0.001	0.001	0.001	0.001	0.001	0.001	0.999	0.999	0.999	0.999	0.999	0.999	0.999	0.999	0.999	0.999	0.001	0.999	0.001	0.001	0.001	0.001	0.001	0.001	0.001	0.001	0.001
17825	C	T	ORF1b	N	T1453I	1	0	1	0	0.001	0.001	0.001	0.001	0.001	0.001	0.001	0.001	0.001	0.001	0.001	0.001	0.001	0.001	0.001	0.001	0.001	0.001	0.001	0.001	0.001	0.001	0.001	0.001	0.001	0.001	0.001	0.001	0.001
17858	A	G	ORF1b	N	Y1464C	0	12	12	362	0.001	0.001	0.001	0.001	0.001	0.001	0.001	0.001	0.999	0.999	0.999	0.999	0.999	0.999	0.999	0.999	0.999	0.999	0.001	0.999	0.001	0.001	0.001	0.001	0.001	0.001	0.001	0.001	0.001
21417	A	T	ORF1b	N	K2650N	3	0	3	0	0.001	0.001	0.001	0.001	0.001	0.001	0.001	0.001	0.001	0.001	0.001	0.001	0.001	0.001	0.326531	0.326531	0.001	0.001	0.001	0.001	0.001	0.001	0.001	0.001	0.001	0.001	0.001	0.001	0.001
22915	C	T	S	S	Y451Y	2	0	2	0	0.001	0.001	0.001	0.001	0.001	0.001	0.001	0.001	0.001	0.001	0.001	0.001	0.001	0.001	0.001	0.001	0.001	0.001	0.001	0.001	0.001	0.001	0.001	0.001	0.001	0.001	0.001	0.001	0.001
23010	T	C	S	N	V483A	1	1	2	14	0.001	0.001	0.001	0.001	0.001	0.001	0.001	0.001	0.001	0.001	0.001	0.001	0.001	0.001	0.326531	0.326531	0.001	0.001	0.001	0.001	0.001	0.001	0.001	0.001	0.001	0.001	0.001	0.001	0.001
23525	C	T	S	N	H655Y	2	1	3	2	0.001	0.001	0.001	0.001	0.001	0.001	0.001	0.001	0.001	0.999	0.001	0.001	0.001	0.001	0.001	0.001	0.001	0.001	0.001	0.44898	0.001	0.002	0.001	0.001	0.002	0.001	0.001	0.001	0.001
23606	C	T	S	N	R682W	1	0	1	0	0.001	0.001	0.001	0.001	0.001	0.001	0.001	0.001	0.001	0.001	0.001	0.001	0.001	0.001	0.001	0.001	0.001	0.001	0.001	0.001	0.001	0.001	0.001	0.001	0.001	0.001	0.001	0.001	0.001
25174	A	C	S	S	G1204G	2	0	2	0	0.001	0.001	0.001	0.001	0.001	0.001	0.001	0.001	0.001	0.001	0.001	0.001	0.001	0.001	0.001	0.001	0.001	0.001	0.001	0.001	0.001	0.001	0.001	0.001	0.001	0.001	0.001	0.001	0.001
27493	C	T	ORF7a	N	P34S	1	0	1	1	0.001	0.001	0.001	0.001	0.001	0.001	0.001	0.001	0.001	0.001	0.001	0.001	0.001	0.001	0.001	0.001	0.001	0.001	0.001	0.001	0.001	0.001	0.001	0.001	0.001	0.001	0.001	0.001	0.001
27676	G	T	ORF7a	N	E95*	2	0	2	0	0.001	0.001	0.001	0.001	0.001	0.001	0.001	0.001	0.001	0.001	0.001	0.001	0.001	0.001	0.001	0.001	0.001	0.001	0.001	0.001	0.001	0.001	0.001	0.001	0.001	0.001	0.001	0.001	0.001
29039	A	T	N	N	K256*	8	0	8	0	0.001	0.001	0.001	0.001	0.001	0.001	0.001	0.001	0.001	0.001	0.001	0.001	0.001	0.001	0.326531	0.326531	0.001	0.001	0.001	0.001	0.001	0.001	0.001	0.001	0.001	0.001	0.001	0.001	0.001
