pos	ref_allele	alt_allele	ref	alt	vaf	tot	type
7	G	A	0	0	nan	0	none
8	G	C	0	0	nan	0	none
10	T	A	0	0	nan	0	none
21	C	T	1	0	0.0	1	none
40	C	T	16	0	0.0	16	none
66	C	T	65	0	0.0	65	none
90	G	A	80	0	0.0	80	none
97	A	G	85	0	0.0	85	none
111	T	C	105	0	0.0	105	none
120	T	C	116	0	0.0	116	none
121	C	T	119	0	0.0	119	none
140	C	T	137	0	0.0	137	none
186	C	A	179	0	0.0	179	none
187	A	G	175	0	0.0	175	none
204	G	T	180	0	0.0	180	none
210	G	T	182	0	0.0	182	none
211	T	C	182	0	0.0	182	none
241	C	T	185	0	0.0	185	none
285	G	T	161	0	0.0	161	none
313	C	T	133	0	0.0	133	none
374	G	A	136	0	0.0	136	none
376	G	T	130	1	0.007633587786259542	131	none
379	C	A	132	0	0.0	132	none
380	T	G	131	0	0.0	131	none
388	G	T	127	0	0.0	127	none
401	C	T	118	0	0.0	118	none
404	A	T	122	1	0.008130081300813009	123	none
482	C	T	188	0	0.0	188	none
490	T	A	196	0	0.0	196	none
527	C	T	195	1	0.00510204081632653	196	none
558	G	T	185	0	0.0	185	none
565	T	C	180	0	0.0	180	none
595	T	G	159	0	0.0	159	none
613	G	A	141	0	0.0	141	none
660	G	T	111	0	0.0	111	none
663	G	T	112	0	0.0	112	none
679	C	T	108	0	0.0	108	none
683	C	T	115	0	0.0	115	none
747	G	C	132	0	0.0	132	none
748	G	A	133	0	0.0	133	none
768	G	T	160	0	0.0	160	none
833	T	C	198	0	0.0	198	none
884	C	T	193	0	0.0	193	none
911	T	G	171	0	0.0	171	none
945	G	T	126	0	0.0	126	none
957	G	A	117	0	0.0	117	none
998	T	G	129	0	0.0	129	none
1015	A	G	117	0	0.0	117	none
1018	G	T	115	0	0.0	115	none
1059	C	T	147	0	0.0	147	none
1060	C	T	149	0	0.0	149	none
1076	C	T	165	0	0.0	165	none
1079	A	C	164	0	0.0	164	none
1080	A	T	169	0	0.0	169	none
1102	C	T	185	0	0.0	185	none
1115	A	G	169	2	0.011695906432748537	171	none
1150	C	T	181	0	0.0	181	none
1166	C	G	184	0	0.0	184	none
1181	G	T	183	0	0.0	183	none
1205	C	T	168	0	0.0	168	none
1308	A	G	108	0	0.0	108	none
1368	T	C	143	0	0.0	143	none
1379	G	C	154	0	0.0	154	none
1397	G	A	173	0	0.0	173	none
1403	C	T	176	0	0.0	176	none
1406	G	T	176	0	0.0	176	none
1427	C	T	173	1	0.005747126436781609	174	none
1440	G	A	180	0	0.0	180	none
1460	A	G	188	0	0.0	188	none
1488	G	T	178	0	0.0	178	none
1515	A	G	162	0	0.0	162	none
1547	A	G	131	0	0.0	131	none
1572	C	T	107	0	0.0	107	none
1589	G	T	95	0	0.0	95	none
1646	A	G	114	0	0.0	114	none
1676	G	T	147	0	0.0	147	none
1711	T	C	182	0	0.0	182	none
1723	T	C	201	0	0.0	201	none
1751	T	C	211	0	0.0	211	none
1787	A	G	204	0	0.0	204	none
1887	C	T	134	0	0.0	134	none
1899	G	T	136	0	0.0	136	none
1912	C	T	133	0	0.0	133	none
1914	G	A	132	0	0.0	132	none
1922	G	T	136	0	0.0	136	none
1929	C	T	129	0	0.0	129	none
2006	A	G	154	0	0.0	154	none
2036	G	T	169	0	0.0	169	none
2091	C	T	175	0	0.0	175	none
2110	C	T	177	0	0.0	177	none
2189	C	T	101	0	0.0	101	none
2198	G	A	99	0	0.0	99	none
2416	C	T	193	0	0.0	193	none
2434	C	T	181	0	0.0	181	none
2446	T	C	180	0	0.0	180	none
2455	C	T	175	0	0.0	175	none
2470	C	T	158	0	0.0	158	none
2476	A	G	155	0	0.0	155	none
2480	A	G	153	0	0.0	153	none
2507	C	T	119	0	0.0	119	none
2523	C	T	132	0	0.0	132	none
2528	G	A	131	0	0.0	131	none
2536	C	T	130	0	0.0	130	none
2558	C	T	133	0	0.0	133	none
2595	C	T	126	0	0.0	126	none
2604	G	T	137	0	0.0	137	none
2661	A	T	180	0	0.0	180	none
2702	T	G	184	0	0.0	184	none
2706	C	T	182	0	0.0	182	none
2709	T	A	179	0	0.0	179	none
2713	A	C	179	0	0.0	179	none
2737	T	A	175	0	0.0	175	none
2749	C	T	174	0	0.0	174	none
2769	G	C	159	0	0.0	159	none
2866	A	C	125	0	0.0	125	none
2868	T	A	127	0	0.0	127	none
2884	T	C	126	0	0.0	126	none
2891	G	A	132	0	0.0	132	none
2928	A	G	147	0	0.0	147	none
2992	T	C	190	0	0.0	190	none
3004	G	T	190	0	0.0	190	none
3014	G	A	190	0	0.0	190	none
3037	C	T	194	0	0.0	194	none
3042	C	A	195	0	0.0	195	none
3096	C	T	160	0	0.0	160	none
3099	C	T	159	0	0.0	159	none
3132	A	G	112	0	0.0	112	none
3165	C	T	116	0	0.0	116	none
3176	C	T	112	0	0.0	112	none
3177	C	T	112	0	0.0	112	none
3216	G	T	102	0	0.0	102	none
3253	C	T	154	0	0.0	154	none
3259	G	T	163	0	0.0	163	none
3307	G	A	198	0	0.0	198	none
3373	C	A	206	0	0.0	206	none
3406	A	C	171	0	0.0	171	none
3411	C	T	166	0	0.0	166	none
3419	G	A	157	0	0.0	157	none
3479	G	T	117	0	0.0	117	none
3520	T	C	101	0	0.0	101	none
3551	C	T	112	0	0.0	112	none
3564	G	T	132	0	0.0	132	none
3625	A	C	179	0	0.0	179	none
3634	C	T	176	0	0.0	176	none
3663	G	C	177	0	0.0	177	none
3671	G	T	178	0	0.0	178	none
3784	C	T	88	0	0.0	88	none
3796	C	T	84	0	0.0	84	none
3839	G	A	81	0	0.0	81	none
3871	G	T	107	0	0.0	107	none
3896	G	T	134	0	0.0	134	none
3932	G	C	159	0	0.0	159	none
3977	G	T	164	0	0.0	164	none
4015	A	G	164	0	0.0	164	none
4052	C	T	128	0	0.0	128	none
4071	C	T	127	0	0.0	127	none
4084	C	T	129	0	0.0	129	none
4180	G	A	167	0	0.0	167	none
4298	G	T	169	0	0.0	169	none
4301	C	T	170	0	0.0	170	none
4316	A	G	164	0	0.0	164	none
4400	C	T	144	0	0.0	144	none
4406	C	T	146	0	0.0	146	none
4523	G	A	135	0	0.0	135	none
4540	C	T	134	0	0.0	134	none
4589	A	T	99	0	0.0	99	none
4633	C	T	65	0	0.0	65	none
4649	G	T	63	0	0.0	63	none
4683	C	T	83	0	0.0	83	none
4698	C	T	98	0	0.0	98	none
4776	C	T	192	0	0.0	192	none
4866	G	T	202	0	0.0	202	none
4901	C	T	173	0	0.0	173	none
4908	G	T	162	0	0.0	162	none
4951	G	A	124	0	0.0	124	none
5156	G	T	188	0	0.0	188	none
5185	T	A	176	0	0.0	176	none
5196	G	T	162	0	0.0	162	none
5200	G	T	159	0	0.0	159	none
5211	C	T	153	0	0.0	153	none
5233	G	A	134	0	0.0	134	none
5348	C	T	22	0	0.0	22	none
5375	G	T	21	0	0.0	21	none
5387	G	A	20	0	0.0	20	none
5453	G	A	18	0	0.0	18	none
5525	A	C	17	0	0.0	17	none
5544	C	T	15	0	0.0	15	none
5572	G	T	20	0	0.0	20	none
5617	G	T	96	0	0.0	96	none
5657	G	A	148	0	0.0	148	none
5784	C	T	213	0	0.0	213	none
5796	C	T	212	0	0.0	212	none
5847	G	T	165	0	0.0	165	none
5869	C	T	133	0	0.0	133	none
5880	G	T	133	0	0.0	133	none
5884	C	T	139	0	0.0	139	none
6032	G	A	194	0	0.0	194	none
6040	C	T	193	0	0.0	193	none
6079	T	C	190	0	0.0	190	none
6170	G	T	132	0	0.0	132	none
6260	A	G	108	0	0.0	108	none
6310	C	A	132	0	0.0	132	none
6312	C	A	134	0	0.0	134	none
6335	T	C	138	0	0.0	138	none
6359	G	T	137	0	0.0	137	none
6445	C	T	85	0	0.0	85	none
6468	C	T	69	0	0.0	69	none
6483	G	T	84	0	0.0	84	none
6501	C	T	94	0	0.0	94	none
6504	C	T	97	0	0.0	97	none
6528	A	C	118	0	0.0	118	none
6638	C	T	200	0	0.0	200	none
6668	T	A	205	0	0.0	205	none
6701	C	T	206	0	0.0	206	none
6723	C	T	196	0	0.0	196	none
6760	T	C	170	0	0.0	170	none
6804	G	T	149	0	0.0	149	none
6814	T	C	142	0	0.0	142	none
6855	C	T	125	0	0.0	125	none
6867	A	G	111	0	0.0	111	none
6869	A	G	116	0	0.0	116	none
6945	T	C	115	0	0.0	115	none
6971	T	C	118	0	0.0	118	none
6975	G	T	117	0	0.0	117	none
6977	G	A	114	0	0.0	114	none
6990	C	T	108	0	0.0	108	none
6996	T	C	108	0	0.0	108	none
7007	G	A	104	0	0.0	104	none
7011	C	T	96	0	0.0	96	none
7017	G	T	98	0	0.0	98	none
7038	G	T	85	0	0.0	85	none
7042	G	T	82	0	0.0	82	none
7072	C	T	100	0	0.0	100	none
7093	C	T	91	0	0.0	91	none
7128	G	A	105	0	0.0	105	none
7165	C	T	140	0	0.0	140	none
7214	G	T	152	2	0.012987012987012988	154	none
7225	T	C	153	0	0.0	153	none
7334	C	T	124	0	0.0	124	none
7347	A	T	128	0	0.0	128	none
7355	C	T	136	0	0.0	136	none
7363	G	T	140	0	0.0	140	none
7382	C	A	148	0	0.0	148	none
7401	C	T	157	0	0.0	157	none
7405	G	T	150	2	0.013157894736842105	152	none
7420	C	T	169	0	0.0	169	none
7438	T	C	195	0	0.0	195	none
7479	A	G	214	0	0.0	214	none
7507	A	C	215	0	0.0	215	none
7514	A	C	213	0	0.0	213	none
7540	T	C	207	0	0.0	207	none
7553	G	A	196	0	0.0	196	none
7579	T	A	164	0	0.0	164	none
7585	A	C	155	0	0.0	155	none
7732	C	T	167	0	0.0	167	none
7786	A	T	224	0	0.0	224	none
7866	G	T	213	1	0.004672897196261682	214	none
7945	C	T	129	0	0.0	129	none
7953	A	G	124	0	0.0	124	none
8017	G	A	144	0	0.0	144	none
8024	G	T	146	0	0.0	146	none
8025	C	T	144	0	0.0	144	none
8027	G	T	149	0	0.0	149	none
8062	A	T	183	0	0.0	183	none
8092	C	T	212	0	0.0	212	none
8102	G	T	221	0	0.0	221	none
8111	G	A	217	0	0.0	217	none
8182	A	G	205	0	0.0	205	none
8242	T	C	149	0	0.0	149	none
8286	T	C	144	0	0.0	144	none
8289	T	C	139	0	0.0	139	none
8359	T	C	169	0	0.0	169	none
8371	G	T	177	1	0.0056179775280898875	178	none
8615	G	A	101	0	0.0	101	none
8628	A	T	93	0	0.0	93	none
8653	G	T	73	0	0.0	73	none
8676	G	T	83	0	0.0	83	none
8696	G	T	109	0	0.0	109	none
8782	C	T	0	162	1.0	162	clonal
8790	G	T	171	0	0.0	171	none
8884	A	T	126	0	0.0	126	none
8892	C	T	115	0	0.0	115	none
8950	C	T	142	0	0.0	142	none
9092	G	A	205	0	0.0	205	none
9129	T	C	199	0	0.0	199	none
9141	G	T	185	0	0.0	185	none
9170	C	T	158	0	0.0	158	none
9180	C	T	147	0	0.0	147	none
9223	C	T	132	0	0.0	132	none
9249	G	T	128	0	0.0	128	none
9286	C	T	138	0	0.0	138	none
9307	A	G	163	0	0.0	163	none
9319	C	T	176	0	0.0	176	none
9333	C	T	185	0	0.0	185	none
9389	G	T	217	0	0.0	217	none
9430	C	A	213	0	0.0	213	none
9477	T	A	167	0	0.0	167	none
9561	C	T	181	0	0.0	181	none
9655	T	C	229	0	0.0	229	none
9749	A	G	175	0	0.0	175	none
9803	C	T	116	0	0.0	116	none
9939	G	T	143	0	0.0	143	none
9967	C	T	158	0	0.0	158	none
10024	A	T	159	0	0.0	159	none
10038	C	T	145	0	0.0	145	none
10081	A	G	106	0	0.0	106	none
10084	T	C	105	0	0.0	105	none
10098	G	T	126	0	0.0	126	none
10102	T	C	130	0	0.0	130	none
10167	G	T	154	0	0.0	154	none
10252	C	T	213	0	0.0	213	none
10265	G	A	207	0	0.0	207	none
10266	G	T	210	0	0.0	210	none
10350	C	T	152	0	0.0	152	none
10368	G	A	1	133	0.9925373134328358	134	clonal
10422	C	T	141	0	0.0	141	none
10433	C	T	143	0	0.0	143	none
10480	T	C	149	0	0.0	149	none
10528	T	G	198	0	0.0	198	none
10712	C	T	121	0	0.0	121	none
10754	G	T	118	0	0.0	118	none
10771	T	C	129	0	0.0	129	none
10773	A	C	130	0	0.0	130	none
10779	T	A	139	0	0.0	139	none
10817	G	C	170	0	0.0	170	none
10851	C	T	168	0	0.0	168	none
10870	G	T	173	0	0.0	173	none
10930	A	G	154	0	0.0	154	none
10956	C	T	127	0	0.0	127	none
10986	G	T	109	0	0.0	109	none
11058	C	T	113	0	0.0	113	none
11074	C	T	107	0	0.0	107	none
11077	T	C	106	0	0.0	106	none
11083	G	T	125	0	0.0	125	none
11089	A	G	132	0	0.0	132	none
11113	G	T	169	2	0.011695906432748537	171	none
11131	T	A	196	1	0.005076142131979695	197	none
11147	T	C	211	0	0.0	211	none
11148	T	C	210	0	0.0	210	none
11161	G	T	216	0	0.0	216	none
11182	T	C	223	0	0.0	223	none
11195	C	T	225	0	0.0	225	none
11224	C	T	225	0	0.0	225	none
11335	G	T	205	0	0.0	205	none
11364	T	G	210	0	0.0	210	none
11376	G	T	198	0	0.0	198	none
11410	G	A	190	0	0.0	190	none
11417	G	T	195	1	0.00510204081632653	196	none
11418	T	C	195	0	0.0	195	none
11454	C	A	217	0	0.0	217	none
11471	C	T	224	0	0.0	224	none
11511	C	G	216	0	0.0	216	none
11515	T	A	213	0	0.0	213	none
11535	G	T	211	0	0.0	211	none
11562	G	C	184	0	0.0	184	none
11638	T	C	190	0	0.0	190	none
11669	C	A	196	1	0.005076142131979695	197	none
11671	C	T	196	0	0.0	196	none
11737	T	C	220	0	0.0	220	none
11833	C	T	182	0	0.0	182	none
11849	A	G	162	0	0.0	162	none
11919	C	T	146	0	0.0	146	none
11941	C	T	129	0	0.0	129	none
11943	A	G	129	0	0.0	129	none
11959	T	C	151	0	0.0	151	none
12041	G	T	212	0	0.0	212	none
12052	G	T	210	0	0.0	210	none
12141	C	A	192	0	0.0	192	none
12164	G	T	186	0	0.0	186	none
12274	G	T	201	0	0.0	201	none
12357	C	T	187	0	0.0	187	none
12398	C	T	138	0	0.0	138	none
12415	C	T	123	0	0.0	123	none
12478	G	A	135	0	0.0	135	none
12491	G	T	131	0	0.0	131	none
12565	G	A	219	0	0.0	219	none
12728	G	A	155	0	0.0	155	none
12741	C	T	164	0	0.0	164	none
12748	T	C	162	1	0.006134969325153374	163	none
12781	C	T	156	0	0.0	156	none
12809	C	T	138	0	0.0	138	none
12824	G	A	145	0	0.0	145	none
12863	G	A	178	0	0.0	178	none
12933	C	T	179	0	0.0	179	none
12970	C	T	151	0	0.0	151	none
13024	A	G	143	0	0.0	143	none
13047	C	T	155	0	0.0	155	none
13078	T	C	158	0	0.0	158	none
13112	T	A	185	0	0.0	185	none
13118	G	T	190	0	0.0	190	none
13126	G	A	193	0	0.0	193	none
13179	G	A	217	0	0.0	217	none
13193	G	T	218	0	0.0	218	none
13240	G	T	224	0	0.0	224	none
13280	C	T	189	0	0.0	189	none
13345	T	C	136	0	0.0	136	none
13450	T	C	125	1	0.007936507936507936	126	none
13452	C	A	125	0	0.0	125	none
13454	C	T	128	0	0.0	128	none
13506	C	T	128	0	0.0	128	none
13507	G	T	128	0	0.0	128	none
13571	G	T	111	0	0.0	111	none
13627	G	T	112	0	0.0	112	none
13687	G	T	134	0	0.0	134	none
13721	C	T	169	0	0.0	169	none
13730	C	T	186	0	0.0	186	none
13740	C	T	196	0	0.0	196	none
13850	G	T	196	0	0.0	196	none
13949	A	C	124	0	0.0	124	none
13951	A	T	128	0	0.0	128	none
13975	G	A	120	0	0.0	120	none
13990	C	T	125	0	0.0	125	none
14140	G	T	206	0	0.0	206	none
14183	C	T	168	0	0.0	168	none
14188	G	T	164	0	0.0	164	none
14192	T	C	158	0	0.0	158	none
14198	C	T	153	0	0.0	153	none
14224	A	G	145	0	0.0	145	none
14225	C	A	145	1	0.00684931506849315	146	none
14277	G	T	137	0	0.0	137	none
14308	T	G	147	0	0.0	147	none
14313	T	C	154	0	0.0	154	none
14408	C	T	203	0	0.0	203	none
14428	G	T	206	0	0.0	206	none
14536	C	T	119	0	0.0	119	none
14548	G	A	99	0	0.0	99	none
14555	T	C	108	0	0.0	108	none
14688	C	T	188	0	0.0	188	none
14712	G	A	205	0	0.0	205	none
14724	C	T	204	0	0.0	204	none
14786	C	T	196	0	0.0	196	none
14805	C	T	178	0	0.0	178	none
14877	C	T	110	0	0.0	110	none
14926	A	T	105	0	0.0	105	none
14935	G	T	118	0	0.0	118	none
14968	G	C	152	0	0.0	152	none
15075	G	T	191	0	0.0	191	none
15095	A	C	185	0	0.0	185	none
15205	A	G	0	123	1.0	123	clonal
15222	C	T	132	0	0.0	132	none
15277	C	T	169	0	0.0	169	none
15324	C	T	223	0	0.0	223	none
15359	G	A	221	1	0.0045045045045045045	222	none
15371	C	T	223	0	0.0	223	none
15540	C	T	140	0	0.0	140	none
15579	C	T	155	0	0.0	155	none
15607	T	C	193	0	0.0	193	none
15649	G	T	218	0	0.0	218	none
15677	A	G	226	1	0.004405286343612335	227	none
15760	G	A	197	0	0.0	197	none
15769	G	T	185	0	0.0	185	none
15840	G	T	109	2	0.018018018018018018	111	none
15896	T	C	121	0	0.0	121	none
15898	G	T	121	0	0.0	121	none
15900	T	C	129	0	0.0	129	none
15982	G	T	222	0	0.0	222	none
16028	C	T	230	0	0.0	230	none
16068	G	T	214	0	0.0	214	none
16197	G	T	154	0	0.0	154	none
16206	G	T	156	0	0.0	156	none
16222	C	T	175	0	0.0	175	none
16289	C	T	217	0	0.0	217	none
16381	G	A	205	0	0.0	205	none
16386	C	T	200	0	0.0	200	none
16432	G	T	165	0	0.0	165	none
16466	C	T	171	0	0.0	171	none
16498	C	T	140	0	0.0	140	none
16508	G	T	141	0	0.0	141	none
16663	G	T	217	0	0.0	217	none
16665	G	T	216	0	0.0	216	none
16733	C	T	162	0	0.0	162	none
16787	G	T	156	0	0.0	156	none
16848	C	T	167	0	0.0	167	none
16900	G	A	222	0	0.0	222	none
16995	C	T	236	0	0.0	236	none
17089	G	T	175	0	0.0	175	none
17096	G	T	178	0	0.0	178	none
17104	C	T	166	0	0.0	166	none
17105	A	T	171	0	0.0	171	none
17172	C	T	168	0	0.0	168	none
17180	A	G	185	0	0.0	185	none
17193	G	T	200	0	0.0	200	none
17226	T	C	223	1	0.004464285714285714	224	none
17247	T	C	222	0	0.0	222	none
17288	C	T	231	0	0.0	231	none
17304	C	T	220	0	0.0	220	none
17339	C	T	184	0	0.0	184	none
17373	C	T	135	0	0.0	135	none
17375	C	T	135	0	0.0	135	none
17539	G	A	208	0	0.0	208	none
17550	C	T	209	0	0.0	209	none
17562	G	T	204	0	0.0	204	none
17569	C	T	0	198	1.0	198	clonal
17615	A	G	198	0	0.0	198	none
17639	C	T	172	0	0.0	172	none
17688	T	C	131	0	0.0	131	none
17705	G	T	132	1	0.007518796992481203	133	none
17722	G	A	135	0	0.0	135	none
17730	A	T	132	0	0.0	132	none
17747	C	T	122	0	0.0	122	none
17825	C	T	181	0	0.0	181	none
17847	G	A	172	0	0.0	172	none
17848	G	T	173	0	0.0	173	none
17849	G	T	173	0	0.0	173	none
17858	A	G	173	0	0.0	173	none
17877	T	C	168	0	0.0	168	none
17882	C	T	166	0	0.0	166	none
17898	C	T	161	0	0.0	161	none
17944	G	T	131	0	0.0	131	none
17985	C	T	109	0	0.0	109	none
17993	A	G	110	0	0.0	110	none
18022	A	G	115	0	0.0	115	none
18060	C	T	135	0	0.0	135	none
18086	C	A	164	0	0.0	164	none
18088	G	T	164	0	0.0	164	none
18170	G	T	197	0	0.0	197	none
18180	G	A	188	0	0.0	188	none
18213	G	T	174	0	0.0	174	none
18290	G	C	149	0	0.0	149	none
18297	G	T	155	0	0.0	155	none
18318	G	T	153	0	0.0	153	none
18331	A	T	151	0	0.0	151	none
18334	G	A	146	0	0.0	146	none
18337	G	T	138	0	0.0	138	none
18348	C	T	146	0	0.0	146	none
18354	A	C	150	0	0.0	150	none
18381	T	C	179	0	0.0	179	none
18431	C	T	208	0	0.0	208	none
18457	C	T	217	0	0.0	217	none
18589	G	T	122	0	0.0	122	none
18679	G	C	112	0	0.0	112	none
18680	C	T	113	0	0.0	113	none
18685	T	C	119	0	0.0	119	none
18697	G	A	131	0	0.0	131	none
18723	T	C	163	0	0.0	163	none
18736	T	C	176	0	0.0	176	none
18747	C	T	185	1	0.005376344086021506	186	none
18750	T	C	192	0	0.0	192	none
18760	A	G	196	0	0.0	196	none
18763	A	T	194	0	0.0	194	none
18768	T	C	196	0	0.0	196	none
18795	C	T	194	0	0.0	194	none
18814	C	T	193	0	0.0	193	none
18816	G	C	194	0	0.0	194	none
18828	C	T	188	0	0.0	188	none
18877	C	T	142	0	0.0	142	none
18928	C	T	138	0	0.0	138	none
18974	T	A	116	0	0.0	116	none
18985	G	T	135	0	0.0	135	none
19013	A	G	169	0	0.0	169	none
19065	T	C	203	0	0.0	203	none
19086	G	T	199	0	0.0	199	none
19175	A	G	172	0	0.0	172	none
19185	C	T	157	0	0.0	157	none
19218	T	C	123	0	0.0	123	none
19252	G	T	132	0	0.0	132	none
19310	A	C	133	0	0.0	133	none
19337	A	G	151	0	0.0	151	none
19349	T	A	163	0	0.0	163	none
19366	C	T	173	0	0.0	173	none
19480	G	T	147	0	0.0	147	none
19488	C	T	141	0	0.0	141	none
19524	C	T	108	0	0.0	108	none
19555	T	C	74	0	0.0	74	none
19576	C	T	86	0	0.0	86	none
19586	C	T	100	0	0.0	100	none
19679	G	T	170	1	0.005847953216374269	171	none
19684	G	T	176	0	0.0	176	none
19694	C	T	187	0	0.0	187	none
19713	T	C	198	0	0.0	198	none
19763	C	T	205	0	0.0	205	none
19788	G	T	206	0	0.0	206	none
19839	T	C	166	0	0.0	166	none
19862	C	T	163	0	0.0	163	none
19870	G	T	157	0	0.0	157	none
19893	T	C	163	0	0.0	163	none
20098	G	A	194	0	0.0	194	none
20128	G	T	164	0	0.0	164	none
20221	C	T	95	0	0.0	95	none
20233	C	T	98	0	0.0	98	none
20236	A	G	91	0	0.0	91	none
20237	G	T	92	0	0.0	92	none
20240	G	A	95	0	0.0	95	none
20247	G	T	92	0	0.0	92	none
20268	A	G	109	0	0.0	109	none
20281	T	C	122	0	0.0	122	none
20316	C	T	162	0	0.0	162	none
20329	T	C	174	0	0.0	174	none
20352	G	C	174	1	0.005714285714285714	175	none
20378	G	T	180	0	0.0	180	none
20445	T	C	148	0	0.0	148	none
20483	C	T	124	0	0.0	124	none
20560	G	T	150	0	0.0	150	none
20564	C	T	146	0	0.0	146	none
20578	G	T	165	0	0.0	165	none
20603	C	T	185	0	0.0	185	none
20647	C	A	209	0	0.0	209	none
20660	C	T	213	0	0.0	213	none
20703	C	T	221	0	0.0	221	none
20736	C	T	208	0	0.0	208	none
20742	A	G	203	1	0.004901960784313725	204	none
20755	A	C	195	0	0.0	195	none
20773	G	A	171	0	0.0	171	none
20887	G	A	149	0	0.0	149	none
20931	G	T	198	0	0.0	198	none
21100	G	T	131	0	0.0	131	none
21123	G	T	130	0	0.0	130	none
21137	A	G	124	0	0.0	124	none
21139	C	T	125	0	0.0	125	none
21147	T	G	126	0	0.0	126	none
21267	A	G	173	1	0.005747126436781609	174	none
21301	C	A	171	0	0.0	171	none
21363	T	C	104	0	0.0	104	none
21417	A	T	91	0	0.0	91	none
21567	T	C	159	0	0.0	159	none
21575	C	T	151	0	0.0	151	none
21630	A	G	129	0	0.0	129	none
21642	C	T	119	0	0.0	119	none
21648	C	T	114	0	0.0	114	none
21710	T	C	120	0	0.0	120	none
21711	C	T	120	0	0.0	120	none
21714	C	T	124	0	0.0	124	none
21728	T	C	124	0	0.0	124	none
21736	C	T	116	0	0.0	116	none
21789	C	T	185	0	0.0	185	none
21795	G	A	186	0	0.0	186	none
21855	C	T	215	0	0.0	215	none
21898	G	T	185	0	0.0	185	none
21980	T	G	84	0	0.0	84	none
21998	C	T	75	0	0.0	75	none
22000	C	A	79	0	0.0	79	none
22018	G	T	74	0	0.0	74	none
22088	C	T	104	0	0.0	104	none
22127	C	T	121	0	0.0	121	none
22133	G	A	119	0	0.0	119	none
22137	T	C	118	0	0.0	118	none
22176	C	T	113	0	0.0	113	none
22224	C	T	98	0	0.0	98	none
22227	C	T	98	0	0.0	98	none
22257	G	T	83	0	0.0	83	none
22281	C	T	64	0	0.0	64	none
22303	T	G	58	0	0.0	58	none
22316	G	A	51	0	0.0	51	none
22323	C	T	43	0	0.0	43	none
22326	C	T	43	0	0.0	43	none
22335	G	T	39	0	0.0	39	none
22338	C	T	38	0	0.0	38	none
22346	G	A	33	0	0.0	33	none
22357	T	C	39	0	0.0	39	none
22452	C	T	53	0	0.0	53	none
22468	G	T	57	0	0.0	57	none
22480	C	T	62	0	0.0	62	none
22499	T	C	62	0	0.0	62	none
22509	C	T	59	0	0.0	59	none
22524	A	T	57	0	0.0	57	none
22623	A	G	158	0	0.0	158	none
22693	T	G	197	0	0.0	197	none
22709	T	C	188	0	0.0	188	none
22712	C	T	188	0	0.0	188	none
22735	C	T	188	0	0.0	188	none
22754	G	T	186	0	0.0	186	none
22798	A	G	137	1	0.007246376811594203	138	none
22838	C	T	96	0	0.0	96	none
22915	C	T	15	0	0.0	15	none
22918	G	T	14	0	0.0	14	none
22937	T	C	18	0	0.0	18	none
22955	G	T	22	0	0.0	22	none
22965	T	C	20	0	0.0	20	none
22992	G	C	23	0	0.0	23	none
23010	T	C	21	0	0.0	21	none
23016	G	T	22	0	0.0	22	none
23103	C	T	15	0	0.0	15	none
23126	G	C	14	0	0.0	14	none
23162	G	T	56	0	0.0	56	none
23206	C	T	116	0	0.0	116	none
23244	C	T	164	0	0.0	164	none
23288	G	T	209	0	0.0	209	none
23302	G	T	210	0	0.0	210	none
23332	T	C	218	0	0.0	218	none
23334	C	T	216	0	0.0	216	none
23335	T	A	218	0	0.0	218	none
23343	G	T	211	0	0.0	211	none
23403	A	G	183	0	0.0	183	none
23416	A	T	169	0	0.0	169	none
23422	C	T	162	0	0.0	162	none
23423	C	T	149	0	0.0	149	none
23439	C	T	133	0	0.0	133	none
23460	G	T	129	0	0.0	129	none
23505	G	T	130	0	0.0	130	none
23525	C	T	125	0	0.0	125	none
23557	C	T	165	0	0.0	165	none
23584	T	C	192	0	0.0	192	none
23593	G	T	195	0	0.0	195	none
23606	C	T	203	0	0.0	203	none
23635	C	T	209	0	0.0	209	none
23673	C	T	204	0	0.0	204	none
23679	C	T	203	0	0.0	203	none
23699	G	C	189	0	0.0	189	none
23703	T	C	180	1	0.0055248618784530384	181	none
23707	C	T	175	0	0.0	175	none
23747	G	T	131	0	0.0	131	none
23755	G	T	121	0	0.0	121	none
23758	C	T	114	0	0.0	114	none
23766	C	T	107	0	0.0	107	none
23797	T	C	69	0	0.0	69	none
23816	C	T	80	0	0.0	80	none
23883	A	T	126	0	0.0	126	none
23929	C	T	180	0	0.0	180	none
23934	C	T	186	0	0.0	186	none
23965	T	A	200	0	0.0	200	none
23984	G	A	197	0	0.0	197	none
24026	C	T	190	0	0.0	190	none
24034	C	T	184	0	0.0	184	none
24040	G	T	178	0	0.0	178	none
24099	C	T	137	0	0.0	137	none
24121	A	G	146	0	0.0	146	none
24186	C	T	160	0	0.0	160	none
24236	G	T	200	0	0.0	200	none
24325	A	G	189	0	0.0	189	none
24378	C	T	133	0	0.0	133	none
24386	G	T	120	0	0.0	120	none
24395	C	T	111	0	0.0	111	none
24404	C	T	116	0	0.0	116	none
24433	A	G	121	0	0.0	121	none
24483	C	T	128	0	0.0	128	none
24508	A	G	146	0	0.0	146	none
24557	G	T	191	0	0.0	191	none
24579	C	T	191	0	0.0	191	none
24585	T	C	193	1	0.005154639175257732	194	none
24694	A	T	135	0	0.0	135	none
24707	C	T	155	0	0.0	155	none
24734	C	T	169	0	0.0	169	none
24794	G	T	174	0	0.0	174	none
24797	C	T	176	0	0.0	176	none
24816	G	A	203	0	0.0	203	none
24844	C	T	222	0	0.0	222	none
24847	T	A	224	0	0.0	224	none
24903	T	C	224	0	0.0	224	none
24914	G	C	221	0	0.0	221	none
24933	G	T	213	0	0.0	213	none
25048	A	T	155	0	0.0	155	none
25049	G	T	155	0	0.0	155	none
25050	A	G	160	0	0.0	160	none
25080	A	C	145	0	0.0	145	none
25098	T	C	162	0	0.0	162	none
25132	C	A	193	0	0.0	193	none
25160	C	T	202	0	0.0	202	none
25174	A	C	203	0	0.0	203	none
25183	G	T	200	1	0.004975124378109453	201	none
25207	C	T	184	0	0.0	184	none
25231	C	T	162	0	0.0	162	none
25250	G	T	148	0	0.0	148	none
25292	C	G	111	0	0.0	111	none
25307	T	C	107	0	0.0	107	none
25319	T	A	100	0	0.0	100	none
25340	G	A	112	0	0.0	112	none
25344	C	T	124	0	0.0	124	none
25350	C	T	126	0	0.0	126	none
25399	T	G	175	0	0.0	175	none
25413	C	T	191	0	0.0	191	none
25429	G	T	205	0	0.0	205	none
25449	A	G	214	0	0.0	214	none
25452	C	T	216	0	0.0	216	none
25473	T	C	216	0	0.0	216	none
25476	T	C	216	0	0.0	216	none
25500	G	T	214	1	0.004651162790697674	215	none
25521	C	T	207	0	0.0	207	none
25528	C	T	198	0	0.0	198	none
25538	G	A	190	0	0.0	190	none
25552	G	T	170	0	0.0	170	none
25563	G	T	158	1	0.006289308176100629	159	none
25571	C	T	146	0	0.0	146	none
25572	C	T	144	0	0.0	144	none
25587	C	T	127	0	0.0	127	none
25593	G	C	119	0	0.0	119	none
25626	C	T	103	0	0.0	103	none
25644	G	T	100	0	0.0	100	none
25673	T	C	91	0	0.0	91	none
25710	C	T	130	0	0.0	130	none
25721	C	T	143	0	0.0	143	none
25725	A	G	147	0	0.0	147	none
25763	T	C	167	0	0.0	167	none
25820	C	A	161	0	0.0	161	none
25886	C	T	115	0	0.0	115	none
25916	C	T	112	0	0.0	112	none
25931	C	T	122	0	0.0	122	none
25942	T	C	138	0	0.0	138	none
25956	T	C	139	0	0.0	139	none
25968	A	G	144	0	0.0	144	none
25979	G	T	150	1	0.006622516556291391	151	none
26028	C	T	197	0	0.0	197	none
26035	T	C	202	1	0.0049261083743842365	203	none
26088	C	T	0	221	1.0	221	clonal
26094	T	C	224	0	0.0	224	none
26102	T	A	223	0	0.0	223	none
26130	T	C	225	0	0.0	225	none
26131	C	T	225	0	0.0	225	none
26144	G	T	226	0	0.0	226	none
26211	G	T	185	0	0.0	185	none
26262	G	C	181	0	0.0	181	none
26326	C	T	174	0	0.0	174	none
26338	G	T	181	0	0.0	181	none
26370	C	T	194	0	0.0	194	none
26395	C	T	191	0	0.0	191	none
26398	G	A	192	0	0.0	192	none
26409	T	C	188	0	0.0	188	none
26425	C	T	186	0	0.0	186	none
26439	G	T	172	1	0.005780346820809248	173	none
26447	C	T	170	0	0.0	170	none
26461	C	T	156	0	0.0	156	none
26464	C	T	153	0	0.0	153	none
26499	C	T	109	0	0.0	109	none
26530	A	G	92	0	0.0	92	none
26558	G	T	121	0	0.0	121	none
26568	C	T	124	0	0.0	124	none
26570	C	T	123	0	0.0	123	none
26625	C	T	170	0	0.0	170	none
26681	C	T	225	0	0.0	225	none
26684	C	T	225	0	0.0	225	none
26713	G	T	233	0	0.0	233	none
26724	G	T	235	0	0.0	235	none
26729	T	C	234	0	0.0	234	none
26818	C	T	162	0	0.0	162	none
26839	C	T	139	0	0.0	139	none
26842	G	T	139	0	0.0	139	none
26846	C	T	138	1	0.007194244604316547	139	none
26864	A	G	125	0	0.0	125	none
26877	C	T	122	0	0.0	122	none
26885	C	T	115	0	0.0	115	none
26898	G	A	103	0	0.0	103	none
26907	C	T	88	0	0.0	88	none
26943	G	T	109	0	0.0	109	none
27033	G	T	148	0	0.0	148	none
27046	C	T	147	2	0.013422818791946308	149	none
27163	G	T	116	0	0.0	116	none
27179	G	T	117	0	0.0	117	none
27217	G	T	116	0	0.0	116	none
27233	T	C	135	0	0.0	135	none
27235	G	T	134	0	0.0	134	none
27281	G	T	162	0	0.0	162	none
27366	G	T	183	0	0.0	183	none
27384	T	C	182	0	0.0	182	none
27389	C	T	175	0	0.0	175	none
27406	C	T	156	0	0.0	156	none
27493	C	T	149	0	0.0	149	none
27500	C	T	146	0	0.0	146	none
27546	T	C	158	0	0.0	158	none
27559	C	T	168	0	0.0	168	none
27600	C	T	190	1	0.005235602094240838	191	none
27602	G	T	187	0	0.0	187	none
27635	C	T	192	0	0.0	192	none
27654	C	T	196	0	0.0	196	none
27676	G	T	190	1	0.005235602094240838	191	none
27688	C	T	191	0	0.0	191	none
27697	C	T	192	0	0.0	192	none
27727	C	T	171	0	0.0	171	none
27732	C	G	166	0	0.0	166	none
27804	C	T	137	0	0.0	137	none
27845	C	T	135	0	0.0	135	none
27911	C	T	208	0	0.0	208	none
27923	C	T	218	0	0.0	218	none
27944	C	T	225	0	0.0	225	none
27964	C	T	218	0	0.0	218	none
27966	T	C	224	0	0.0	224	none
27971	T	C	223	0	0.0	223	none
27996	G	T	225	0	0.0	225	none
28028	G	T	203	0	0.0	203	none
28077	G	C	157	0	0.0	157	none
28079	G	T	153	1	0.006493506493506494	154	none
28086	G	T	143	0	0.0	143	none
28089	G	T	144	0	0.0	144	none
28093	C	T	155	0	0.0	155	none
28107	C	T	166	0	0.0	166	none
28137	T	C	160	0	0.0	160	none
28144	T	C	0	141	1.0	141	clonal
28178	G	A	158	0	0.0	158	none
28183	G	A	164	0	0.0	164	none
28232	C	T	212	0	0.0	212	none
28233	G	T	213	0	0.0	213	none
28237	G	T	215	0	0.0	215	none
28253	C	T	207	1	0.004807692307692308	208	none
28311	C	T	210	0	0.0	210	none
28315	C	T	211	0	0.0	211	none
28338	A	G	183	0	0.0	183	none
28346	G	T	170	1	0.005847953216374269	171	none
28357	G	T	161	0	0.0	161	none
28368	G	T	150	0	0.0	150	none
28378	G	T	135	0	0.0	135	none
28451	G	C	142	0	0.0	142	none
28466	A	T	149	0	0.0	149	none
28468	A	T	142	0	0.0	142	none
28479	G	T	151	1	0.006578947368421052	152	none
28517	G	T	187	2	0.010582010582010581	189	none
28528	C	T	205	0	0.0	205	none
28557	G	T	225	0	0.0	225	none
28559	G	T	225	0	0.0	225	none
28567	C	T	224	0	0.0	224	none
28583	C	T	220	0	0.0	220	none
28603	C	T	220	0	0.0	220	none
28632	G	T	207	1	0.004807692307692308	208	none
28638	C	T	204	0	0.0	204	none
28651	C	T	189	1	0.005263157894736842	190	none
28657	C	T	181	1	0.005494505494505495	182	none
28659	G	A	174	0	0.0	174	none
28688	T	C	147	0	0.0	147	none
28690	G	T	149	0	0.0	149	none
28727	G	T	129	0	0.0	129	none
28736	G	T	124	0	0.0	124	none
28743	T	C	120	0	0.0	120	none
28756	T	C	110	0	0.0	110	none
28786	C	T	93	0	0.0	93	none
28801	C	A	103	0	0.0	103	none
28805	G	A	102	0	0.0	102	none
28826	C	T	119	0	0.0	119	none
28842	G	T	125	0	0.0	125	none
28853	T	G	127	0	0.0	127	none
28854	C	T	123	0	0.0	123	none
28861	T	C	125	0	0.0	125	none
28863	C	T	126	0	0.0	126	none
28866	C	T	125	0	0.0	125	none
28868	C	A	122	0	0.0	122	none
28871	G	A	125	0	0.0	125	none
28878	G	A	126	0	0.0	126	none
28881	G	A	121	0	0.0	121	none
28882	G	A	120	0	0.0	120	none
28883	G	C	120	0	0.0	120	none
28885	A	G	1	119	0.9916666666666667	120	clonal
28887	C	T	124	0	0.0	124	none
28890	C	T	125	0	0.0	125	none
28896	C	G	124	0	0.0	124	none
28916	G	A	117	0	0.0	117	none
28963	T	A	89	0	0.0	89	none
28999	A	C	73	0	0.0	73	none
29002	C	T	79	0	0.0	79	none
29039	A	T	94	1	0.010526315789473684	95	none
29085	C	T	134	0	0.0	134	none
29095	C	T	144	0	0.0	144	none
29119	C	T	182	0	0.0	182	none
29202	G	T	188	0	0.0	188	none
29212	G	T	191	0	0.0	191	none
29215	C	T	189	0	0.0	189	none
29219	G	T	189	0	0.0	189	none
29247	C	T	170	0	0.0	170	none
29253	C	T	162	0	0.0	162	none
29259	C	T	157	0	0.0	157	none
29353	C	T	101	0	0.0	101	none
29395	G	C	118	0	0.0	118	none
29451	C	T	178	0	0.0	178	none
29456	C	T	181	0	0.0	181	none
29482	C	T	184	0	0.0	184	none
29509	C	T	185	0	0.0	185	none
29514	C	A	184	0	0.0	184	none
29515	T	A	181	0	0.0	181	none
29517	A	G	183	0	0.0	183	none
29540	G	T	183	0	0.0	183	none
29548	C	T	181	0	0.0	181	none
29580	C	A	160	0	0.0	160	none
29585	C	T	154	0	0.0	154	none
29608	C	T	145	0	0.0	145	none
29614	C	T	140	0	0.0	140	none
29625	C	T	143	0	0.0	143	none
29635	C	T	139	0	0.0	139	none
29640	C	T	138	0	0.0	138	none
29642	C	T	136	0	0.0	136	none
29679	C	T	120	0	0.0	120	none
29682	T	C	119	0	0.0	119	none
29683	A	G	117	0	0.0	117	none
29686	C	T	108	0	0.0	108	none
29692	G	T	110	0	0.0	110	none
29700	A	G	109	1	0.00909090909090909	110	none
29706	G	T	112	0	0.0	112	none
29708	C	T	116	0	0.0	116	none
29724	C	T	111	0	0.0	111	none
29734	G	C	107	0	0.0	107	none
29739	C	T	99	0	0.0	99	none
29742	G	T	102	0	0.0	102	none
29743	C	T	99	0	0.0	99	none
29747	G	T	97	0	0.0	97	none
29751	G	T	95	0	0.0	95	none
29759	G	A	86	0	0.0	86	none
29774	C	T	79	0	0.0	79	none
29778	G	T	73	0	0.0	73	none
29781	G	T	71	0	0.0	71	none
29792	A	G	65	0	0.0	65	none
29808	G	T	46	0	0.0	46	none
29825	G	A	37	0	0.0	37	none
29837	C	T	27	0	0.0	27	none
29857	C	T	1	0	0.0	1	none
