pos	ref	alt	gene	N/S	AA	nSRAsubclonal	nSRAclonal	nSRA	nConsensus	SRR11059940|China:Wuhan	SRR11059942|China:Wuhan	SRR11059943|China:Wuhan	SRR11059944|China:Wuhan	SRR11059945|China:Wuhan	SRR11059946|China:Wuhan	SRR11059947|China:Wuhan	SRR11092062|China: Wuhan	SRR11140750|USA:WI:Madison	SRR11177792|Nepal: Kathmandu	SRR11241254|USA: Seattle, WA	SRR11241255|USA: Seattle, WA	SRR11247076|USA: WA	SRR11247077|USA: WA	SRR11247078|USA: WA	SRR11278091|USA:WA	SRR11278164|USA:WA	SRR11278166|USA:WA	SRR11278167|USA:WA	SRR11314339|nan	SRR11393704|USA	SRR11397412|USA:Hayward	SRR11397413|USA:Hayward	SRR11397414|USA:Hayward	SRR11397416|USA:Hayward	SRR11397417|USA:Hayward	SRR11397714|Australia: Melbourne, Victoria	SRR11397715|Australia: Melbourne, Victoria	SRR11397716|Australia: Melbourne, Victoria	SRR11397717|Australia: Melbourne, Victoria	SRR11397718|Australia: Melbourne, Victoria	SRR11397719|Australia: Melbourne, Victoria	SRR11397720|Australia: Melbourne, Victoria	SRR11397721|Australia: Melbourne, Victoria	SRR11397728|Australia: Melbourne, Victoria	SRR11397729|Australia: Melbourne, Victoria	SRR11397730|Australia: Melbourne, Victoria	SRR11410528|USA	SRR11410532|USA	SRR11410536|USA	SRR11410538|USA	SRR11410540|USA	SRR11410541|USA	SRR11426414|Germany: Starnberg	SRR11426415|Germany: Starnberg	SRR11426416|Germany: Starnberg	SRR11426417|Germany: Starnberg	SRR11426418|Germany: Starnberg	SRR11426419|Germany: Starnberg	SRR11454607|China: Hubei	SRR11454608|China: Hubei	SRR11454609|China: Hubei	SRR11454610|China: Hubei	SRR11454613|China: Hubei	SRR11454614|China: Hubei	SRR11454615|China: Hubei
7	G	A	noncoding	N/A	N/A	1	0	1	0	0.0	NULL	NULL	0.0	NULL	0.0	0.0	NULL	0.0	0.0	0.0	0.0	0.0	0.0	0.07692307692307693	0.0	0.0	0.0	0.0	0.0	0.0	NULL	NULL	NULL	NULL	NULL	NULL	NULL	NULL	NULL	NULL	NULL	NULL	NULL	NULL	NULL	NULL	0.0	NULL	0.0	NULL	NULL	NULL	0.0	NULL	0.004132231404958678	0.0	0.0	0.504424778761062	NULL	0.0	NULL	NULL	0.0	0.0	0.0
8	G	C	noncoding	N/A	N/A	2	0	2	0	0.0	NULL	NULL	0.0	NULL	0.0	0.0	NULL	0.0	0.0	0.0	0.0	0.0	0.0	0.0	0.0	0.0	0.0	0.0	0.0	0.0	0.0	0.0	0.0	0.0	0.0	NULL	NULL	NULL	NULL	NULL	NULL	NULL	NULL	NULL	NULL	NULL	0.0	NULL	0.0	NULL	NULL	NULL	0.0	NULL	0.12987012987012986	0.0	0.0	0.3275862068965517	NULL	0.0	NULL	NULL	0.0	0.0	0.0
10	T	A	noncoding	N/A	N/A	2	0	2	0	0.0	NULL	NULL	0.0	NULL	0.0	0.0	NULL	0.0	0.125	0.0	0.0	0.0	0.0	0.0	0.0	0.0	0.0	0.0	0.0	0.0	0.0	0.0	0.0	0.0	0.0	NULL	NULL	NULL	NULL	NULL	NULL	0.0	NULL	NULL	0.0	NULL	0.0	NULL	0.0	NULL	NULL	NULL	0.0	NULL	0.4435146443514644	0.0	0.0	0.00392156862745098	NULL	0.0	NULL	NULL	0.0	0.0	0.0
90	G	A	noncoding	N/A	N/A	0	2	2	0	0.0	NULL	NULL	0.0	NULL	0.0	0.0	0.0	0.0	0.0	0.0	0.0	0.0	0.0	0.0	0.0	0.0	0.0	0.0	0.0	0.0	NULL	NULL	NULL	NULL	NULL	0.0	0.0	0.0	0.0	0.0	0.0	0.0	0.0	0.003816793893129771	0.0	0.0	0.006666666666666667	0.0	0.0	0.0	0.0	0.0	0.0	0.9879518072289156	0.0078125	0.0	0.9718875502008032	0.0	0.0	0.0	0.0	0.0	0.0	0.009174311926605505	0.0
97	A	G	noncoding	N/A	N/A	0	2	2	0	0.0	NULL	NULL	0.0	NULL	0.01485148514851485	0.00425531914893617	0.0	0.0	0.007874015748031496	0.0	0.0	0.0	0.0	0.0	0.0	0.0	0.0	0.0	0.0	0.0	NULL	NULL	NULL	NULL	NULL	0.0	0.0	0.0	0.0	0.0	0.0	0.0	0.00398406374501992	0.0038022813688212928	0.0	0.0	0.0	0.0	0.0	0.0	0.0	0.0	0.0	0.992	0.0038314176245210726	0.0	0.9801587301587301	0.0	0.0	0.0	0.0	0.0	0.0	0.0	0.0
111	T	C	noncoding	N/A	N/A	0	2	2	0	0.0	NULL	NULL	0.0	NULL	0.004878048780487805	0.0	0.0	0.0	0.003787878787878788	0.0	0.0	0.0	0.0	0.0	0.0	0.0	0.0	0.0	0.0	0.0	0.0	0.0	0.0	NULL	0.0	0.0	0.003875968992248062	0.0	0.0	0.0	0.0	0.0	0.0	0.0	0.0	0.0	0.0	0.0	0.0	0.0	0.0	0.0	0.0	0.9924812030075187	0.00796812749003984	0.0	0.973384030418251	0.0	0.0	0.0	0.0	0.0	0.0	0.005747126436781609	0.0
120	T	C	noncoding	N/A	N/A	0	2	2	0	0.0	NULL	NULL	0.015503875968992248	0.0	0.0	0.0	0.0	0.0	0.003676470588235294	0.0	0.0	0.0	0.0	0.0	0.0	0.0	0.0	0.0	0.0	0.0	0.0	0.0	0.0	0.0	0.0	0.0	0.0	0.0	0.0	0.0	0.0	0.0	0.0	0.0	0.0	0.0	0.0	0.0	0.0	0.0	0.0	0.0	0.0	0.9925093632958801	0.0035714285714285713	0.0	0.9736842105263158	0.0	0.0	0.0	0.02040816326530612	0.0	0.0	0.0	0.0
121	C	T	noncoding	N/A	N/A	0	2	2	0	0.0	NULL	NULL	0.0	0.0	0.0	0.00819672131147541	0.0	0.0	0.0	0.0	0.0	0.0	0.0	0.0	0.0	0.0	0.0	0.0	0.0	0.0	0.0	0.0	0.0	0.0	0.0	0.0	0.0	0.0	0.0	0.0	0.0	0.0	0.0	0.0	0.0	0.0	0.0	0.0	0.0	0.0	0.0	0.0	0.0	0.9886792452830189	0.0071174377224199285	0.0	0.969811320754717	0.0	0.0	0.0	0.0	0.0	0.0	0.00558659217877095	0.0
241	C	T	noncoding	N/A	N/A	0	5	5	1246	0.0	NULL	NULL	0.0	0.0	0.0	0.0	0.0	0.02127659574468085	0.0	0.0	0.0	0.0	0.0	0.0	0.0	0.0	0.0	0.0	1.0	0.0	NULL	NULL	NULL	NULL	NULL	1.0	0.0	0.0	0.0	0.0	0.0	0.0	0.0	0.0	0.0	0.0	0.9897435897435898	0.0	0.0	0.9963369963369964	0.9965870307167235	0.0	0.0	0.0	0.0	0.0	0.0	0.0	0.0	0.0	0.0	0.0	0.0	0.0	0.0
376	G	T	ORF1a	N	E37D	1	0	1	0	0.0	NULL	NULL	0.6181818181818182	0.0	0.0	0.0	0.0	0.0	0.0	0.0	0.0	0.0	0.0	0.0	0.0	0.0	0.0	0.0	0.0	0.0	NULL	NULL	NULL	NULL	NULL	0.004201680672268907	0.0	0.0	0.0	0.0	0.0	0.0	0.0	0.0047169811320754715	0.0	0.0	0.0	0.0	0.0	0.0	0.0	0.0	0.0	0.0	0.0	0.0	0.0	0.0	0.0	0.0	0.0	0.0	0.0	0.0	0.0
379	C	A	ORF1a	S	V38V	1	1	2	2	0.0	NULL	NULL	0.0	0.0	0.0	0.0	0.0	0.0	0.0	0.0	0.0	0.0	0.0	0.0	0.0	0.0	0.0	0.0	0.0	0.0	NULL	NULL	NULL	NULL	NULL	0.0	0.0	0.0	0.0	0.0	0.0	0.0	0.0	0.0	0.0	0.0	0.9957446808510638	0.0	0.11920529801324503	0.0	0.0	0.0	0.0	0.0	0.0	0.0	0.0	0.0	0.0	0.0	0.0	0.0	0.0	0.0	0.0
404	A	T	ORF1a	N	K47*	2	0	2	0	0.0	NULL	NULL	0.0	0.0	0.0	0.0	0.018518518518518517	0.0	0.0	0.0	0.102803738317757	0.17142857142857143	0.054187192118226604	0.010638297872340425	0.0	0.0	0.014084507042253521	0.0	0.0	0.0	NULL	NULL	NULL	NULL	NULL	0.004081632653061225	0.00411522633744856	0.004201680672268907	0.008264462809917356	0.0	0.0	0.0	0.0	0.005076142131979695	0.004098360655737705	0.0	0.0	0.0	0.0	0.0	0.0	0.004484304932735426	0.0	0.0	0.0	0.0	0.0	0.004016064257028112	0.0	0.0	0.0	0.0	0.0	0.0	0.0
565	T	C	ORF1a	S	S100S	1	0	1	0	0.0	0.0	NULL	0.0	0.09090909090909091	0.004098360655737705	0.029535864978902954	0.24242424242424243	0.0	0.0035714285714285713	0.0	0.0	0.0	0.0	0.0	0.0	0.0	0.0	0.0	0.0	0.0	NULL	NULL	NULL	NULL	NULL	0.0	0.0	0.0	0.0	0.0	0.0	0.0	0.0	0.0	0.0	0.0	0.0	0.0	0.0	0.0	0.0	0.0	0.0	0.0	0.0	0.004081632653061225	0.0	0.0	0.0	0.0	0.0	0.0	0.0391304347826087	0.09606986899563319	0.01694915254237288
595	T	G	ORF1a	N	H110Q	1	0	1	0	0.0	0.0	0.0	0.0	0.0	0.0	0.0	0.0	0.0	0.0	0.0	0.0	0.0	0.0	0.0	0.0	0.0	0.0	0.0	0.0	0.0	NULL	NULL	NULL	NULL	NULL	0.0	0.0	0.00423728813559322	0.0	0.0	0.0	0.0	0.0	0.0	0.0	0.0	0.0	0.0	0.0	0.0	0.0	0.0	0.0	0.0	0.0	0.0	0.41630901287553645	0.0	0.0	0.0	0.0	0.0	0.0	0.0	0.0
747	G	C	ORF1a	N	W161S	0	1	1	0	0.0	0.02	1.0	0.004219409282700422	0.0	0.004132231404958678	0.0	0.0	0.0	0.0	0.0	0.0	0.0	0.0	0.0	0.0	0.0	0.0	0.0	0.0	0.0	NULL	NULL	NULL	NULL	NULL	0.0	0.0	0.0	0.0	0.0	0.0	0.0	0.0	0.0	0.0	0.007407407407407408	0.0	0.0	0.0	0.0	0.0	0.0	0.0	0.0	0.0	0.0	0.0	0.0	0.0	0.0	0.0	0.0	0.009174311926605505	0.0	0.010638297872340425
748	G	A	ORF1a	N	W161*	0	1	1	0	0.0	0.0196078431372549	1.0	0.004166666666666667	0.0	0.00411522633744856	0.00411522633744856	0.0	0.0	0.0037593984962406013	0.0	0.0	0.0	0.0	0.0	0.0	0.0	0.0	0.0	0.0	0.0	NULL	NULL	NULL	NULL	NULL	0.0	0.0038910505836575876	0.0	0.0	0.0	0.0	0.0	0.0	0.0	0.0	0.0	0.0	0.0	0.0	0.0	0.0	0.0	0.0	0.0	0.0	0.0	0.0	0.0	0.0	0.005917159763313609	0.0	0.0	0.004608294930875576	0.0	0.010752688172043012
884	C	T	ORF1a	N	R207C	0	1	1	17	0.0	0.0	NULL	0.0	0.05263157894736842	0.00411522633744856	0.0	0.0	0.0	0.0	0.0	0.0	0.0	0.0	0.0	0.0	0.014285714285714285	0.0	0.0	0.0	0.004132231404958678	0.0	NULL	NULL	NULL	NULL	0.004291845493562232	0.0	0.0	0.0	0.0	0.0	0.0	0.9958847736625515	0.0	0.0	0.0	0.0	0.0	0.0	0.0	0.0	0.0	0.0	0.0	0.0	0.0	0.0	0.0	0.0	0.0	0.0	0.0	0.0	0.0	0.0
1059	C	T	ORF1a	N	T265I	0	1	1	290	0.0	0.0	0.0	0.0	0.0	0.0	0.0	0.0	0.0	0.003663003663003663	0.0	0.0	0.0	0.0	0.0	0.0	0.0	0.0	0.0	0.0	0.0	NULL	NULL	NULL	NULL	NULL	0.0	0.0	0.0	0.0	0.0	0.0	0.0	0.0	0.0	0.0	0.0	1.0	0.0	0.09375	0.0	0.0	0.0	0.0	0.0	0.0	0.0	0.0	0.0	0.0	0.0	0.0	0.0	0.0	0.0043859649122807015	0.0
1102	C	T	ORF1a	S	S279S	1	0	1	2	0.0	0.0	0.0	0.0	0.0	0.0	0.0	0.0	0.0	0.0	0.0	0.0	0.0	0.0	0.004878048780487805	0.0	0.0	0.0	0.0	0.0	0.0	NULL	NULL	NULL	NULL	NULL	0.0	0.0	0.0	0.0	0.0	0.0	0.003355704697986577	0.0	0.0	0.0	0.0	0.0	0.0	0.8857142857142857	0.0	0.0	0.0	0.0	0.0	0.0	0.0	0.0	0.0	0.0	0.0	0.0	0.0	0.0043859649122807015	0.0	0.0
1150	C	T	ORF1a	S	G295G	1	0	1	0	0.0	0.0	0.0	0.0	0.004032258064516129	0.0	0.0	0.0	0.0	0.0	0.0	0.0	0.009009009009009009	0.0	0.0	0.0	0.0	0.0	0.0	0.0	0.0	NULL	NULL	NULL	NULL	NULL	0.0	0.0	0.0	0.0	0.0	0.0	0.0041841004184100415	0.008130081300813009	0.0	0.0	0.0	0.0	0.0	0.0	0.0	0.0	0.0	0.0	0.0	0.0	0.0	0.0	0.0	0.0	0.0	0.5128205128205128	0.0	0.008695652173913044	0.0	0.0
1166	C	G	ORF1a	N	R301G	1	0	1	0	0.0	0.0	0.0	0.0	0.0	0.0	0.0	0.0	0.0	0.0	0.0	0.0	0.0	0.0	0.0	0.0	0.0	0.0	0.0	0.0	0.0	NULL	NULL	NULL	NULL	NULL	0.0	0.0	0.0	0.0	0.0	0.0	0.0	0.0	0.0	0.0	0.0	0.0	0.0	0.0	0.0	0.0	0.0	0.0	0.0	0.004273504273504274	0.0	0.4959016393442623	0.0	0.0	0.0	0.0	0.0	0.0	0.0	0.0
1205	C	T	ORF1a	N	Q314*	1	0	1	0	0.006944444444444444	0.0	0.425	0.0	0.0	0.004166666666666667	0.004347826086956522	0.0	0.0	0.0	0.0	0.0	0.0	0.0	0.0	0.0	0.0	0.0	0.0	0.0	0.0	NULL	NULL	NULL	NULL	NULL	0.0	0.0	0.0	0.0	0.0	0.0	0.004048582995951417	0.0	0.0	0.0	0.0	0.0	0.0	0.0	0.0	0.0	0.0	0.008438818565400843	0.0	0.0	0.0	0.0	0.0	0.0	0.0	0.0	0.0	0.008771929824561403	0.0	0.0
1379	G	C	ORF1a	N	A372P	1	0	1	0	0.0	0.0	0.5	0.0	0.0	0.0	0.0	0.0	0.0	0.0	0.0	0.0	0.0	0.0	0.0	0.0	0.0	0.0	0.0	0.0	0.0	NULL	NULL	NULL	NULL	NULL	0.0	0.0	0.0	0.0	0.0	0.0	0.0	0.0	0.0	0.0	0.0	0.0	0.0	0.0	0.0	0.0	NULL	0.0	0.0	0.0	0.0	0.0	0.0	0.0	0.0	0.0	0.0	0.0	0.0	0.0
1397	G	A	ORF1a	N	V378I	0	2	2	74	0.0	0.0	0.0	0.0	0.0	0.0040650406504065045	0.004149377593360996	0.0	0.0	0.0	0.0	0.0	0.0	0.0	0.0	0.0	0.0	0.0	0.0	0.0	0.0	NULL	NULL	NULL	NULL	NULL	0.0	0.0	0.0	0.0	0.0	1.0	0.0	1.0	0.0	0.0	0.003367003367003367	0.0	0.0	0.0	0.0	0.0	NULL	0.0	0.0	0.0	0.0	0.0	0.0	0.0	0.0	0.0	0.0	0.0	0.0	0.0
1676	G	T	ORF1a	N	E471*	1	0	1	0	0.0	0.0	NULL	0.0	0.0	0.0	0.0	0.0	0.0	0.0	0.0	0.0	0.0	0.0	0.0	0.0	0.0	0.0	0.0	0.0	0.0	NULL	NULL	NULL	NULL	NULL	0.0	0.0	0.0	0.0	0.0	0.21481481481481482	0.0	0.0	0.0	0.0	0.0	0.0	0.0	0.0	0.0	0.0	0.0	0.0	0.0	0.004149377593360996	0.0	0.0	0.004166666666666667	0.0	0.0	0.0	0.0	0.0	0.0	0.0
1751	T	C	ORF1a	N	Y496H	1	0	1	0	0.0	0.0	NULL	0.0	0.0	0.0	0.0	0.0	0.0	0.0	0.0	0.0	0.0	0.0	0.0	0.0	0.0	0.0	0.0	0.0	0.0	NULL	NULL	NULL	NULL	NULL	0.0	0.0	0.0	0.0	0.0	0.23297491039426524	0.0	0.0	0.0	0.0	0.0	0.0	0.0	0.004098360655737705	0.0	0.0	0.0	0.0	0.0	0.0	0.0	0.0	0.0	0.0	0.0	0.0	0.0	0.012875536480686695	0.0	0.0
1787	A	G	ORF1a	N	N508D	0	0	0	0	0.010638297872340425	0.004484304932735426	NULL	0.0	0.0	0.0	0.0	0.0	0.0	0.0035714285714285713	0.0	0.0	0.0	0.0	0.0	0.0	0.0	0.0	0.0	0.0	0.0	NULL	NULL	NULL	NULL	NULL	0.0	0.0	0.0	0.0	0.0	0.0	0.0	0.0	0.0	0.0	0.0	0.0	0.0	0.0	0.0	0.0	0.0	0.0	0.0	0.0	0.0	0.0	0.0	0.0	0.0	0.0	0.0	0.0	0.004273504273504274	0.0
1899	G	T	ORF1a	N	R545L	1	0	1	0	0.0	0.0	NULL	0.0	0.0	0.0	0.0	0.0	0.0	0.0	0.0	0.0	0.0	0.0	0.005263157894736842	0.0	0.012658227848101266	0.0	0.0	0.004291845493562232	0.0	NULL	NULL	NULL	NULL	NULL	0.0	0.0	0.004273504273504274	0.0	0.0	0.0	0.0	0.0	0.0	0.0	0.0	0.0	0.0	0.0	0.0	0.0	0.47368421052631576	0.0	0.0	0.0	0.0	0.0	0.0	0.0	0.0	0.0	0.0	0.0	0.004032258064516129	0.0
1914	G	A	ORF1a	N	R550H	2	0	2	0	0.024691358024691357	0.20087336244541484	NULL	0.008403361344537815	0.14285714285714285	0.0	0.012345679012345678	0.0	0.0	0.00390625	0.0	0.0	0.0	0.0	0.0	0.018867924528301886	0.0	0.0	0.0	0.0	0.0	NULL	NULL	NULL	NULL	NULL	0.004694835680751174	0.0	0.0	0.0	0.0	0.0	0.0	0.0	0.0	0.0	0.0	0.004201680672268907	0.0	0.0	0.0	0.0	0.0	0.0	0.0	0.0	0.004149377593360996	0.0	0.0	0.0	0.0	0.0	0.0	0.004545454545454545	0.029914529914529916	0.0
2189	C	T	ORF1a	N	L642F	1	0	1	1	0.0	0.004081632653061225	NULL	0.0	0.1935483870967742	0.0	0.008333333333333333	0.0	0.0	0.0	0.008849557522123894	0.007633587786259542	0.0	0.005376344086021506	0.0	0.0	0.0	0.013333333333333334	0.011904761904761904	0.0	0.0	0.0	0.0	0.0	0.0	0.0	0.0	0.0	0.0	0.0	0.0	0.0	0.0	0.0	0.0	0.0	0.0	0.0	0.0	0.0	0.0	0.0	0.0	0.0	0.0	0.004405286343612335	0.0	0.0	0.0	0.0	0.0	0.0	0.0	0.01282051282051282	0.0	0.0
2416	C	T	ORF1a	S	Y717Y	0	1	1	35	0.0	0.0	NULL	0.004201680672268907	0.0	0.004048582995951417	0.0	0.0	0.0	0.0	0.0	0.0	0.0	0.0	0.0	0.0	0.0	0.0	0.0	0.0	0.0	NULL	NULL	NULL	NULL	NULL	1.0	0.0	0.0	0.0	0.0	NULL	0.0	0.0	0.007751937984496124	0.0	0.0	0.0	0.0	0.0	0.0	0.0	NULL	0.0	0.0	0.0	0.0	0.0	0.0	0.0	0.0	0.0	0.0	0.0	0.0	0.009389671361502348
2446	T	C	ORF1a	S	T727T	0	1	1	1	0.0	0.0	NULL	0.0	0.0	0.0	0.0	0.0	0.004132231404958678	0.007380073800738007	1.0	0.008130081300813009	0.0	0.0	0.0	0.0	0.0	0.0	0.0	0.0	0.0	NULL	NULL	NULL	NULL	NULL	0.0	0.0	0.0	0.0	0.0	NULL	0.0	0.0	0.0	0.0	0.0	0.0	0.0	0.0	0.0	0.0	NULL	0.0	0.0	0.0	0.0	0.004081632653061225	0.0	0.0	0.0	0.02127659574468085	0.0	0.0	0.008264462809917356	0.0
2480	A	G	ORF1a	N	I739V	0	1	1	90	0.0	0.00423728813559322	NULL	0.0	0.0	0.0	0.0	0.0	0.0	0.007462686567164179	0.0	0.0	0.0	0.0	0.005434782608695652	0.0	0.0	0.0	0.0	0.0	0.0	NULL	NULL	NULL	NULL	NULL	0.0	0.0	0.0	0.0	0.0	NULL	0.0	0.0	0.9939024390243902	0.0	0.0	0.0	0.0	0.0	0.0	0.0	NULL	0.0	0.0	0.0	0.0	0.0	0.0	0.0	0.0	0.0	0.0	0.0	0.0	0.0
2558	C	T	ORF1a	N	P765S	0	1	1	97	0.0	0.0	0.0	0.0	0.0	0.0	0.008298755186721992	0.0	0.0	0.0	0.0	0.0	0.0	0.0	0.0	0.0	0.0	0.0	0.0	0.0	0.0	NULL	0.0	NULL	NULL	NULL	0.0	0.0	0.0	0.0	0.0	0.0	0.0	0.0	0.9894736842105263	0.0	0.0	0.0	0.0	0.0	0.0	0.0	NULL	0.0	0.0	0.0	0.0	0.0	0.0	0.0	0.0	0.0	0.0	0.0	0.004366812227074236	0.0
2702	T	G	ORF1a	N	F813V	0	1	1	0	0.0	0.00966183574879227	1.0	0.0	0.0	0.0	0.0	0.0	0.0	0.0	0.0	0.0	0.0	0.0	0.0	0.0	0.0	0.0	0.0	0.0	0.0	NULL	NULL	NULL	NULL	NULL	0.0	0.0	0.0	0.0	0.0	0.0	0.0	0.0	0.0	0.0	0.0	0.0	0.0	0.0	0.0	0.014084507042253521	0.0	0.0	0.0	0.0	0.0	0.0	0.0	0.0	0.0	0.0	0.0	0.0	0.0	0.0
2706	C	A	ORF1a	N	T814K	0	1	1	0	0.0	0.004672897196261682	1.0	0.0	0.0	0.0	0.0	0.0	0.0	0.0	0.0	0.0	0.0	0.0	0.0	0.0	0.0	0.0	0.0	0.0	0.004081632653061225	NULL	NULL	NULL	NULL	NULL	0.0	0.0	0.0	0.0	0.0	0.0	0.0	0.0	0.0	0.0	0.0	0.0	0.0	0.0	0.0	0.0	0.0	0.0	0.0	0.0	0.0	0.0	0.0	0.0	0.0	0.0	0.0	0.0	0.0	0.0
2709	T	A	ORF1a	N	L815H	0	1	1	0	0.0	0.004739336492890996	1.0	0.0	0.0	0.0	0.0	0.0	0.0	0.0	0.0	0.0	0.0	0.0	0.004201680672268907	0.0	0.0	0.0	0.0	0.0	0.0	NULL	NULL	NULL	NULL	NULL	0.0	0.0	0.0	0.0	0.0	0.0	0.0	0.0	0.0	0.0	0.0	0.0	0.0	0.0	0.0	0.0	0.0	0.0	0.0041841004184100415	0.0	0.0	0.0	0.0	0.0	0.0	0.0	0.0	0.0	0.0	0.0
2769	G	C	ORF1a	N	G835A	1	0	1	0	0.0	0.0	NULL	0.0	0.0	0.0	0.0	0.0	0.0	0.0	0.0	0.0	0.0	0.0	0.0	0.0	0.0	0.0	0.0	0.0	0.0	NULL	NULL	NULL	NULL	NULL	0.0	0.0	0.0	0.0	0.0	0.2094240837696335	0.0	0.0	NULL	0.0	0.0	0.0	0.0	0.0	0.0	0.0	0.0	0.0	0.0	0.0	0.0	0.0	0.0	0.0	0.0	0.0	0.0	0.0	0.0	0.0
2928	A	G	ORF1a	N	E888G	1	0	1	0	0.0	0.0	0.5714285714285714	0.004329004329004329	0.0	0.0	0.0	0.0	0.0	0.0037313432835820895	0.0	0.0	0.0	0.0	0.0	0.0	0.0	0.0	0.0	0.0	0.0	NULL	NULL	NULL	NULL	NULL	0.0	0.0	0.0	0.0	0.0036363636363636364	0.0	0.0	0.0	0.0	0.0	0.0	0.003937007874015748	0.0	0.0	0.0	0.0	0.0	0.0	0.0	0.0	0.0	0.004081632653061225	0.0	0.0	0.0	0.0	0.0	0.008438818565400843	0.004219409282700422	0.0
2992	T	C	ORF1a	S	D909D	0	1	1	1	0.0	0.0125	0.0	0.0	0.0	0.004132231404958678	0.0	0.0	0.003968253968253968	0.0	0.0	0.0	0.0	0.0	0.0	0.0	0.0	0.0	0.0	0.0	0.0	NULL	NULL	NULL	NULL	NULL	0.0	0.0	0.0	0.0	0.0	0.0	0.0	0.0	0.0	0.0	0.0	0.0	0.0	1.0	0.0	0.0	0.0	0.0	0.0	0.0	0.0	0.0	0.0	0.0	0.0	0.0	0.0	0.008583690987124463	0.004310344827586207	0.012711864406779662
3037	C	T	ORF1a	S	F924F	0	5	5	1275	0.0	0.0	0.0	0.0041841004184100415	0.00909090909090909	0.004098360655737705	0.0163265306122449	0.0	0.0	0.0	0.0	0.0	0.0	0.0	0.0	0.0	0.0	0.0	0.0	1.0	0.004219409282700422	NULL	NULL	NULL	NULL	NULL	1.0	0.0	0.0	0.0	0.0	0.0	0.0	0.0	0.008849557522123894	0.0	0.0	1.0	0.0	0.0	1.0	1.0	0.0	0.0	0.0	0.0	0.0	0.0	0.0	0.0	0.0	0.0	0.0	0.0	0.0	0.004149377593360996
3406	A	C	ORF1a	N	E1047D	0	1	1	1	0.0	0.0	0.0	0.0	0.0	0.0	0.0	0.0	0.0	0.0	0.0	0.0	1.0	0.0	0.0	0.0	0.0	0.0	0.0	0.0	0.004132231404958678	NULL	NULL	NULL	NULL	NULL	0.0	0.0	0.0	0.0	0.0	0.0	0.0	0.0	0.0	0.0	0.0	0.0	0.0	0.0	0.0	0.0	0.0	0.0	0.0	0.0	0.0	0.004291845493562232	0.0	0.0	0.0	0.0	0.0	0.0	0.0	0.0
3411	C	T	ORF1a	N	A1049V	0	1	1	1	0.0	0.0	0.0	0.0	0.0	0.0	0.0	0.0	0.0	0.0	1.0	0.006493506493506494	0.0	0.0	0.0	0.0	0.0	0.0	0.0	0.0	0.0	NULL	NULL	NULL	NULL	NULL	0.0	0.0	0.0	0.0	0.0	0.0	0.0	0.0	0.0	0.0	0.0	0.0	0.0	0.004524886877828055	0.0	0.0	0.0	0.0	0.0	0.0	0.0	0.0	0.0	0.0	0.0	0.0	0.0	0.0	0.0	0.0
3839	G	A	ORF1a	N	E1192K	1	0	1	0	0.0	0.0	0.0	0.0	0.0	0.0	0.0	0.0	0.0	0.003875968992248062	0.0	0.0	0.0	0.0	0.0	0.0	0.0	0.0	0.0	0.0	0.0	NULL	NULL	NULL	NULL	NULL	0.0	0.0	0.0	0.0	0.0	0.3024193548387097	0.0	0.0	0.0	0.00816326530612245	0.0	0.0	0.0	0.0	0.0	0.0	0.0	0.0	0.0	0.0	0.0	0.0	0.0	0.0	0.0	0.0	0.0	0.0	0.004201680672268907	0.0
4052	C	T	ORF1a	N	L1263F	1	0	1	0	0.0	0.0	NULL	0.0	0.0	0.0	0.0	0.0	0.0	0.0	0.0	0.0	0.0	0.0	0.0	0.0	0.0	0.0	0.0	0.0	0.0	NULL	NULL	NULL	NULL	NULL	0.0	0.0	0.0	0.0	0.0	0.2572614107883817	0.0	0.0	0.0	0.0	0.0	0.0	0.0	0.0	0.0	0.0	0.0	0.0	0.0	0.0	0.0	0.0	0.0	0.0	0.0	0.0	0.0	0.0	0.0	0.0
4071	C	T	ORF1a	N	T1269I	1	0	1	0	0.0	0.008695652173913044	0.0	0.008547008547008548	0.0	0.0	0.00411522633744856	0.0	0.0	0.0	0.008620689655172414	0.0	0.0	0.0	0.0	0.0	0.013513513513513514	0.0	0.0	0.0	0.0	NULL	NULL	NULL	NULL	NULL	0.0	0.0	0.0	0.0	0.0	0.2317596566523605	0.0	0.0	0.0	0.0	0.0	0.0	0.0	0.0	0.0	0.0	0.0	0.0	0.0	0.0	0.0	0.0	0.0	0.0	0.0	0.0	0.0	0.004347826086956522	0.008368200836820083	0.004366812227074236
4589	A	T	ORF1a	N	N1442Y	1	0	1	0	0.0	0.0	0.0	0.0	0.0	0.0	0.0	0.0	0.0	0.0	0.0	0.0	0.0	0.0	0.0	0.0	0.0	0.0	0.0	0.0	0.0	NULL	NULL	NULL	NULL	NULL	0.0	0.0	0.0	0.0	0.0	0.19047619047619047	0.0	0.0	0.0	0.0	0.0	0.0	0.0	0.0	0.0	0.0	0.0	0.0	0.0	0.0	0.004132231404958678	0.0	0.0	0.0	0.0	0.0	0.0	0.0	0.0	0.0
4649	G	T	ORF1a	N	A1462S	1	0	1	0	0.12698412698412698	0.0	0.0	0.0	0.0	0.0	0.0	0.0	0.0	0.0	0.0	0.0	0.0	0.0	0.0	0.0	0.0	0.0	0.0	0.0	0.0	NULL	NULL	NULL	NULL	NULL	0.0	0.0	0.0	0.0	0.0	0.0	0.0	0.0	0.0	0.0	0.0	0.0	0.0	0.0	0.0	0.0	0.0	0.0	0.0	0.0	0.0	0.0	0.0	0.0	0.0	0.0	0.0	0.0	0.0	0.0
5093	C	T	ORF1a	N	H1610Y	1	0	1	0	0.0	0.004048582995951417	NULL	0.0	0.13513513513513514	0.004098360655737705	0.0	0.0	0.0	0.0	0.0	0.0	0.0	0.0	0.0	0.0	0.0	0.0	0.0	0.0	0.003952569169960474	NULL	NULL	NULL	NULL	NULL	0.0	0.0	0.0	0.0	0.0	0.0	0.0	0.0	0.0	0.0	0.0	0.0	0.0	0.0	0.0	0.0	0.0	0.0	0.0	0.0	0.0	0.0	0.0	0.0	0.0	0.0	0.0	0.0	0.004366812227074236	0.0
5387	G	A	ORF1a	N	A1708T	1	0	1	0	0.0	0.0	NULL	0.0	0.004132231404958678	0.004132231404958678	0.004081632653061225	0.0	0.004016064257028112	0.0	0.0	0.0	0.0	0.0	0.004629629629629629	0.0	0.0	0.0	0.0	0.0	0.0	NULL	NULL	NULL	NULL	NULL	0.0	0.0	0.0	0.0	0.0	0.0	0.0	0.0	NULL	0.0	0.0	0.004310344827586207	0.0	0.0	0.0	0.0	0.0	0.0041841004184100415	0.0	0.0	0.0	0.0	0.0	0.0	0.0	0.25	0.0	0.0	0.0	0.0
5453	G	A	ORF1a	N	E1730K	1	0	1	0	0.0	0.0	0.0	0.0	0.0	0.0	0.0	0.0	0.0	0.0	0.0	0.00625	0.0	0.0	0.0	0.0	0.0	0.0	0.0	0.0	0.0	NULL	NULL	NULL	NULL	NULL	0.0	0.0	0.0	0.0	0.0	0.0	0.16666666666666666	0.0	NULL	0.0	0.0	0.0	0.0	0.0	0.0	0.0	0.0	0.004166666666666667	0.0	0.0	0.0	0.0	0.0	0.0	0.0	0.0	0.0	0.0	0.0	0.0
5525	A	C	ORF1a	N	T1754P	1	0	1	0	0.0	0.0	0.23376623376623376	0.0	0.0	0.0	0.0	0.0	0.0	0.0	0.0	0.0	0.0	0.0	0.00411522633744856	0.0	0.0	0.0	0.0	0.0	0.0	NULL	NULL	NULL	NULL	NULL	0.0	0.0	0.0	0.0	0.0	0.0	0.0	0.0	NULL	0.0	NULL	0.0	0.0	0.0	0.0	0.0	0.0	0.0	0.0	0.0	0.0	0.0	0.0	0.0	0.0	0.0	0.0	0.0	0.004291845493562232	0.0
5572	G	T	ORF1a	N	M1769I	0	1	1	1	0.0	0.004	0.006993006993006993	0.0	0.0	0.0	0.0	0.0	0.004901960784313725	0.0	1.0	0.0	0.0	0.0	0.0	0.0	0.0	0.0	0.0	0.0	0.0	NULL	NULL	NULL	NULL	NULL	0.0	0.0	0.0	0.0	0.0	0.0	0.0	0.0	0.0	0.0	0.0	0.0	0.0	0.0	0.0	0.0	0.0	0.0	0.0	0.0	0.0	0.0	0.0	0.0	0.0	0.0	0.0	0.0	0.0	0.00423728813559322
5657	G	A	ORF1a	N	V1798I	0	1	1	1	0.0	0.0	0.0	0.0	0.0	0.008097165991902834	0.0	0.0	0.0	0.0	0.0	0.0	0.0	0.0	0.0	0.0	0.0	0.0	0.0	0.0	0.0	NULL	NULL	NULL	NULL	NULL	0.0	0.0	0.0	0.0	0.0	0.0	0.0	0.0	0.0	0.0	0.0	0.0	0.0	0.0	0.0	0.0	0.0	0.0	0.0	0.0	0.0	0.0	0.0	1.0	0.0	0.0	0.0	0.0	0.0	0.0
5784	C	T	ORF1a	N	T1840I	0	1	1	9	0.016	0.0	0.0	0.0	0.0	0.0	0.0	0.0	0.0	0.0	0.0	0.0	1.0	0.0	0.0	0.0	0.0	0.0	0.0	0.0	0.0	NULL	NULL	NULL	NULL	NULL	0.0	0.0	0.0	0.0	0.0	0.0	0.0	0.0	0.0	0.0	0.0	0.0	0.0	0.0	0.0	0.0	0.0	0.0	0.0	0.0	0.0	0.0	0.0	0.0	0.0	0.0	0.0	0.0	0.0	0.0
6032	G	A	ORF1a	N	A1923T	1	0	1	0	0.0	0.0	0.6	0.0	0.0	0.003968253968253968	0.0	0.0	0.0	0.004	0.0	0.0	0.0	0.0	0.0	0.0	0.0	0.0	0.0	0.0	0.0	NULL	NULL	NULL	NULL	NULL	0.0	0.0	0.0	0.0045871559633027525	0.0	0.0	0.0	0.0	0.0	0.0	0.0	0.0	0.0	0.0	0.0	0.0	0.004310344827586207	0.0	0.0	0.004201680672268907	0.0	0.0	0.004201680672268907	0.0	0.016129032258064516	0.0	0.0	0.0	0.0	0.0
6335	T	C	ORF1a	N	S2024P	1	0	1	0	0.0	0.003937007874015748	NULL	0.00423728813559322	0.0	0.0	0.004149377593360996	0.0	0.0	0.0032258064516129032	0.0	0.0	0.0	0.0	0.0	0.0	0.0	0.0	0.0	0.0	0.004081632653061225	NULL	NULL	NULL	NULL	NULL	0.0	0.0	0.0	0.0	0.0	0.36	0.0	0.0	0.0	0.0	0.0	0.0	0.0	0.0	0.0	0.0	0.0	0.0	0.0	0.0	0.0	0.0	0.0	0.0	0.0	0.0	0.0	0.0	0.0041841004184100415	0.0
6867	A	G	ORF1a	N	N2201S	1	0	1	0	0.0	NULL	NULL	0.0	0.0	0.0	0.004273504273504274	0.0	0.0	0.0	0.0	0.0	0.0	0.0	0.0	0.0	0.0	0.0	0.0	0.0	0.0	0.0	0.0	0.3333333333333333	0.0	0.0	0.0	0.0	0.0	0.0	0.0	0.0	0.0	0.004201680672268907	0.0	0.0	0.0	0.0	0.0	0.0	0.0	0.00510204081632653	0.0	0.0	0.0	0.0	0.0	0.0	0.004310344827586207	0.0	0.0	0.0	0.0	0.004524886877828055	0.0	0.0
6869	A	G	ORF1a	N	T2202A	2	1	3	0	0.0	NULL	NULL	0.0	0.0	0.0	0.0	0.0	0.0	0.012048192771084338	0.0	0.0	0.0	0.0	0.0	0.0	0.0	0.0	0.0	0.0	0.0	0.8333333333333334	0.07407407407407407	0.3333333333333333	1.0	0.0	0.0	0.0	0.0	0.0	0.0	0.0	0.0	0.004132231404958678	0.0	0.0	0.0	0.0	0.0	0.0	0.0	0.0	0.0	0.0	0.0	0.0	0.0	0.0	0.0	0.0	0.0	0.0	0.0	0.0	0.0	0.0
6945	T	C	ORF1a	N	I2227T	1	0	1	0	0.029411764705882353	0.0044444444444444444	NULL	0.0	0.0	0.0	0.0	0.0	0.0	0.003787878787878788	0.0	0.0	0.0	0.0	0.0	0.0	0.0	0.0	0.0	0.0	0.0	0.19047619047619047	0.0	0.0	0.0	NULL	0.0	0.0	0.0	0.0	0.0	0.0	0.0	0.0	0.0	0.0	0.0040650406504065045	0.0	0.0	0.0	0.0	0.0	0.0	0.0	0.004347826086956522	0.0	0.0	0.0	0.0	0.0	0.0	0.0	0.0	0.00423728813559322	0.0	0.0
6971	T	C	ORF1a	S	L2236L	0	1	1	1	0.0	0.004672897196261682	NULL	0.00425531914893617	0.0	0.0	0.0	0.0	0.0	0.0037735849056603774	0.0	0.0	0.0	0.0	0.0	0.0	0.0	0.0	0.0	0.0	0.0	NULL	0.0	NULL	NULL	NULL	0.0	0.0	0.0	0.0	0.00819672131147541	0.0	0.0	0.0	1.0	0.0	0.004081632653061225	0.0	0.0	0.0	0.0	0.0	0.0	0.0	0.0	0.0	0.0	0.0	0.0	0.0	0.0	0.0	0.0	0.0	0.0	0.0
6975	G	T	ORF1a	N	S2237I	0	1	1	2	0.0	0.0	NULL	0.0	0.0	0.0	0.0	0.0	0.0	0.0	0.0	0.0	0.0	0.0	0.005263157894736842	0.0	0.0	0.0	0.0	0.0	0.0	NULL	0.0	NULL	NULL	NULL	0.0	0.0	0.0	0.0	0.0	0.0	0.0	0.0	1.0	0.0	0.0	0.0	0.0	0.0	0.0	0.0	0.0	0.0	0.0	0.0	0.0	0.0	0.0	0.0	0.0	0.0	0.0	0.0	0.0	0.0
6977	G	A	ORF1a	N	V2238I	0	1	1	2	0.0	0.0	NULL	0.0	0.0	0.0	0.0	0.0	0.0	0.0	0.0	0.0	0.0	0.0	0.0	0.0	0.0	0.0	0.0	0.0	0.0	NULL	0.0	NULL	NULL	NULL	0.0	0.0	0.0	0.0	0.0	0.0	0.0	0.0	1.0	0.0	0.0	0.0	0.0	0.0	0.0	0.0	0.0	0.0	0.0	0.0	0.0	0.0	0.0	0.0	0.0	0.0	0.0	0.0	0.0	0.0
6996	T	C	ORF1a	N	I2244T	1	0	1	1	0.0	0.0	NULL	0.01680672268907563	0.0	0.2777777777777778	0.008333333333333333	0.0	0.0	0.0036231884057971015	0.0	0.0	0.0	0.0	0.0	0.0	0.0	0.0	0.0	0.0	0.003703703703703704	NULL	NULL	NULL	NULL	NULL	0.0	0.0	0.0	0.0	0.0	0.0	0.0	0.0	0.0	0.0	0.0	0.0	0.008	0.0	0.0	0.0	0.0	0.0	0.0	0.0	0.0	0.0	0.0	0.0	0.0	0.0	0.0	0.012658227848101266	0.017241379310344827	0.004347826086956522
7072	C	T	ORF1a	S	G2269G	0	1	1	1	0.0	0.0	0.0	0.004366812227074236	0.0	0.0	0.0	0.0	0.0	0.0	0.0	0.0	0.0	0.0	0.004761904761904762	0.0	0.0	0.0	0.0	0.0	0.0037593984962406013	NULL	NULL	NULL	NULL	NULL	0.0	0.0	0.0	0.0	0.0	0.0	0.0	0.0	1.0	0.0	0.0	0.0	0.0	0.0	0.0	0.0	0.0	0.0	0.0	0.0	0.0	0.0	0.0	0.0	0.0	0.0	0.0	0.0	0.0	0.0
7347	A	T	ORF1a	N	N2361I	1	0	1	0	0.0	NULL	NULL	0.0	0.0	0.0	0.0	0.0	0.0	0.0	0.0	0.0	0.0	0.0	0.0	0.0	0.0	0.0	0.0	0.0	0.0	NULL	NULL	NULL	NULL	NULL	0.0	0.0	0.0	0.0	0.0	0.0	0.0	0.0	0.0	0.0	0.0	0.0	0.0	0.0	0.0	0.0	0.0	0.41350210970464135	0.0	0.0	0.0	0.0	0.0	0.0	0.0	0.0	0.0	0.0	0.0	0.0
7401	C	T	ORF1a	N	A2379V	1	0	1	0	0.0	NULL	NULL	0.0	0.0	0.0	0.0	0.0	0.0	0.003703703703703704	0.014492753623188406	0.0	0.0	0.0	0.0	0.0	0.0	0.0	0.0	0.004201680672268907	0.0	0.0	NULL	NULL	NULL	0.0	0.0	0.0	0.0	0.0	0.0	0.0	0.0	0.0	0.0	0.0	0.0	0.0	0.0	0.0	0.0	0.0	0.4115384615384615	0.0	0.0	0.0	0.0	0.0	0.0	0.0	0.0	0.0	0.0	0.0	0.0	0.0
7507	A	C	ORF1a	N	K2414N	3	0	3	0	0.017094017094017096	0.0	NULL	0.00847457627118644	0.05357142857142857	0.028225806451612902	0.0	0.0	0.0	0.007874015748031496	0.010869565217391304	0.02	0.008403361344537815	0.012711864406779662	0.004219409282700422	0.013888888888888888	0.2903225806451613	0.18269230769230768	0.2846715328467153	0.0	0.0	NULL	NULL	NULL	NULL	NULL	0.0	0.0	0.0	0.0	0.0	0.0	0.0	0.0	0.0	0.0	0.0	0.0	0.0	0.0	0.0	0.0	0.0	0.0	0.004629629629629629	0.0	0.0	0.0	0.0	0.043478260869565216	0.004201680672268907	0.0	0.0	0.008695652173913044	0.00847457627118644	0.004784688995215311
7514	A	C	ORF1a	S	R2417R	1	0	1	0	0.0	0.0	NULL	0.0	0.0	0.0	0.0	0.0	0.0	0.0	0.0	0.0	0.0	0.0	0.0	0.0	0.0	0.0	0.0	0.0	0.0	NULL	NULL	NULL	NULL	NULL	0.0	0.0	0.0	0.0	0.0	0.22268907563025211	0.0	0.0	0.0	0.0	0.0	0.0	0.0	0.0	0.0	0.0	0.0	0.0	0.0	0.0	0.0	0.0	0.0041841004184100415	0.0	0.0	0.0	0.0	0.0	0.0	0.0
7540	T	C	ORF1a	S	T2425T	1	0	1	0	0.0078125	0.0051813471502590676	NULL	0.0	0.0	0.0	0.0	0.0	0.0	0.003703703703703704	0.0	0.0	0.0	0.004545454545454545	0.0	0.0	0.0	0.0	0.0	0.0	0.0	NULL	0.0	0.0	NULL	NULL	0.0	0.0	0.0	0.0	0.0	0.23673469387755103	0.0	0.0	0.0	0.0	0.0	0.0	0.0	0.0	0.0	0.0	0.0	0.0	0.0	0.0	0.0	0.0	0.0	0.01818181818181818	0.0	0.0	0.0	0.0	0.0	0.0
7866	G	T	ORF1a	N	G2534V	1	0	1	0	0.8895027624309392	0.0	NULL	0.0	0.0	0.0	0.0	0.0	0.0	0.0	0.0	0.0	0.0	0.0	0.0	0.0	0.0	0.0	0.0	0.0	0.008264462809917356	NULL	0.0	NULL	NULL	0.0	0.0	0.0	0.0	0.0	0.0	0.0	0.0	0.0	0.0	0.0	0.0	0.0	0.0	0.0	0.0	0.0	0.0	0.0	0.0	0.004149377593360996	0.0	0.0	0.0041841004184100415	0.0	0.0	0.0	0.0	0.0	0.0	0.0
8017	G	A	ORF1a	S	A2584A	1	0	1	0	0.0	0.004098360655737705	0.36363636363636365	0.0	0.0	0.0	0.0	0.0	0.0	0.0	0.0	0.0	0.0	0.0	0.0	0.0	0.0	0.0	0.0	0.004273504273504274	0.0	NULL	NULL	NULL	NULL	NULL	0.0	0.0	0.0	0.00411522633744856	0.0	0.0	0.0	0.0	0.0	0.0	0.0	0.0	0.0	0.004291845493562232	0.004310344827586207	0.0	0.0	0.0	0.0	0.0	0.0	0.0	0.0	0.0	0.0	0.0	0.0	0.0	0.0	0.0
8062	A	T	ORF1a	S	S2599S	1	0	1	0	0.0	0.0	0.0	0.0	0.0	0.0	0.0	0.0	0.0	0.0	0.0	0.0	0.0	0.0	0.0	0.014925373134328358	0.0	0.0	0.0	0.0	0.0	NULL	NULL	NULL	NULL	NULL	0.0	0.0	0.0	0.0	0.0	0.5921985815602837	0.0	0.0	0.0	0.0	0.0	0.0	0.0	0.0	0.0	0.0	0.0	0.0	0.0	0.0	0.0	0.0	0.00411522633744856	0.0	0.0	0.0	0.0	0.0	0.004149377593360996	0.0
8182	A	G	ORF1a	S	Q2639Q	1	0	1	0	0.0	0.0	0.0	0.004166666666666667	0.0	0.008130081300813009	0.0	0.0	0.0	0.0	0.0	0.0	0.0	0.0	0.0	0.0	0.0	0.0	0.012658227848101266	0.0	0.0	NULL	NULL	NULL	NULL	NULL	0.0	0.0	0.0	0.0	0.0	0.0	0.004	0.0	0.27125506072874495	0.0	0.016129032258064516	0.0	0.0	0.0	0.0	0.0	0.0	0.0	0.0	0.0	0.0	0.0	0.0	0.0	0.0	0.0	0.0	0.0	0.0	0.0
8242	T	C	ORF1a	S	H2659H	1	0	1	0	0.0	0.07741935483870968	0.24603174603174602	0.017316017316017316	0.014492753623188406	0.024691358024691357	0.01904761904761905	0.0	0.0	0.0027247956403269754	0.0	0.0	0.0	0.0	0.0	0.0	0.0	0.0	0.0	0.0	0.0	NULL	NULL	NULL	NULL	NULL	0.0	0.0	0.004424778761061947	0.0	0.0	0.0	0.0	0.0	0.0	0.0	0.0	0.0	0.0	0.0	0.0	0.0	0.0	0.00423728813559322	0.0	0.0	0.0	0.0	0.0	0.0	0.004405286343612335	0.0	0.0	0.0049504950495049506	0.009345794392523364	0.0
8286	T	C	ORF1a	N	M2674T	1	0	1	0	0.0	0.11940298507462686	0.0	0.00819672131147541	0.0	0.0	0.00411522633744856	0.0	0.0	0.0	0.0	0.0	0.0	0.0	0.0	0.0	0.0	0.0	0.0	0.0	0.0	NULL	NULL	0.0	NULL	NULL	0.0	0.0	0.0	0.0	0.0	0.0	0.0	0.0	0.0	0.0	0.0	0.0	0.0	0.0	0.0	0.0	0.0	0.0	0.0	0.0	0.0	0.0	0.0	0.0	0.0	0.0	0.0	0.004273504273504274	0.0	0.009433962264150943
8289	T	C	ORF1a	N	L2675P	0	1	1	0	0.0	0.0	1.0	0.0	0.0	0.00425531914893617	0.00851063829787234	0.006802721088435374	0.0	0.003125	0.0	0.0	0.0	0.0	0.0	0.015151515151515152	0.0	0.0	0.0	0.0	0.0	0.0	0.0	0.0	0.0	0.0	0.0	0.0	0.0	0.0	0.0	0.0	0.0	0.009302325581395349	0.0	0.0	0.0	0.0045045045045045045	0.0	0.0	0.0	0.0	0.0	0.0	0.0	0.0	0.0	0.0	0.0	0.0	0.0	0.0	0.0	0.01293103448275862	0.012875536480686695	0.020618556701030927
8359	T	C	ORF1a	S	H2698H	1	0	1	0	0.0	0.0	NULL	0.0	0.0	0.0	0.0049504950495049506	0.0	0.0	0.0035971223021582736	0.0	0.0	0.0	0.005291005291005291	0.004608294930875576	0.0	0.0	0.0	0.0	0.0	0.00816326530612245	NULL	NULL	NULL	NULL	NULL	0.0	0.0	0.0	0.0	0.0	0.0037593984962406013	0.0	0.0	0.0	0.0	0.03461538461538462	0.0	0.0	0.0	0.0	0.0	NULL	0.0	0.0	0.0	0.0	0.0	0.004464285714285714	0.0	0.0	0.27586206896551724	0.0	0.0	0.00423728813559322	0.0
8615	G	A	ORF1a	N	A2784T	1	0	1	0	0.0	0.3004694835680751	NULL	0.0	0.0	0.0	0.00398406374501992	0.0	0.0	0.0	0.0	0.0	0.0	0.0	0.0	0.016666666666666666	0.0	0.0	0.0	0.0	0.0	NULL	NULL	NULL	NULL	NULL	0.0	0.0	0.0	0.0	0.0	0.0	0.0	0.0	0.0	0.0	0.0	0.0	0.0	0.0	0.0	0.0	0.0	0.0	0.008298755186721992	0.0	0.0	0.0	0.0	0.0	0.0	0.0	0.0	0.004081632653061225	0.004366812227074236	0.0
8653	G	T	ORF1a	N	M2796I	0	1	1	15	0.0	0.0	NULL	0.0	0.0	0.0	0.0	0.0	0.009523809523809525	0.0	0.0	0.0	0.0	0.0	0.0	0.0	0.0	0.0	0.0	0.0	0.0	NULL	NULL	NULL	NULL	NULL	0.0	0.0	0.0	0.0	0.0	0.0	0.0	0.9533898305084746	0.0	0.0	0.0	0.0	0.0	0.0036900369003690036	0.0	0.0	0.0	0.0	0.0	0.0	0.0	0.0	0.0	0.0	0.0	0.0	0.0	0.0	0.004347826086956522	0.0
8782	C	T	ORF1a	S	S2839S	0	17	17	542	0.0	0.0	NULL	0.0	0.0	0.0	0.0	0.0	0.004098360655737705	0.0	0.0	1.0	1.0	1.0	1.0	1.0	1.0	1.0	1.0	0.0	1.0	NULL	NULL	NULL	NULL	NULL	0.0	0.0	0.0	1.0	0.9919028340080972	0.0	0.9956709956709957	0.0	0.0	0.00411522633744856	0.0	0.0	1.0	1.0	0.0	0.0	0.0	0.0	0.0	0.0	0.0	0.0	0.0	1.0	0.0	1.0	1.0	0.0	0.0	0.0
8884	A	T	ORF1a	S	I2873I	1	0	1	0	0.0	0.0	NULL	0.0	0.0	0.0	0.0	0.0	0.0	0.0	0.0	0.0	0.0	0.0	0.0	0.0	0.0	0.0	0.0	0.0	0.0	NULL	NULL	NULL	NULL	NULL	0.0	0.0	0.0	0.0	0.0	0.0	0.0	0.0	0.2346368715083799	0.0	0.0	0.0	0.0	0.0	0.0	0.0	0.0	0.0	0.0	0.0	0.0	0.0	0.0	0.0	0.0	0.0	0.0	0.0	0.0	0.0
9170	C	T	ORF1a	N	L2969F	0	1	1	1	0.0	NULL	NULL	0.0	0.0	0.0	0.0	0.0	0.0	0.0	0.0	0.0	0.0	0.0	0.0	0.0	0.0	0.0	0.0	0.0	0.0	NULL	NULL	NULL	NULL	NULL	0.0	0.0	0.0	0.0	0.0	0.0	0.0	0.0	1.0	0.0	0.0	0.0	0.0	0.0	0.0	0.0	NULL	0.0	0.0	0.0	0.0	0.0	0.0	0.0	0.0	0.0	0.0	0.0	0.0	0.0
9180	C	T	ORF1a	N	S2972F	1	0	1	0	0.0	NULL	NULL	0.0	0.0	0.0	0.0	0.0	0.0	0.0	0.0	0.0	0.0	0.0	0.0	0.0	0.0	0.0	0.0	0.0	0.0	NULL	NULL	NULL	NULL	NULL	0.0	0.0	0.0	0.0	0.0	0.0	0.0	0.0	0.0	0.0	0.0	0.0	0.24064171122994651	0.0	0.0	0.0	NULL	0.0	0.0	0.0	0.0	0.004048582995951417	0.0	0.0	0.004901960784313725	0.0	0.0	0.0	0.0	0.0
9430	C	A	ORF1a	S	I3055I	1	0	1	2	0.0	0.0	NULL	0.0	0.0	0.0	0.0	0.0	0.0	0.0	0.0	0.0	0.0	0.0	0.0	0.6911764705882353	0.0	0.0	0.0	0.0	0.0	NULL	NULL	NULL	NULL	NULL	0.0	0.0	0.0	0.0	0.0	0.0	0.00411522633744856	0.0	0.0	0.0	0.0	0.0	0.004149377593360996	0.0032679738562091504	0.0	0.0	0.0	0.0	0.0	0.0	0.0	0.0	0.0	0.0	0.0	0.0	0.0	0.0	0.00423728813559322	0.0
9655	T	C	ORF1a	S	V3130V	0	1	1	0	0.0	0.0	NULL	0.0	0.0	0.0	0.012552301255230125	0.0	0.0	0.0	0.0	0.006622516556291391	0.0	0.0	0.00423728813559322	0.0	0.0	0.0	0.0	0.0	0.0	NULL	NULL	NULL	NULL	NULL	0.0	0.0	0.0	0.0	0.0	0.004016064257028112	0.0	0.0	0.0	0.0036363636363636364	0.0	0.0	0.0	0.0	0.0	0.0	NULL	0.0	0.9914529914529915	0.0	0.0	0.0	0.0	0.0	0.0	0.0	0.0	0.0	0.0	0.0
10024	A	T	ORF1a	S	P3253P	1	0	1	0	0.01834862385321101	0.45161290322580644	0.0	0.013157894736842105	0.0	0.008849557522123894	0.016597510373443983	0.0	0.0	0.003937007874015748	0.0	0.0	0.007042253521126761	0.0	0.0	0.0	0.0	0.0	0.0	0.0	0.0	NULL	NULL	NULL	NULL	NULL	0.0	0.0	0.0	0.0	0.0	0.0	0.0	0.0	0.0	0.004132231404958678	0.0	0.0	0.0	0.0	0.0	0.0	0.0	0.0	0.0	0.0	0.0	0.0	0.0	0.0	0.0	0.0	0.0	0.013636363636363636	0.004366812227074236	0.016483516483516484
10038	C	T	ORF1a	N	T3258I	0	1	1	1	0.0	0.0	NULL	0.0	0.0	0.0	0.0	0.0	0.0	0.0	0.0	0.0	0.0	0.004081632653061225	0.0	0.0	0.0	0.0	0.0	0.0	0.0	NULL	NULL	NULL	NULL	NULL	0.0	0.0	0.0	0.0	0.9954545454545455	0.0	0.0	0.0	0.0	0.0	0.0	0.0	0.0	0.0	0.0	0.0	0.0	0.0	0.0	0.0	0.0	0.0	0.0	0.0	0.0	0.0	0.0	0.0	0.0	0.0
10084	T	C	ORF1a	S	S3273S	1	0	1	0	0.0	NULL	NULL	0.004219409282700422	0.0	0.0	0.004166666666666667	0.0	0.0	0.01953125	0.0	0.0	0.0	0.008968609865470852	0.0	0.0	0.0	0.0	0.0	0.0	0.0	NULL	NULL	NULL	NULL	NULL	0.0	0.0	0.0	0.0	0.0	0.0	0.0	0.0	0.0	0.0	0.0	0.0	0.0	0.0	0.0	0.0	0.20666666666666667	0.0	0.0	0.0	0.0	0.0	0.0	0.0	0.0	0.0	0.0	0.0	0.0	0.0
10252	C	T	ORF1a	S	F3329F	1	0	1	0	0.0	NULL	NULL	0.0	0.0	0.0	0.0	0.0	0.0	0.0	0.0	0.0	0.0	0.0	0.0	0.0	0.0	0.0	0.0	0.0	0.0	NULL	NULL	NULL	NULL	NULL	0.0	0.0	0.0	0.0	0.0	0.0	0.0	0.0	0.4092827004219409	0.0	0.0	0.0041841004184100415	0.0	0.0	0.0	0.0	NULL	0.0	0.0	0.0	0.0	0.0	0.0	0.0	0.0	0.0	0.0	0.0	0.0	0.0
10528	T	G	ORF1a	S	S3421S	1	0	1	0	0.0	0.0	NULL	0.0	0.0	0.0	0.0	0.0	0.0	0.003745318352059925	0.0	0.0	0.0	0.0	0.0	0.0	0.0	0.0	0.0	0.0	0.0	NULL	NULL	NULL	NULL	NULL	0.0	0.0	0.0	0.0	0.0	0.0	0.0	0.0	0.0	0.0	0.0	0.0	0.0	0.0	0.0	0.0	0.0	0.5862068965517241	0.0	0.0	0.0	0.0	0.0	0.0	0.0	0.0	0.0	0.004219409282700422	0.0	0.0
10773	A	C	ORF1a	N	E3503A	0	1	1	0	0.017094017094017096	0.0	1.0	0.00909090909090909	0.029411764705882353	0.0	0.023696682464454975	0.0	0.0	0.00390625	0.0	0.0	0.0	0.0	0.0	0.0	0.0	0.0	0.0	0.0	0.0	NULL	NULL	NULL	NULL	NULL	0.0	0.0	0.0	0.0	0.0	0.0	0.0	0.0	0.0	0.0	0.0	0.0	0.0	0.0	0.0	0.004545454545454545	NULL	0.0	0.0	0.0	0.0	0.0	0.0	0.0	0.009216589861751152	0.0	0.0	0.0	0.0	0.0
10779	T	A	ORF1a	N	L3505Q	7	1	8	0	0.24770642201834864	0.27319587628865977	0.9722222222222222	0.2594142259414226	0.40816326530612246	0.13807531380753138	0.25316455696202533	0.0	0.0	0.0	0.0	0.0	0.0	0.0	0.0	0.0	0.0	0.0	0.0	0.0	0.0	NULL	NULL	NULL	NULL	NULL	0.0	0.0	0.0	0.0038461538461538464	0.0	0.0	0.0	0.0	0.0	0.0	0.0	0.0	0.0	0.0	0.0	0.0	NULL	0.0	0.0	0.0	0.0	0.0	0.0	0.0	0.10407239819004525	0.0	0.0	0.056768558951965066	0.03070175438596491	0.0970873786407767
10817	G	C	ORF1a	N	A3518P	1	0	1	0	0.0	0.44	NULL	0.0	0.05263157894736842	0.0	0.0	0.0	0.0	0.0	0.0	0.007194244604316547	0.0	0.0	0.0	0.0	0.0	0.0	0.0	0.0	0.0	NULL	NULL	NULL	NULL	NULL	0.0	0.0	0.0	0.0	0.0	0.0	0.0	0.0	0.0	0.0	0.0	0.0	0.0	0.0	0.0	0.0	NULL	0.0	0.0	0.0	0.0	0.0	0.0	0.0	0.0	0.0	0.0	0.00851063829787234	0.0	0.0
10956	C	T	ORF1a	N	S3564L	1	0	1	0	0.0	0.0	NULL	0.0	0.0	0.0	0.0	0.0	0.0	0.0	0.0	0.0	0.0	0.0	0.0	0.0	0.0	0.0	0.0	0.0	0.0	NULL	NULL	NULL	NULL	NULL	0.0	0.0	0.0	0.0	0.0	0.23045267489711935	0.0	0.0	0.0	0.0	0.0	0.0	0.0	0.0	0.0	0.0	NULL	0.0	0.0	0.0	0.0	0.0	0.0	0.0	0.0	0.0	0.0	0.0	0.004081632653061225	0.0
11077	T	C	ORF1a	S	F3604F	1	0	1	0	0.0	0.0	NULL	0.004524886877828055	0.4	0.0	0.008888888888888889	0.0	0.0	0.004201680672268907	0.0	0.0	0.0	0.0	0.0	0.0	0.0	0.0	0.0	0.0	0.0	NULL	NULL	NULL	NULL	NULL	0.0	0.0	0.004347826086956522	0.0	0.0	0.0	0.0	0.0	0.0	0.0	0.0	0.0	0.0	0.0	0.0	0.0	0.0	0.0	0.0	0.0	0.0	0.0	0.0	0.0	0.0	0.0	0.0	0.0043859649122807015	0.0	0.009852216748768473
11083	G	T	ORF1a	N	L3606F	1	7	8	356	0.0	0.0051813471502590676	NULL	0.0	0.0	0.0	0.0	0.0	0.0	0.0390625	1.0	0.0	0.0	0.004132231404958678	0.0	0.0	0.0	0.0	0.0	0.004310344827586207	0.004273504273504274	NULL	NULL	NULL	NULL	NULL	0.017467248908296942	1.0	1.0	0.0	0.027777777777777776	1.0	0.0038910505836575876	1.0	1.0	0.003937007874015748	0.055776892430278883	0.040983606557377046	0.171875	0.0	0.0	0.0	1.0	0.0	0.036036036036036036	0.013157894736842105	0.004347826086956522	0.012987012987012988	0.004464285714285714	0.0	0.0	0.0	0.0	0.004201680672268907	0.0	0.0
11089	A	G	ORF1a	S	E3608E	1	0	1	0	0.0	0.0	NULL	0.0	0.5	0.008368200836820083	0.0	0.0	0.0	0.0	0.0	0.0	0.0	0.0	0.0	0.0	0.0	0.0	0.0	0.0	0.00423728813559322	NULL	NULL	NULL	NULL	NULL	0.0	0.0	0.0	0.0	0.0	0.0	0.0	0.0	0.0	0.0	0.0	0.0	0.0	0.0	0.0	0.0	0.0	0.0	0.0	0.0	0.0	0.0	0.0	0.0	0.0	0.0	0.0	0.004329004329004329	0.004329004329004329	0.0
11147	T	C	ORF1a	N	F3628L	2	0	2	0	0.0	0.5833333333333334	NULL	0.030456852791878174	0.2	0.0	0.017699115044247787	0.0	0.0	0.0036363636363636364	0.0	0.0	0.0	0.0	0.0	0.0	0.0	0.0	0.0	0.0	0.0	NULL	NULL	NULL	NULL	NULL	0.0	0.0	0.0	0.0	0.0	0.0	0.0	0.0	0.0	0.0	0.0	0.0	0.0	0.0	0.0	0.0	0.0	0.0	0.0	0.0	0.0	0.0	0.0	0.0	0.026490066225165563	0.0	0.0	0.00904977375565611	0.028037383177570093	0.03937007874015748
11148	T	C	ORF1a	N	F3628S	2	0	2	0	0.0	0.5833333333333334	NULL	0.00510204081632653	0.2	0.0	0.016597510373443983	0.0	0.0	0.003703703703703704	0.0	0.0	0.0	0.0	0.0	0.0	0.0	0.0	0.0	0.0	0.0	NULL	NULL	NULL	NULL	NULL	0.0	0.0	0.0	0.0	0.0	0.0	0.0033112582781456954	0.003215434083601286	0.0	0.0	0.0	0.0	0.0	0.0	0.0	0.0	0.0	0.0	0.0	0.0	0.0	0.0	0.00425531914893617	0.03333333333333333	0.0064516129032258064	0.0	0.0	0.017316017316017316	0.008888888888888889	0.02459016393442623
11335	G	T	ORF1a	S	V3690V	1	0	1	0	0.0	NULL	NULL	0.0	0.0	0.0	0.0	0.0	0.22083333333333333	0.0	0.0	0.0	0.0	0.0	0.0	0.0	0.0	0.0	0.0	0.0	0.0	NULL	NULL	NULL	NULL	NULL	0.00423728813559322	0.0	0.0	0.0	0.0	0.0	0.0	0.0	0.0	0.004016064257028112	0.0	0.0	0.0	0.004273504273504274	0.0	0.0	0.0	0.0	0.0	0.0	0.0	0.0	0.0	0.0	0.0	0.0	0.0	0.0	0.0	0.0
11410	G	A	ORF1a	S	L3715L	0	0	0	0	0.0	NULL	NULL	0.0	0.0	0.0	0.004081632653061225	0.0	0.0	0.0	0.0	0.0	0.0	0.0	0.0044444444444444444	0.0	0.0	0.0	0.0	0.0	0.0	NULL	NULL	0.0	NULL	NULL	0.0	0.0	0.0	0.0	0.0	0.0	0.0	0.0	0.0	0.0	0.0	0.0	0.0	0.0	0.0	0.0	NULL	0.0	0.0	0.0	0.0	0.0	0.0	0.0	0.0	0.0	0.0	0.004166666666666667	0.008403361344537815	0.0
11418	T	C	ORF1a	N	V3718A	1	0	1	0	0.0	NULL	NULL	0.004347826086956522	0.0	0.0	0.0	0.0	0.0	0.00390625	0.0	0.0	0.0	0.0	0.0	0.0	0.0	0.0	0.0	0.0	0.004	NULL	NULL	0.0	NULL	NULL	0.0	0.0	0.0	0.0	0.0	0.0	0.0	0.0	0.0	0.0	0.0	0.0	0.24701195219123506	0.0	0.0	0.0	NULL	0.0	0.0	0.0	0.0	0.0	0.0	0.0	0.0	0.0	0.0	0.0	0.00425531914893617	0.0
11471	C	T	ORF1a	N	L3736F	1	0	1	0	0.0	NULL	NULL	0.004291845493562232	0.0	0.0	0.0	0.0	0.0	0.0	0.0	0.0	0.0	0.0	0.0	0.0	0.0	0.0	0.0	0.0	0.0	NULL	NULL	NULL	NULL	NULL	0.0	0.0	0.0	0.0	0.0	0.0	0.0	0.0	0.0	0.0	0.0	0.0	0.0	0.0	0.0	0.0	NULL	0.0	0.0	0.0	0.0	0.004329004329004329	0.0	0.0	0.0	0.18518518518518517	0.0	0.0	0.0	0.0
11511	C	G	ORF1a	N	T3749R	1	0	1	0	0.0	0.5	NULL	0.021834061135371178	0.0	0.00851063829787234	0.0	0.0	0.0	0.0	0.0	0.0	0.0	0.004484304932735426	0.0	0.0	0.0	0.0	0.0	0.0	0.0	NULL	NULL	NULL	NULL	NULL	0.0	0.0	0.0	0.0	0.0	0.0	0.0	0.0	0.0	0.0	0.0	0.0	0.0	0.0	0.0	0.0	NULL	0.0	0.0	0.0	0.0	0.0	0.0	0.0	0.0	0.0	0.0	0.0	0.004484304932735426	0.008658008658008658
11849	A	G	ORF1a	N	M3862V	1	0	1	0	0.0	0.23376623376623376	0.0	0.0	0.0	0.0	0.004329004329004329	0.0	0.0	0.011857707509881422	0.0	0.0	0.0	0.0	0.0	0.0	0.0	0.0	0.0	0.0	0.0	NULL	NULL	NULL	NULL	NULL	0.0	0.0	0.0	0.0	0.0	0.0	0.0	0.0	0.0	0.0	0.0	0.0	0.0	0.0	0.0	0.0	0.0	0.0	0.0	0.0	0.0	0.0	0.0	0.0	0.0	0.0	0.0	0.0	0.0	0.0
11943	A	G	ORF1a	N	Q3893R	1	0	1	0	0.011904761904761904	0.00411522633744856	NULL	0.0	0.0	0.004166666666666667	0.0	0.0	0.0	0.008368200836820083	0.0	0.0	0.0	0.0	0.0	0.0	0.0	0.0	0.0	0.0	0.0	NULL	NULL	NULL	NULL	NULL	0.0	0.0	0.0	0.0	0.0	0.0	0.0	0.00425531914893617	0.0	0.0	0.004273504273504274	0.0	0.0	0.0	0.0	0.0	0.0	0.6485355648535565	0.0	0.0	0.0	0.0	0.0	0.0	0.0	0.0	0.0	0.0	0.008403361344537815	0.004098360655737705
12141	C	A	ORF1a	N	T3959N	1	0	1	1	0.0	0.0	0.0	0.0	0.0	0.0	0.0	0.0	0.0	0.0	0.0	0.0	0.0	0.0	0.0	0.0	0.0	0.0	0.0	0.0	0.0	NULL	NULL	NULL	NULL	NULL	0.0	0.0	0.0	0.0	0.0040650406504065045	0.0	0.0	0.0	0.0	0.0	0.0	0.0	0.0	0.0	0.0	0.0	0.0	0.0	0.0	0.0	0.0	0.0	0.0	0.0	0.0	0.8571428571428571	0.0	0.0	0.0	0.0
12357	C	T	ORF1a	N	T4031I	0	1	1	2	0.0	0.0	0.0	0.0	0.0	0.0	0.0	0.0	0.0	0.0	0.0	0.0	0.0	0.0	0.0	0.0	0.0	0.0	0.0	0.0	0.008333333333333333	NULL	NULL	NULL	NULL	NULL	0.0	0.0	0.0	0.0	0.0	0.0	0.0	0.9956140350877193	0.0	0.0	0.0	0.0	0.0	0.0	0.0	0.0	0.0	0.0	0.0	0.0	0.0	0.0	0.0	0.0	0.0	0.0	0.0	0.0	0.0	0.004219409282700422
12481	T	C	ORF1a	S	V4072V	1	0	1	0	0.0	0.0	0.0	0.0	0.17647058823529413	0.0040650406504065045	0.0	0.0	0.0	0.0	0.0	0.0	0.0	0.0	0.0	0.0	0.0	0.0	0.0	0.0	0.0	NULL	NULL	NULL	NULL	NULL	0.0	0.0	0.0	0.0045045045045045045	0.0	0.0	0.0045662100456621	0.0	0.0	0.0	0.0	0.0	0.0	0.0	0.0	0.0	0.0	0.0	0.0	0.0	0.0	0.0	0.0	0.0	0.0040650406504065045	0.0	0.0	0.004273504273504274	0.0	0.0
12565	G	A	ORF1a	S	Q4100Q	1	0	1	0	0.0	0.0	0.0	0.0	0.058823529411764705	0.29347826086956524	0.0	0.0	0.0	0.0	0.0	0.0	0.0	0.0	0.0	0.0	0.0	0.0	0.0	0.0	0.0036363636363636364	NULL	NULL	0.0	NULL	NULL	0.0	0.0	0.0	0.0	0.0	0.0	0.0	0.0033003300330033004	0.0	0.0	0.0	0.0	0.0035460992907801418	0.0	0.0	0.0	0.0	0.0	0.0	0.0	0.0	0.0	0.0	0.0	0.0	0.0	0.0	0.0	0.0	0.0
13112	T	A	ORF1a	N	Y4283N	2	0	2	0	0.0	0.0	0.3305785123966942	0.0	0.0	0.004424778761061947	0.01020408163265306	0.0	0.0	0.0	0.011111111111111112	0.007751937984496124	0.04081632653061224	0.005988023952095809	0.00980392156862745	0.0	0.011764705882352941	0.08928571428571429	0.13385826771653545	0.0	0.0	NULL	NULL	NULL	NULL	NULL	0.0	0.0	0.0	0.0	0.0	0.0	0.0	0.0	0.0	0.0	0.0	0.0	0.0	0.0	0.0	0.0	NULL	0.0	0.0	0.0	0.0	0.0	0.0	0.0	0.004424778761061947	0.0	0.0	0.008695652173913044	0.0	0.014084507042253521
13179	G	A	ORF1a	N	G4305D	0	1	1	0	0.0	0.0	1.0	0.00425531914893617	0.0	0.0	0.0	0.0	0.0	0.0036496350364963502	0.0	0.0	0.0	0.0	0.0	0.0	0.0	0.0	0.0	0.0	0.0	NULL	NULL	NULL	NULL	NULL	0.0	0.0	0.0	0.0	0.0	0.0	0.0	0.0	0.0	0.0	0.0	0.0	0.0	0.0	0.0	0.0	NULL	0.0	0.0	0.0	0.004166666666666667	0.0	0.0	0.0	0.0	0.0	0.0	0.0	0.0	0.0
13454	C	T	ORF1a	N	Q4397*	1	0	1	0	0.0	NULL	NULL	0.0	0.0	0.0	0.0041841004184100415	0.0	0.0	0.0	0.0	0.0	0.0	0.0	0.0	0.0	0.0	0.0	0.0	0.0	0.0	NULL	NULL	NULL	NULL	NULL	0.0	0.0	0.0	0.0	0.0	0.0	0.0	0.0	0.0	0.0	0.0	0.0	0.0	0.0	0.0	0.24528301886792453	NULL	0.0	0.0	0.0	0.0	0.0	0.0	0.0	0.0	0.0	0.0	0.0045045045045045045	0.004291845493562232	0.0
13506	C	T	ORF1b	S	C13C	0	1	1	1	0.0	NULL	NULL	0.0	0.0	0.0	0.0	0.0	0.0	0.003968253968253968	0.0	0.0	0.015873015873015872	0.0	0.004149377593360996	0.0	0.0	0.0	0.0	0.0	0.0	NULL	NULL	NULL	NULL	NULL	0.0	0.0	0.0	0.0	0.0	0.0	0.0	0.9961089494163424	0.0	0.0	0.0	0.0	0.0	0.0	0.0	0.0	NULL	0.0	0.0	0.0	0.0	0.0	0.0	0.0	0.0	0.0	0.0	0.0	0.00423728813559322	0.0
13687	G	T	ORF1b	N	E74*	1	0	1	2	0.0	0.0	NULL	0.0	0.0	0.00411522633744856	0.0	0.0	0.0	0.0	0.0	0.0	0.0	0.0	0.0	0.0	0.0	0.0	0.0	0.004149377593360996	0.0	0.0	NULL	0.0	0.0	0.0	0.0	0.0	0.0	0.0	0.0	0.0	0.0	0.0	0.0	0.0	0.0	0.0	0.0	0.0	0.0	0.0	0.468013468013468	0.0	0.0	0.0	0.0	0.0	0.0	0.0	0.0	0.0	0.0	0.0	0.0	0.0
14198	C	T	ORF1b	N	A244V	0	0	0	0	0.0	0.004149377593360996	0.0	0.0	0.0	0.0	0.0	0.0	0.0	0.002976190476190476	0.0	0.0	0.0	0.0	0.0	0.0	0.0	0.0	0.0	0.0	0.003816793893129771	NULL	NULL	NULL	NULL	NULL	0.0	0.0	0.0	0.0	0.0	0.0	0.0	0.0	0.0	0.0	0.0	0.0	0.0	0.0	0.0	0.0	0.08333333333333333	0.0	0.0	0.0	0.0040650406504065045	0.0	0.0	0.0	0.0	0.0	0.0	0.0	0.0	0.0
14308	T	G	ORF1b	N	W281G	1	0	1	0	0.028985507246376812	0.0	0.0	0.00847457627118644	0.16279069767441862	0.013043478260869565	0.022935779816513763	0.0	0.012195121951219513	0.0	0.0	0.0	0.0	0.0	0.0	0.0	0.0	0.0	0.0	0.0	0.0	NULL	NULL	NULL	NULL	NULL	0.0	0.0	0.0	0.0	0.0	0.0	0.0	0.0	0.0	0.0	0.0	0.0	0.0	0.0	0.0	0.0	0.0	0.0	0.0	0.0	0.0	0.0	0.0	0.0	0.011428571428571429	0.0	0.0	0.037914691943127965	0.014778325123152709	0.005813953488372093
14316	G	A	ORF1b	S	Q283Q	1	0	1	0	0.014705882352941176	0.031746031746031744	0.6666666666666666	0.0	0.04310344827586207	0.0045662100456621	0.004830917874396135	0.0	0.0	0.0	0.0	0.0	0.0	0.0	0.0	0.0	0.0	0.0	0.0	0.0	0.0	NULL	NULL	NULL	NULL	NULL	0.0	0.0	0.0	0.0	0.0	0.0	0.0	0.0	0.0	0.0	0.0	0.0	0.0040650406504065045	0.0	0.0	0.0	0.0	0.0	0.0	0.0	0.0	0.0	0.0	0.0	0.004975124378109453	0.0	0.0	0.004739336492890996	0.009433962264150943	0.005813953488372093
14408	C	T	ORF1b	N	P314L	0	5	5	1268	0.0	0.0	0.0	0.004149377593360996	0.0	0.0	0.0	0.0	0.0	0.0	0.0	0.0	0.0	0.0	0.0	0.0	0.0	0.0	0.0	0.9914893617021276	0.0	NULL	NULL	NULL	NULL	NULL	0.9957805907172996	0.0	0.0	0.0	0.0	0.0	0.0	0.0	0.004273504273504274	0.0	0.0	0.9957264957264957	0.0	0.011764705882352941	1.0	1.0	0.0	0.0	0.0	0.0	0.0	0.0	0.0	0.0	0.0	0.0	0.0	0.004166666666666667	0.0	0.0041841004184100415
14786	C	T	ORF1b	N	A440V	0	1	1	7	0.0	0.0	NULL	0.0	0.0	0.004098360655737705	0.0	0.0	0.0	0.0	0.0	0.0	0.0	0.0	0.0	0.0	0.0	0.0	0.0	0.0	0.0	NULL	NULL	NULL	NULL	NULL	1.0	0.0	0.0	0.0	0.0	0.0	0.0	0.0	0.004273504273504274	0.0	0.0	0.0	0.0	0.0	0.0	0.0	0.0	0.0	0.0	0.0	0.0	0.0	0.0	0.0	0.0	0.0	0.0	0.004201680672268907	0.0	0.012658227848101266
14805	C	T	ORF1b	S	Y446Y	0	4	4	263	0.0	0.0	NULL	0.0	0.0	0.004048582995951417	0.0040650406504065045	0.0	0.0	0.0	1.0	0.0	0.0	0.0	0.0	0.0	0.0	0.0	0.0	0.0	0.0	NULL	NULL	NULL	NULL	NULL	0.0	1.0	1.0	0.0	0.0	0.0	0.0	0.0	0.995575221238938	0.0	0.0	0.0	0.0	0.0	0.0	0.0	0.0	0.0	0.0	0.0	0.0	0.0	0.0	0.0	0.0	0.0	0.0	0.0	0.00425531914893617	0.004201680672268907
14926	A	T	ORF1b	N	N487Y	1	0	1	0	0.0	0.0	NULL	0.0	0.0	0.0	0.0	0.0	0.0	0.0	0.0	0.0	0.0	0.0	0.0	0.0	0.0	0.0	0.0	0.0	0.0	NULL	NULL	NULL	NULL	NULL	0.0	0.0	0.0	0.0	0.0	0.32388663967611336	0.0	0.0	0.0	0.0	0.0	0.0	0.0	0.0	0.0	0.0	0.0	0.0	0.004201680672268907	0.0	0.0	0.0	0.0	0.0	0.0	0.0	0.0	0.0	0.0	0.0
14968	G	C	ORF1b	N	G501R	1	0	1	0	0.0	0.0	NULL	0.0	0.0	0.0	0.0	0.0	0.0	0.0037313432835820895	0.0	0.0	0.0	0.0	0.0	0.0	0.0	0.0	0.0	0.0	0.0	NULL	NULL	NULL	NULL	NULL	0.0	0.0	0.0	0.0	0.0	0.3146853146853147	0.0	0.0	0.0	0.0	0.0	0.0	0.0	0.0	0.0	0.0	NULL	0.0	0.0	0.0	0.0	0.0	0.0	0.0	0.0	0.0	0.0	0.0	0.0	0.0
15095	A	C	ORF1b	N	N543T	1	0	1	0	0.0	0.0	NULL	0.0	0.0	0.0	0.0	0.0	0.0	0.0	0.0	0.0	0.0	0.0	0.0	0.0	0.0	0.0	0.0	0.0	0.0	NULL	NULL	NULL	NULL	NULL	0.0	0.0	0.0	0.0	0.0	0.1951219512195122	0.0	0.0	0.0	0.0	0.0	0.0	0.0	0.0	0.0	0.0	NULL	0.0	0.0	0.0	0.0	0.0	0.0	0.0	0.0	0.0	0.0	0.0	0.0	0.0
15649	G	T	ORF1b	N	V728F	1	0	1	0	0.0	0.23	0.0	0.0	0.0	0.0	0.0	0.0	0.0	0.0	0.0	0.0	0.0	0.0	0.0	0.0	0.0	0.0	0.0	0.00425531914893617	0.0	0.0	0.0	0.0	0.0	0.0	0.0	0.0	0.0	0.0	0.0	0.0	0.0	0.0	0.0	0.0	0.0	0.0	0.0	0.0	0.0	0.0	0.0	0.0	0.0	0.0	0.0	0.0	0.0	0.0	0.0	0.0	0.0	0.0	0.0	0.0
15840	G	T	ORF1b	N	W791C	1	0	1	0	0.0	0.0	0.0	0.0	0.0	0.0	0.0	0.0	0.0	0.0	0.0	0.0	0.0	0.0	0.0	0.0	0.0	0.0	0.0	0.0	0.0	NULL	NULL	NULL	NULL	NULL	0.005050505050505051	0.0	0.0	0.0	0.0	0.225130890052356	0.0	0.0	0.0	0.0	0.0	0.0	0.0	0.004901960784313725	0.0	0.0	0.0	0.0	0.0	0.0	0.0	0.004219409282700422	0.0	0.0	0.0	0.0	0.0	0.0	0.0	0.0
15896	T	C	ORF1b	N	L810P	0	1	1	0	0.012345679012345678	0.024793388429752067	1.0	0.00411522633744856	0.0	0.0	0.0	0.0	0.0	0.004098360655737705	0.0	0.0	0.0	0.004830917874396135	0.0	0.0	0.0	0.0	0.0	0.0	0.0034965034965034965	NULL	0.0	0.0	NULL	NULL	0.0	0.003861003861003861	0.0	0.0	0.0	0.0	0.0	0.003937007874015748	0.0	0.0	0.0	0.0	0.0	0.0	0.004166666666666667	0.0	0.0	0.0	0.0	0.0041841004184100415	0.0041841004184100415	0.0	0.0	0.011235955056179775	0.015873015873015872	0.0	0.0	0.0	0.0	0.0048543689320388345
15900	T	C	ORF1b	S	V811V	1	1	2	0	0.037037037037037035	0.22123893805309736	1.0	0.016736401673640166	0.0	0.038461538461538464	0.07234042553191489	0.0	0.0	0.004048582995951417	0.0	0.0	0.0	0.0	0.004366812227074236	0.0	0.0	0.0	0.0	0.0	0.0036496350364963502	NULL	0.0	0.0	NULL	NULL	0.0	0.0	0.0	0.0	0.0	0.0	0.0	0.0	0.0	0.0	0.0	0.0	0.0	0.0	0.0	0.0	0.0	0.0	0.0	0.0	0.0	0.0	0.0	0.0	0.010471204188481676	0.0	0.0	0.0425531914893617	0.042735042735042736	0.05102040816326531
16028	C	T	ORF1b	N	A854V	1	0	1	0	0.0	0.0	NULL	0.0	0.0	0.004098360655737705	0.008368200836820083	0.0	0.0	0.0	0.0	0.0	0.0	0.0	0.0	0.0	0.0	0.0	0.0	0.0	0.0038461538461538464	NULL	0.0	0.0	NULL	0.0	0.0	0.0	0.0	0.0	0.0	0.0	0.0	0.0	0.0	0.0	0.0	0.0	0.21076233183856502	0.0	0.0	0.0	0.0	0.0	0.0	0.0	0.0	0.0	0.0	0.0	0.0	0.0	0.0	0.0	0.0	0.0
16381	G	T	ORF1b	N	V972F	1	0	1	0	0.0	0.0	NULL	0.0	0.0	0.0	0.0	0.0	0.0	0.0	0.0	0.0	0.0	0.0	0.0	0.0	0.0	0.0	0.0	0.0	0.0	NULL	NULL	NULL	NULL	NULL	0.0	0.0	0.0	0.0	0.0	0.1934156378600823	0.0	0.004048582995951417	0.0	0.0	0.0	0.0	0.0	0.0	0.0	0.0	0.0	0.0	0.0	0.0	0.0	0.0	0.0	0.0	0.0	0.0	0.0	0.004366812227074236	0.0	0.0
16432	G	T	ORF1b	N	G989*	1	0	1	0	0.0	0.0	NULL	0.0	0.0	0.0	0.0	0.0	0.0	0.0	0.0	0.0	0.0	0.0	0.0	0.0	0.0	0.0	0.0	0.0	0.0	NULL	NULL	NULL	NULL	NULL	0.0	0.0	0.0	0.0	0.0	0.2962962962962963	0.0	0.0	0.0	0.0	0.0	0.0	0.0	0.0	0.0	0.0	0.0	0.0	0.00425531914893617	0.0	0.0	0.0	0.0	0.0	0.0	0.0	0.0	0.0	0.0	0.0
16900	G	A	ORF1b	N	G1145S	1	0	1	0	0.0	0.0	0.0	0.0	0.0	0.004048582995951417	0.0	0.0	0.0	0.0035087719298245615	0.0	0.0	0.0	0.0	0.0	0.0	0.0	0.0	0.0	0.004310344827586207	0.0	0.0	NULL	0.0	NULL	NULL	0.0	0.0	0.0	0.0	0.0	0.0	0.0	0.0	0.0	0.0	0.0	0.0	0.0	0.0	0.0	0.0035842293906810036	0.0	0.0	0.0	0.8865546218487395	0.0	0.0	NULL	0.0	0.0	0.0	0.0	0.0	0.0	0.0
17105	A	T	ORF1b	N	H1213L	0	1	1	0	0.0	0.0	NULL	0.0	0.0	0.0	0.0	0.0	0.0	0.0	0.0	0.0	0.0	0.0	0.0	0.0	0.0	0.0	0.0	0.0	0.0	NULL	NULL	NULL	NULL	NULL	0.0	0.0	0.0	0.012552301255230125	0.0	0.0	0.0	0.0	0.004081632653061225	0.00423728813559322	0.0	0.0	0.0	0.0	0.0	0.0	0.0	0.004464285714285714	0.9772727272727273	0.0	0.0	0.0	NULL	0.0	0.0	0.0	0.0	0.0	0.0	0.0
17172	C	T	ORF1b	S	A1235A	0	1	1	0	0.0	0.0	NULL	0.0	0.0	0.0	0.0	0.0	0.0	0.003937007874015748	0.0	0.0	0.0	0.0	0.0	0.0	0.0	0.0	0.0	0.0	0.0	NULL	NULL	NULL	NULL	NULL	0.0	0.0	0.0	0.0	0.0	0.0	0.0	0.0	0.0	0.0	0.0	0.0	0.0	0.0	0.0	0.0	0.0	0.0	0.991304347826087	0.0	0.0	0.0	NULL	0.0	0.0	0.0	0.0	0.0	0.0	0.004329004329004329
17247	T	C	ORF1b	S	R1260R	0	2	2	109	0.0	0.012195121951219513	0.0	0.0	0.0	0.0	0.0	0.0	0.0	0.0038461538461538464	0.0	0.0	0.0	0.0	0.004032258064516129	0.0	0.0	0.0	0.0	0.0	0.0	NULL	NULL	NULL	NULL	NULL	0.0	1.0	0.9956140350877193	0.004310344827586207	0.0	0.0	0.003937007874015748	0.0038314176245210726	0.0	0.0	0.0	0.0	0.0	0.0	0.0038910505836575876	0.0	0.0	0.0	0.0	0.0	0.0	0.0	NULL	0.006097560975609756	0.0	0.0	0.0	0.0	0.004329004329004329	0.01282051282051282
17339	C	T	ORF1b	N	A1291V	0	1	1	2	0.0	0.0	0.0	0.0	0.0	0.0	0.0	0.0	0.0	0.0	0.0	0.0058823529411764705	0.0	0.0	0.0	0.0	0.0	0.0	0.011904761904761904	0.0	0.0038461538461538464	NULL	NULL	NULL	NULL	NULL	0.0	0.0	0.0	0.0	0.0	0.0	0.0	0.0040650406504065045	1.0	0.0	0.0	0.0	0.0	0.0	0.0	0.0	0.0	0.0	0.0	0.0	0.0	0.0	NULL	0.0	0.0	0.0	0.0	0.0	0.0	0.0
17373	C	T	ORF1b	S	A1302A	0	1	1	16	0.0	0.0	0.0	0.00423728813559322	0.0	0.0	0.0	0.0	0.984	0.0037174721189591076	0.0	0.0	0.0	0.0	0.0	0.0	0.0	0.0	0.0	0.0	0.0	0.0	0.0	0.0	0.0	0.0	0.0	0.0	0.0	0.0	0.0	0.0041841004184100415	0.0	0.0	0.0	0.0	0.0	0.0	0.004651162790697674	0.0	0.0	0.0	0.0	0.0	0.0	0.0	0.0	0.0	NULL	0.0	0.0	0.0	0.0	0.0	0.0	0.0
17539	G	A	ORF1b	N	D1358N	0	1	1	0	0.0	0.0053475935828877	0.0	0.004329004329004329	0.0	0.0	0.0	0.0	0.0	0.0	0.0	0.0	0.0	0.0	0.0	0.0	0.0	0.0	0.0	0.0	0.0	NULL	NULL	NULL	NULL	NULL	0.0	0.0	0.0	0.0	0.0	0.0	0.0	0.0	0.0	0.0	0.003289473684210526	0.0	0.0	0.0	0.0	0.0	0.0	0.9873949579831933	0.0	0.0	0.0	0.0	NULL	0.0	0.0	0.0	0.0	0.0	0.0	0.0
17722	G	A	ORF1b	N	V1419I	1	0	1	1	0.015957446808510637	0.008032128514056224	0.4672131147540984	0.0	0.0	0.0	0.0	0.0	0.0	0.0	0.0	0.0	0.0	0.004524886877828055	0.004048582995951417	0.0	0.0	0.0	0.011111111111111112	0.0	0.0	NULL	NULL	NULL	NULL	NULL	0.0	0.0	0.0	0.0	0.0	0.0	0.0	0.0	0.0	0.0	0.0	0.0	0.0	0.0	0.0	0.0	0.0	0.0	0.0	0.0	0.0	0.0	NULL	0.015151515151515152	0.0	0.0	0.0	0.004291845493562232	0.01762114537444934	0.004219409282700422
17747	C	T	ORF1b	N	P1427L	2	10	12	344	0.0	0.0	0.0	0.0	0.0	0.0	0.0	0.0	0.0	0.0	0.0	1.0	1.0	1.0	0.9956140350877193	1.0	1.0	1.0	1.0	0.0	0.0	NULL	NULL	NULL	NULL	NULL	0.0	0.0	0.0	0.757847533632287	0.0	0.0	0.8133333333333334	0.0	0.0	0.0	0.0	0.0	0.9508196721311475	1.0	0.0	0.0	0.0	0.0	0.0	0.0	0.0	0.0	NULL	0.0	0.0	0.0	0.0	0.0	0.0	0.0043859649122807015
17825	C	T	ORF1b	N	T1453I	1	0	1	0	0.0	0.0	0.0	0.0	0.013888888888888888	0.0	0.00423728813559322	0.2168141592920354	0.0	0.0037313432835820895	0.0	0.0	0.0	0.0	0.0	0.0	0.0	0.0	0.0	0.0	0.0	NULL	NULL	NULL	NULL	NULL	0.003401360544217687	0.0	0.0	0.0	0.0	0.0	0.0	0.0	0.0	0.0	0.0	0.0	0.0	0.0	0.0	0.0	0.0	0.0	0.0	0.0	0.0	0.0	NULL	0.0	0.0	0.0	0.0	0.06637168141592921	0.034334763948497854	0.0
17847	G	A	ORF1b	S	Q1460Q	1	0	1	0	0.008968609865470852	0.0	0.16535433070866143	0.0	0.0	0.0	0.0	0.0	0.0	0.003787878787878788	0.0	0.0	0.0	0.0	0.0	0.0	0.0	0.0	0.0	0.0	0.0	NULL	NULL	NULL	NULL	NULL	0.0	0.0	0.003745318352059925	0.0	0.0	0.0	0.0	0.0	0.0	0.0	0.0	0.0	0.0	0.0	0.0	0.0	0.0	0.0	0.0	0.0	0.0	0.0	NULL	0.0	0.0	0.0	0.0	0.0	0.0	0.0
17858	A	G	ORF1b	N	Y1464C	0	12	12	362	0.0	0.0	0.0	0.0	0.0	0.0	0.0	0.0	0.0	0.0	0.0	0.992	1.0	0.973404255319149	0.9813953488372092	1.0	0.9012345679012346	0.9295774647887324	1.0	0.0	0.0	NULL	NULL	NULL	NULL	NULL	0.0	0.0	0.0	0.9957446808510638	0.0	0.0	1.0	0.0	0.0	0.0	0.0	0.0	0.9942857142857143	0.9920634920634921	0.0035335689045936395	0.0	0.0	0.0	0.0	0.0	0.0	0.0	NULL	0.0	0.0	0.0	0.0	0.00423728813559322	0.0	0.0
17882	C	T	ORF1b	N	T1472I	1	0	1	0	0.0	0.0	0.0	0.0	0.0	0.004081632653061225	0.30158730158730157	0.0	0.0	0.0	0.0	0.0	0.0	0.004807692307692308	0.0	0.0	0.0	0.0	0.0	0.0	0.004081632653061225	NULL	NULL	NULL	NULL	NULL	0.0	0.0	0.0	0.0	0.0	0.0	0.0	0.0	0.0	0.0	0.0	0.0	0.0	0.0	0.0	0.0	0.0	0.0	0.0	0.0	0.0	0.0	NULL	0.0	0.0	0.0	0.0	0.0	0.0	0.0
18060	C	T	ORF1b	S	L1531L	0	13	13	367	0.0	0.0	0.0	0.0	0.0	0.0	0.0	0.0	0.0	0.004081632653061225	0.0	1.0	1.0	1.0	1.0	1.0	1.0	0.9852941176470589	0.9821428571428571	0.0	0.9893617021276596	0.0	0.0	0.0	0.0	0.0	0.0	0.0	0.0	0.9811320754716981	0.0	0.0	0.9947916666666666	0.004016064257028112	0.0	0.0	0.0	0.0	1.0	0.9914893617021276	0.0	0.0	NULL	0.004201680672268907	0.0	0.0	0.004149377593360996	0.0	NULL	0.0	0.0	0.0	0.0	0.0	0.0	0.0
18290	G	C	ORF1b	N	R1608P	1	0	1	0	0.0	0.0	0.0	0.0	0.0	0.0	0.0	0.0	0.0	0.0031545741324921135	0.0	0.0	0.0	0.0	0.0	0.0	0.0	0.0	0.0	0.0	0.0	NULL	NULL	NULL	NULL	NULL	0.0	0.0	0.0	0.0	0.0	0.0	0.0	0.004048582995951417	0.0	0.0	0.0	0.0	0.21212121212121213	0.0	0.0	0.0	0.0	0.0	0.0	0.0	0.0	0.0	NULL	0.0	0.0	0.0	0.0	0.0	0.0	0.0
18685	T	C	ORF1b	N	C1740R	1	0	1	0	0.0	0.0	NULL	0.0	0.0	0.0	0.0	0.0	0.0	0.0036363636363636364	0.0	0.0	0.0	0.0	0.0045662100456621	0.0	0.0	0.0	0.0	0.0	0.0	NULL	NULL	NULL	NULL	NULL	0.0	0.0	0.0	0.0	0.003861003861003861	0.0	0.0	0.0	0.0	0.0	0.0	0.0	0.0	0.0	0.0	0.0	0.3512396694214876	0.0	0.0	0.0	0.0	0.0	NULL	0.023809523809523808	0.0	0.0	0.0	0.0044444444444444444	0.0	0.0
18697	G	A	ORF1b	N	A1744T	1	1	2	1	0.0	0.021739130434782608	NULL	0.004132231404958678	0.0	0.004048582995951417	0.14285714285714285	0.0	0.0	0.0036363636363636364	0.0	0.0	0.0	0.0	0.0	0.0	0.0	0.0	0.0	0.0	0.0	NULL	NULL	NULL	NULL	NULL	0.0	0.0	0.0	0.0	0.0	0.9924528301886792	0.0	0.0	0.0	0.0	0.0	0.0	0.0	0.0	0.0	0.0	0.0	0.0	0.0	0.0	0.0	0.0	NULL	0.0	0.0	0.0	0.0	0.0	0.004405286343612335	0.0
18750	T	C	ORF1b	S	Y1761Y	1	0	1	0	0.0	0.0	NULL	0.0	0.0	0.0	0.5	0.0	0.0	0.0	0.0	0.0	0.008547008547008548	0.0	0.0	0.0	0.0	0.0	0.0	0.004273504273504274	0.0	NULL	NULL	NULL	NULL	NULL	0.0	0.0	0.0	0.0	0.0	0.0	0.0	0.0	0.0	0.003246753246753247	0.003289473684210526	0.0	0.0	0.0	0.0	0.0	0.0	0.0	0.0	0.0	0.0	0.0	NULL	0.0	0.0	0.0	0.0	0.004329004329004329	0.0	0.0
18760	A	G	ORF1b	N	M1765V	1	0	1	0	0.0	0.008333333333333333	NULL	0.004219409282700422	0.35714285714285715	0.0	0.0	0.0	0.0	0.0037174721189591076	0.0	0.0	0.0	0.00425531914893617	0.0	0.0	0.0	0.0	0.0	0.0	0.0	NULL	NULL	NULL	NULL	NULL	0.0	0.0	0.0	0.0	0.0	0.0	0.0	0.0	0.0	0.0	0.0032679738562091504	0.0	0.0	0.0	0.0	0.0	0.0	0.0	0.0	0.0	0.0	0.0	NULL	0.0	0.0	0.0	0.0	0.004219409282700422	0.0	0.0
18763	A	T	ORF1b	N	I1766F	1	0	1	0	0.0	0.0	NULL	0.004273504273504274	0.5384615384615384	0.0	0.0	0.0	0.0	0.0	0.0	0.0	0.0078125	0.0	0.004149377593360996	0.0	0.0	0.0	0.0	0.0	0.011494252873563218	NULL	NULL	NULL	NULL	NULL	0.0	0.0	0.0	0.0	0.0	0.0	0.0	0.0	0.0	0.0	0.0	0.0	0.0	0.0	0.0	0.0	0.0	0.0	0.0	0.0	0.0	0.004201680672268907	NULL	0.0	0.0	0.0	0.0	0.0	0.0	0.004149377593360996
18768	T	C	ORF1b	S	D1767D	1	0	1	0	0.0	0.0	NULL	0.0	0.7884615384615384	0.0040650406504065045	0.0	0.0	0.0	0.0071174377224199285	0.0	0.0	0.0	0.0	0.0	0.0	0.0	0.0	0.0	0.0	0.0	NULL	NULL	NULL	NULL	NULL	0.0	0.0	0.0	0.004166666666666667	0.0	0.0	0.0	0.0	0.0	0.0035211267605633804	0.0	0.0	0.0	0.0	0.0	0.0	0.0	0.0	0.0	0.0	0.0	0.0	NULL	0.0	0.0	0.0	0.0	0.004201680672268907	0.0	0.0
18814	C	T	ORF1b	S	L1783L	0	1	1	1	0.0	0.0	NULL	0.0	0.0	0.0	NULL	0.0	0.0	0.003676470588235294	0.0	0.0	0.0	0.0	0.0	0.0	0.0	0.0	0.0	1.0	0.0	NULL	NULL	NULL	NULL	NULL	0.0	0.0	0.0	0.0	0.0	0.0	0.0	0.0	0.0	0.0	0.0	0.0	0.0	0.0	0.0	0.0	0.0	0.0	0.0	0.0	0.0	0.0	NULL	0.0	0.0	0.0	0.0	0.0	0.0	0.0
18828	C	T	ORF1b	S	V1787V	0	1	1	1	0.0	0.0	NULL	0.008620689655172414	0.0	0.0	0.0	0.0	0.0	0.0	0.0	0.0	0.0	0.0	0.0	0.0	0.0	0.0	0.0	0.0	0.0	NULL	NULL	NULL	NULL	NULL	0.0	0.0	0.0	0.0	0.0	0.0	0.0	0.0	0.0	0.0	0.0	0.0	0.0	0.0	0.0	0.0	0.0	0.0	0.0	0.0	0.0	0.0040650406504065045	NULL	0.0	0.9705882352941176	0.0	0.0	0.0	0.0	0.0
18928	C	T	ORF1b	N	P1821S	1	0	1	8	0.0	0.0	NULL	0.0	0.0	0.0	0.3333333333333333	0.0	0.0	0.0	0.0	0.0	0.0	0.0	0.0	0.0	0.0	0.0989010989010989	0.0	0.0	0.0	NULL	NULL	NULL	NULL	NULL	0.0	0.0	0.0	0.0	0.0	0.0	0.0	0.0	0.0	0.0	0.0	0.0	0.0	0.0	0.0	0.0	0.0	0.0	0.0	0.0	0.0	0.0	NULL	0.0	0.0	0.0	0.0	0.0	0.004273504273504274	0.0
18974	T	A	ORF1b	N	V1836D	1	0	1	0	0.0	0.0	NULL	0.0	0.5526315789473685	0.0	0.0	0.0	0.0	0.0	0.0	0.0	0.0	0.0	0.0	0.0	0.0	0.0	0.0	0.0	0.0	NULL	NULL	NULL	NULL	NULL	0.0	0.0043859649122807015	0.0	0.0	0.0	0.0	0.0	0.0	0.0	0.0	0.0	0.0	0.0	0.0	0.0	0.0	0.0	0.0	0.0	0.0	0.0	0.0	NULL	0.0	0.0	0.0	0.0	0.0	0.0	0.0
19218	T	C	ORF1b	S	P1917P	1	0	1	0	0.02702702702702703	0.34782608695652173	NULL	0.0	0.0	0.0	0.0	0.0	0.0	0.0038910505836575876	0.0	0.0	0.0	0.0	0.0	0.0	0.014925373134328358	0.0	0.0	0.0	0.003663003663003663	NULL	NULL	NULL	NULL	NULL	0.0	0.004132231404958678	0.0	0.0	0.0	0.0	0.0	0.0	0.0	0.0	0.0	0.0	0.0	0.0	0.0	0.0	0.0	0.0	0.0	0.0	0.0	0.0	NULL	0.0	0.0	0.0	0.023809523809523808	0.00819672131147541	0.0	0.0
19349	T	A	ORF1b	N	V1961D	0	1	1	0	0.0	1.0	NULL	0.0	0.0	0.004098360655737705	0.0	0.0	0.0	0.0	0.0	0.0	0.0	0.0	0.0	0.0	0.0	0.0	0.0	0.0	0.0	NULL	NULL	NULL	NULL	NULL	0.0	0.0	0.0	0.0	0.0	0.0	0.0	0.0	0.0	0.0	0.0	0.0	NULL	0.0	NULL	0.0	NULL	0.0	0.0	0.0	0.0	0.0	NULL	0.0	0.0	0.0	0.0	0.0	0.004273504273504274	0.0
20236	A	G	ORF1b	N	R2257G	3	0	3	0	0.014925373134328358	0.010256410256410256	0.1125	0.008695652173913044	0.30434782608695654	0.0	0.16666666666666666	0.0	0.0	0.0028011204481792717	0.0	0.0	0.0	0.0	0.0	0.0	0.0	0.0	0.0	0.0	0.0	NULL	NULL	NULL	NULL	NULL	0.0	0.0	0.0	0.004424778761061947	0.0	0.004166666666666667	0.0	0.0	0.0	0.0	0.0	0.0	0.0	0.0	0.0	0.0	0.0	0.004310344827586207	0.0	0.0	0.0	0.0	NULL	0.0	0.005319148936170213	0.0	0.0	0.00423728813559322	0.013100436681222707	0.005555555555555556
20237	G	T	ORF1b	N	R2257M	1	0	1	0	0.0	0.0	0.0	0.0	0.30434782608695654	0.0	0.0	0.0	0.0	0.0	0.0	0.0	0.0	0.0	0.0	0.0	0.0	0.0	0.0	0.0	0.0	NULL	NULL	NULL	NULL	NULL	0.0	0.0	0.0	0.0	0.0	0.0	0.0	0.0	0.0	0.0	0.0	0.0	0.0	0.0	0.0	0.0	0.0	0.0	0.0	0.0	0.0	0.0	NULL	0.0	0.0	0.0	0.0	0.0	0.008547008547008548	0.0
20240	G	A	ORF1b	N	S2258N	2	0	2	0	0.0	0.03296703296703297	0.35	0.0	0.0	0.012295081967213115	0.16666666666666666	0.0	0.0	0.0	0.0	0.0	0.0	0.0	0.0	0.0	0.0	0.0	0.0	0.0	0.0	NULL	NULL	NULL	NULL	NULL	0.0	0.0	0.0	0.0	0.004016064257028112	0.0	0.0	0.0	0.0	0.0	0.0	0.0	0.0	0.0	0.0	0.0	0.0	0.0	0.0	0.0	0.0	0.0	NULL	0.0	0.015	0.0	0.0	0.004273504273504274	0.017241379310344827	0.005128205128205128
20281	T	C	ORF1b	N	F2272L	0	1	1	0	0.013333333333333334	0.0	NULL	0.004201680672268907	0.0	0.0	NULL	0.0	0.0	0.0	0.0	0.0	0.008695652173913044	0.9234972677595629	0.0	0.0	0.0	0.0	0.0	0.0	0.0	0.0	NULL	0.0	NULL	0.0	0.004149377593360996	0.0	0.0038461538461538464	0.0	0.0	0.0	0.0	0.0	0.0	0.0	0.0	0.0	0.0	0.0	0.0	0.0	0.0	0.0	0.0	0.0	0.0	0.0	NULL	0.0	0.0	0.0	0.0	0.0	0.004366812227074236	0.008368200836820083
20329	T	C	ORF1b	N	Y2288H	1	0	1	0	0.0	0.0	0.35	0.0	0.0	0.0	0.0	0.0	0.0	0.0031645569620253164	0.015625	0.0	0.0	0.005494505494505495	0.0	0.0	0.014084507042253521	0.0	0.011904761904761904	0.0	0.0	0.0	0.0	0.0	0.0	0.0	0.0	0.0	0.0	0.0	0.0	0.003367003367003367	0.0	0.003424657534246575	0.0	0.0	0.0	0.0	0.0	0.0	0.0	0.0	0.0	0.0	0.0	0.0	0.0	0.0	NULL	0.0	0.0	0.0	0.0	0.0	0.0	0.0
20445	T	C	ORF1b	S	V2326V	0	1	1	0	0.0	0.0	1.0	0.004201680672268907	0.0	0.0	0.0	0.0	0.0	0.0	0.0	0.0	0.0	0.004149377593360996	0.0	0.0	0.0	0.0	0.0	0.0	0.0	0.0	0.0	0.0	0.0	0.0	0.0	0.0	0.0	0.0	0.004149377593360996	0.0	0.0	0.004132231404958678	0.0	0.0	0.0	0.0	0.0	0.0	0.0	0.0	NULL	0.0	0.0	0.0	0.0	0.0	NULL	0.0	0.0	0.0	0.0	0.0	0.0	0.0
20564	C	T	ORF1b	N	S2366F	1	0	1	0	0.021052631578947368	0.0	NULL	0.00411522633744856	0.0	0.0	0.0	0.0	0.0	0.0	0.0	0.015384615384615385	0.011363636363636364	0.02717391304347826	0.04672897196261682	0.0	0.013333333333333334	0.0	0.0	0.0	0.0	NULL	NULL	NULL	NULL	NULL	0.0	0.0	0.0	0.0	0.0	0.0	0.0	0.0	0.0	0.0	0.0	0.0	0.0	0.0	0.0	0.0	NULL	0.0	0.0	0.0	0.0	0.0	NULL	0.14634146341463414	0.0	0.0	0.0	0.0	0.004149377593360996	0.0
20578	G	T	ORF1b	N	V2371L	0	1	1	4	0.0	0.004291845493562232	NULL	0.0	0.0	0.0	NULL	0.0	0.0	0.0	0.0	0.0	0.0	0.0	0.0	0.0	0.0	0.0	0.0	0.0	0.0	NULL	NULL	NULL	NULL	NULL	1.0	0.004	0.0	0.0	0.0	0.0	0.0	0.0	0.0	0.0	0.0	0.0	0.0	0.0	0.0	0.004484304932735426	NULL	0.0	0.0	0.0	0.0	0.0	NULL	0.0	0.0	0.0	0.0	0.004273504273504274	0.0	0.0
20703	C	T	ORF1b	S	Y2412Y	1	0	1	3	0.0	0.0	NULL	0.0	0.33877551020408164	0.0	0.0	0.0	0.0	0.0	0.0	0.0	0.0	0.0	0.0	0.0	0.0	0.0	0.0	0.0	0.0	0.0	0.0	0.0	0.0	0.0	0.0041841004184100415	0.0	0.0	0.0	0.0	0.0	0.0	0.0	0.0	0.0	0.0	0.0	0.0	0.0	0.0	0.0	NULL	0.0	0.0	0.0	0.0	0.0	NULL	0.0	0.0	0.0	0.0	0.0	0.0	0.0
20955	T	C	ORF1b	S	D2496D	1	0	1	0	0.0	0.75	NULL	0.0	0.0	0.0	0.0	0.0	0.0	0.0	0.0	0.0	0.0	0.0	0.0	0.0	0.0	0.0	0.0	0.0	0.0	NULL	NULL	NULL	NULL	NULL	0.0	0.0	0.0	0.0	0.0	0.0	0.0	0.0	0.0	0.003952569169960474	0.003663003663003663	0.0	0.0	0.0	0.0	0.0	0.0	0.0	0.0	0.0	0.0	0.0	NULL	0.0	0.0	0.0	0.0	0.0	0.0	0.004291845493562232
20958	T	C	ORF1b	S	L2497L	1	0	1	0	0.0	0.75	NULL	0.0	0.0	0.0	0.0	0.0	0.0	0.0	0.0	0.0	0.0	0.0	0.0	0.0	0.0	0.0	0.0	0.0	0.0	NULL	NULL	NULL	NULL	NULL	0.0	0.0	0.0	0.0	0.0	0.0	0.0	0.0	0.0	0.0	0.0	0.0	0.0	0.0	0.0	0.0	0.0	0.00411522633744856	0.0	0.0	0.0	0.0	NULL	0.0	0.0	0.0	0.0	0.0	0.0	0.013392857142857142
21147	T	G	ORF1b	S	L2560L	1	0	1	0	0.0	0.0	NULL	0.0	0.0	0.0	0.0	0.0	0.0	0.0	0.0	0.0	0.0	0.0	0.0	0.0	0.0	0.0	0.0	0.0	0.0	NULL	NULL	NULL	NULL	NULL	0.0	0.0	0.0	0.0	0.004048582995951417	0.36134453781512604	0.0	0.0	0.0	0.0	0.0	0.0	0.0	0.0	0.0	0.0	0.0	0.0	0.0	0.0	0.0	0.0	NULL	0.0	0.0	0.0	0.0	0.0	0.0	0.0
21417	A	T	ORF1b	N	K2650N	3	0	3	0	0.005847953216374269	0.00819672131147541	0.0	0.012448132780082987	0.008403361344537815	0.012195121951219513	0.0	0.0	0.0	0.0038461538461538464	0.0	0.020689655172413793	0.0	0.061946902654867256	0.01702127659574468	0.02631578947368421	0.13333333333333333	0.2611464968152866	0.18604651162790697	0.0	0.0	0.0	0.0	0.0	0.0	0.0	0.0	0.0	0.0	0.004048582995951417	0.0	0.0	0.004651162790697674	0.0	0.0	0.00398406374501992	0.0	0.0	0.0	0.018018018018018018	0.0	0.005813953488372093	0.0	0.0	0.0	0.0	0.004291845493562232	0.0	NULL	0.0	0.012345679012345678	0.0	0.0	0.0	0.004219409282700422	0.0
21710	T	C	S	N	S50P	0	1	1	0	0.0	0.0	1.0	0.0	0.0	0.00823045267489712	0.0	0.0	0.0	0.006944444444444444	0.0	0.0	0.0	0.0	0.0	0.0	0.0	0.0	0.0	0.0	0.0	NULL	NULL	NULL	NULL	0.0	0.0	0.0	0.0	0.0	0.0	0.0	0.0	0.0	0.0	0.0	0.0	0.0	0.0	0.0	0.0	0.0	0.0	0.0	0.0	0.0	0.0	0.0	NULL	0.0	0.0	0.0	0.0	0.0	0.0	0.013888888888888888
21728	T	C	S	S	L56L	1	0	1	0	0.0	0.0	NULL	0.00423728813559322	0.0	0.00411522633744856	0.0	0.0	0.0	0.0	0.0	0.0	0.0	0.0	0.0	0.0	0.0	0.0	0.0	0.0	0.0	0.0	0.0	0.0	0.0	0.0	0.0	0.0	0.0	0.0	0.0	0.29333333333333333	0.0	0.0	0.0	0.0	0.0	0.0	0.0	0.0	0.0	0.0	0.0	0.0	0.0	0.0	0.008968609865470852	0.0	NULL	0.0	0.0	0.0	0.0	0.0	0.0	0.0
21898	G	T	S	S	S112S	0	4	4	0	0.0	0.0	NULL	0.0	0.0	0.0	NULL	0.0	0.0	0.0	0.0	0.0	0.0	0.0	0.0	0.0	0.0	0.0	0.0	0.0	0.0	1.0	1.0	1.0	1.0	NULL	0.0	0.0	0.0	0.0	0.0	0.0	0.0	0.0	0.0	0.0	0.0	0.0	0.0	0.004761904761904762	0.0	0.0	0.0	0.004098360655737705	0.0	0.0041841004184100415	0.0	0.0	NULL	0.0	0.0	0.0	0.0	0.0	0.0	0.0
22133	G	A	S	N	E191K	1	0	1	0	0.0	0.0	NULL	0.004329004329004329	0.0	0.0	0.0	0.0	0.0	0.0	0.0	0.008547008547008548	0.0	0.0	0.0041841004184100415	0.0	0.0	0.0	0.0	0.0	0.0	0.004032258064516129	0.0	0.004032258064516129	0.0	0.0	0.0	0.0	0.0	0.0	0.0	0.284	0.0	0.0	0.0	0.0	0.0	0.0	0.0	0.0	0.0	0.0	NULL	0.0	0.0	0.0	0.0	0.0	NULL	0.0	0.0	0.0	0.0	0.0	0.0	0.0
22316	G	A	S	N	G252S	2	0	2	0	0.00546448087431694	0.0040650406504065045	0.15853658536585366	0.004149377593360996	0.0	0.01652892561983471	0.125	0.0	0.0	0.003236245954692557	0.0	0.0	0.0	0.014563106796116505	0.0	0.0	0.0	0.0	0.0	0.0	0.0	0.0	0.0	0.003745318352059925	0.0	0.0	0.0	0.0	0.0	0.0	0.010869565217391304	0.0	0.0	0.0	0.0	0.0	0.0	0.01	0.0	0.007194244604316547	0.0	0.0	0.0	0.0	0.0	0.0	0.0	0.0	NULL	0.0	0.0	0.0	0.0	0.01702127659574468	0.012987012987012988	0.021645021645021644
22357	T	C	S	S	Y265Y	1	0	1	0	0.0	0.0	0.006802721088435374	0.0	0.004166666666666667	0.0	0.0	0.0	0.0	0.0	0.0	0.0	0.0	0.0	0.0	0.0	0.0	0.0	0.0	0.0	0.0	0.0	0.01171875	0.3048327137546468	0.003816793893129771	0.0	0.0	0.0	0.0	0.0	0.0	0.0	0.0	0.0	0.0	0.0	0.0	0.0	0.0	0.0	0.0	0.0	0.0	0.0	0.0	0.0	0.0	0.0	NULL	0.0	0.0	0.0	0.0	0.00423728813559322	0.004329004329004329	0.008333333333333333
22499	T	C	S	N	Y313H	1	0	1	0	0.0	0.1590909090909091	NULL	0.004878048780487805	0.0	0.018433179723502304	0.0	0.0	0.0	0.0	0.0	0.0	0.0	0.0	0.0	0.0	0.0	0.0	0.0	0.0	0.0	0.0036496350364963502	0.0	0.0	0.0038022813688212928	0.0	0.0	0.0	0.0	0.0	0.0	0.0	0.0	0.0	0.0	0.0	0.0	0.0	0.0	0.0	0.0	0.0	0.0	0.0	0.0	0.0	0.0	0.0	NULL	0.0	0.0	0.0	0.0	0.0	0.004291845493562232	0.0
22509	C	T	S	N	S316F	1	0	1	0	0.0	0.007194244604316547	NULL	0.0	0.0	0.0	NULL	0.0	0.0	0.0037174721189591076	0.0	0.0	0.0	0.0	0.0	0.0	0.0	0.0	0.0	0.0	0.0	0.0	0.0	0.0	0.0	0.0037174721189591076	0.0	0.0	0.0	0.0	0.0	0.15	0.0	0.0	0.0	0.0	0.0	0.0	0.0	0.0	0.0	0.0	0.0	0.0	0.0	0.0	0.0	0.0	NULL	0.0	0.0	0.0	0.0	0.0	0.0	0.0
22709	T	C	S	N	S383P	1	0	1	0	0.0	0.012422360248447204	NULL	0.0	0.0078125	0.012195121951219513	0.0	0.0	0.0	0.011363636363636364	0.0	0.0	0.0	0.0	0.0	0.0	0.0	0.0	0.0	0.0	0.0	0.0	NULL	0.0	0.26666666666666666	0.0	0.0	0.004201680672268907	0.0	0.0	0.0	0.004098360655737705	0.0	0.0	0.0	0.00398406374501992	0.0	0.0	0.0	0.0	0.0	0.00398406374501992	0.0	0.0	0.0	0.0	0.0	0.0	NULL	0.0	0.0	0.0	0.0	0.0	0.0	0.012658227848101266
22712	C	T	S	N	P384S	1	0	1	0	0.0	0.0	NULL	0.0	0.0	0.0	NULL	0.0	0.0	0.0	0.0	0.0	0.0	0.0	0.0	0.0	0.0	0.0	0.0	0.0	0.0	0.0	NULL	0.0	0.0	0.3333333333333333	0.0	0.0	0.0	0.0	0.0	0.0	0.0	0.0	0.0	0.0	0.0	0.0	0.0	0.0	0.0	0.0	0.0	0.0	0.0	0.0	0.0	0.0	NULL	0.0	0.0	0.0	0.0	0.0	0.0	0.0
22754	G	T	S	N	D398Y	1	0	1	0	0.0	0.0	NULL	0.0	0.0	0.0	NULL	0.0	0.0	0.0	0.0	0.0	0.0	0.0	0.0	0.0	0.0	0.0	0.0	0.0	0.0	0.0	0.0	0.0	0.0	0.0	0.0	0.0	0.0	0.0	0.0	0.20987654320987653	0.0	0.0	0.0	0.0	0.0	0.0	0.0	0.0	0.0	0.0	0.0	0.0	0.0	0.004166666666666667	0.0	0.0	NULL	0.0	0.0	0.0	0.0	0.0	0.0	0.0
22838	C	T	S	N	P426S	1	0	1	0	0.0	0.0	0.25	0.004132231404958678	0.0	0.0	NULL	0.0	0.0	0.0	0.0	0.0	0.0	0.0	0.0	0.0	0.0	0.0	0.0	0.0	0.0	0.0	0.0	0.0	0.0	0.0	0.0	0.0	0.0	0.0	0.0	0.0	0.0	0.0	0.0	0.0	0.0	0.0	0.0	0.0	0.0	0.0	0.0	0.0	0.0	0.0	0.0	0.0	NULL	0.0	0.0	0.0	0.0	0.0	0.004291845493562232	0.0
22915	C	T	S	S	Y451Y	2	0	2	0	0.03278688524590164	0.36180904522613067	0.0	0.0	0.2773109243697479	0.0	NULL	0.0	0.0	0.0	0.0	0.0	0.008	0.0	0.00411522633744856	0.012048192771084338	0.0	0.0	0.0	0.0	0.0034965034965034965	0.0	0.0	0.0	0.0	0.0	NULL	NULL	NULL	0.0	0.0	NULL	0.0	0.0	NULL	0.0	NULL	0.0	0.0	0.0	0.0	0.0	NULL	0.0	0.0	0.0	0.0	0.0	NULL	0.020833333333333332	0.0	0.0	0.0	0.004424778761061947	0.0	0.0
22937	T	C	S	N	S459P	0	1	1	0	0.0	0.0	1.0	0.0	0.008771929824561403	0.0	NULL	0.0	0.04	0.01968503937007874	0.0	0.0	0.0	0.0	0.0	0.0	0.0	0.0	0.0	0.0	0.0	0.0	0.0	0.00392156862745098	0.0038910505836575876	0.0	NULL	0.0	NULL	0.0	0.0	NULL	0.0	0.0	NULL	0.0	NULL	0.0	0.0	0.0	0.0	0.0	NULL	0.0	0.0	0.0	0.0	0.0	NULL	0.0	0.0	0.0	0.0	0.0	0.0	0.0
23010	T	C	S	N	V483A	1	1	2	14	0.0	NULL	NULL	0.0	0.0	0.0041841004184100415	NULL	0.0	0.0	0.003787878787878788	0.0	0.0	0.0	0.0	0.0	0.0	0.0	0.8481012658227848	0.9078947368421053	0.0	0.0	0.012096774193548387	0.011049723756906077	0.043137254901960784	0.003952569169960474	0.019762845849802372	NULL	NULL	NULL	0.0	0.0	NULL	0.0	0.0	NULL	0.0	NULL	0.0	0.0	0.0	0.0	0.0	0.0	0.0	0.0	0.0	0.0	0.0	NULL	0.0	0.0	0.0	0.0	0.004273504273504274	0.0	0.0
23026	T	A	S	N	C488*	0	0	0	0	0.0	0.0	NULL	0.0	0.0	0.0	NULL	0.0	0.0	0.0	0.0	0.0	0.0	0.0	0.0	0.0	0.0	0.0	0.0	0.0	0.0	0.0	0.0	0.0	0.0	0.0	NULL	NULL	NULL	0.0	0.0	NULL	NULL	0.0	NULL	0.0	NULL	0.0	0.0	0.004	0.0	0.0	0.0	0.0	0.0	0.0	0.0	0.004201680672268907	NULL	0.0	0.0	0.0	0.0	0.0	0.0	0.0
23126	G	C	S	N	A522P	3	0	3	0	0.0	0.0	0.0	0.0	0.0	0.0	0.0	0.0	0.0	0.0	0.0	0.0	0.0	0.0	0.0	0.0	0.0	0.0	0.0	0.0	0.0	0.0	0.0	0.0	0.0	0.0	0.0	0.6666666666666666	0.5	0.0	0.0	0.0	0.0	0.0	0.0	0.0	0.3333333333333333	0.0	0.0	0.0	0.0	0.0	0.09090909090909091	0.0	0.0	0.0	0.0	0.00423728813559322	NULL	0.0	0.0	0.0	0.0	0.0	0.0	0.0
23244	C	T	S	N	P561L	0	2	2	2	0.0	0.0	0.0	0.0	0.0	0.0	0.0	0.0	0.007407407407407408	0.0	0.0	0.0	0.0	0.0	0.0	0.0	0.0	0.0	0.0	0.0	0.0	0.0	0.0	0.0	0.0	0.0	0.0	1.0	0.9970588235294118	0.0	0.0	0.0	0.0	0.0	0.0	0.0029585798816568047	0.0	0.0	0.0	0.0	0.0	0.0	0.0	0.0	0.0	0.0	0.0	0.0	NULL	0.0	0.0	0.0	0.0	0.0	0.0	0.0
23332	T	C	S	S	C590C	1	0	1	0	0.0	0.00823045267489712	0.0	0.0	0.0	0.0	0.0	0.0	0.0	0.0	0.0	0.0	0.0	0.0	0.0	0.0	0.0	0.0	0.0	0.0	0.0	NULL	NULL	0.29577464788732394	NULL	0.0	0.0	0.0	0.0	0.0	0.0	0.004166666666666667	0.0	0.0	0.0	0.0	0.0	0.0	0.0	0.0	0.0	0.0	0.0	0.0	0.0	0.0	0.0	0.0	NULL	0.0	0.0	0.0	0.0	0.013100436681222707	0.013215859030837005	0.0
23334	C	T	S	N	S591F	1	0	1	0	0.0	0.0	0.0	0.0	0.011428571428571429	0.004273504273504274	0.0	0.0	0.0	0.0	0.0	0.0	0.0	0.0	0.0	0.0	0.0	0.011764705882352941	0.0	0.0	0.0	NULL	NULL	0.0	NULL	0.0	0.0	0.0	0.0	0.0	0.0	0.21224489795918366	0.0	0.0	0.0	0.0	0.0	0.0	0.0	0.0	0.0	0.0	0.0	0.0	0.0	0.0	0.0	0.0	NULL	0.0	0.0	0.0	0.0	0.0	0.0	0.0
23403	A	G	S	N	D614G	1	5	6	1277	0.0	0.0	0.0	0.00423728813559322	0.005434782608695652	0.004081632653061225	0.0	0.0	0.0	0.0	0.0	0.0	0.0	0.0	0.0	0.0	0.0	0.0	0.0	1.0	0.0	0.017857142857142856	0.004149377593360996	0.0	0.0	0.00423728813559322	1.0	0.0	0.0	0.0	0.0	0.0	0.0	0.0	0.0	0.012396694214876033	0.0	1.0	0.0	0.0	0.9948979591836735	1.0	0.0	0.0	0.0	0.0	0.0	0.0	NULL	0.8445945945945946	0.004081632653061225	0.0	0.0	0.0041841004184100415	0.004219409282700422	0.0
23525	C	T	S	N	H655Y	2	1	3	2	0.0	0.0	0.004739336492890996	0.0	0.0	0.0	0.0	0.0	0.0	0.007272727272727273	0.0	0.005555555555555556	1.0	0.0	0.0	0.0	0.0	0.0	0.0	0.0	0.004219409282700422	0.0	0.0	0.0	0.0	0.0	0.0	0.0	0.0	0.0	0.0	0.0	0.0	0.0	0.0	0.0	0.0	0.0	0.44298245614035087	0.0	0.0	0.0	0.0	0.0	0.205761316872428	0.012145748987854251	0.004016064257028112	0.0	NULL	0.0958904109589041	0.0	0.0	0.0	0.0	0.004273504273504274	0.004524886877828055
23584	T	C	S	S	Y674Y	1	0	1	0	0.0056179775280898875	0.0	0.0	0.02109704641350211	0.004329004329004329	0.05485232067510549	0.3	0.0	0.0	0.011029411764705883	0.0	0.0	0.0	0.004310344827586207	0.0040650406504065045	0.0	0.0	0.0	0.0	0.0	0.0	0.0	0.00784313725490196	0.0	0.0037593984962406013	0.00390625	0.0	0.0	0.0	0.0	0.0	0.0	0.0	0.0	0.0	0.0	0.0	0.0	0.0	0.0	0.0	0.0	0.0	0.00423728813559322	0.0	0.0	0.0	0.0	NULL	0.0	0.0	0.0	0.0	0.00881057268722467	0.021551724137931036	0.048672566371681415
23606	C	T	S	N	R682W	1	0	1	0	0.0	0.0	0.0	0.0	0.004149377593360996	0.0	0.0	0.0	0.0	0.0	0.0	0.0	0.0	0.0	0.0	0.0	0.0	0.0	0.0	0.0	0.0	0.0	0.0	0.0	0.0	0.0	0.0	0.0	0.0	0.0	0.0	0.0	0.0	0.0	0.0	0.0	0.0	0.0	0.0	0.0	0.0	0.0	0.0	0.0	0.008097165991902834	0.0	0.743801652892562	0.0823045267489712	NULL	0.0	0.0	0.0	0.0	0.0	0.0	0.004329004329004329
23635	C	T	S	S	S691S	0	1	1	1	0.0	0.0	0.007633587786259542	0.0	0.00411522633744856	0.0041841004184100415	0.0	0.0	0.0	0.0	0.0	0.0	0.0	0.0	0.004149377593360996	0.0	0.0	0.004032258064516129	0.004166666666666667	0.0	0.0	0.0	0.0	0.007462686567164179	0.0	0.0	0.0	0.0	0.0	0.0	0.0	0.0	0.0	0.0	0.0	0.0	0.0	0.0	0.0	0.0	0.0	0.0	0.992	0.0	0.0	0.0	0.0	0.0	NULL	0.0	0.0	0.0	0.0	0.004273504273504274	0.0	0.0
23679	C	T	S	N	A706V	1	0	1	4	0.0	0.0	0.0	0.0041841004184100415	0.0040650406504065045	0.0	0.0	0.0	0.0	0.0	0.0	0.0	0.0	0.0	0.0	0.0	0.0	0.0	0.0	0.0	0.0	0.0	0.0	0.003875968992248062	0.0	0.0	0.0	0.0	0.0	0.0	0.0	0.0	0.0	0.0	0.0	0.0	0.0	0.0	0.0	0.0	0.0	0.0	0.0	0.0	0.0	0.0	0.0	0.00411522633744856	NULL	0.0	0.0	0.13333333333333333	0.0	0.0	0.0	0.0
23703	T	C	S	N	I714T	1	0	1	0	0.0	0.0	0.0	0.0	0.0	0.0040650406504065045	0.0	0.0	0.0	0.0	0.0	0.0	0.0	0.0	0.0	0.0	0.0	0.0	0.0	0.0	0.0	0.0	0.0	0.007751937984496124	0.0	0.003875968992248062	0.0	0.0	0.0	0.0	0.0	0.25833333333333336	0.0	0.0	0.0	0.0	0.0	0.0	0.0	0.0	0.0	0.0	0.0	0.0	0.0	0.0	0.0	0.0	NULL	0.0	0.0	0.0	0.0	0.0	0.0	0.0
23755	G	T	S	N	M731I	0	1	1	0	0.0	0.0	0.0	0.0	0.0	0.0	0.0	0.0	0.0	0.0	0.0	0.0	0.0	0.0	0.0	0.0	0.0	0.0	0.0	0.0	0.0	0.0	0.0	0.0	0.0	0.0	0.0	0.0	0.0	0.0	0.0	0.0	0.004366812227074236	0.0	0.0	0.0	0.0	0.0	0.0	0.0	0.0	0.0	1.0	0.0	0.0	0.0	0.0	0.004098360655737705	NULL	0.0	0.0	0.0	0.0	0.00423728813559322	0.0	0.0
23816	C	T	S	N	L752F	1	0	1	1	0.0	0.0	0.0	0.0	0.0	0.0	0.0	0.0	0.0	0.0	0.0	0.0	0.0	0.0	0.0	0.0	0.0	0.0	0.0	0.0	0.0	NULL	NULL	NULL	NULL	NULL	0.0	0.0	0.0	0.0	0.0	0.0	0.0	0.004081632653061225	0.0	0.0	0.0	0.0	0.0	0.0	0.0	0.0	0.0	0.0	0.0	0.0	0.0	0.0	NULL	0.0	0.0	0.8378378378378378	0.0	0.0	0.004201680672268907	0.0
23883	A	T	S	N	Q774L	1	0	1	0	0.0	0.0	0.0	0.0	0.0	0.0	0.0	0.004464285714285714	0.0	0.0	0.0	0.0	0.0	0.0	0.0	0.0	0.0	0.0	0.0	0.0	0.0	0.0	0.0	0.0	0.0	0.0	0.0	0.0	0.0035971223021582736	0.0	0.0	0.2923728813559322	0.0	0.0	0.0	0.0	0.0	0.0	0.0	0.0	0.0	0.0	0.0	0.0	0.0	0.0	0.0	0.008298755186721992	NULL	0.0	0.0	0.0	0.0	0.0	0.0	0.004424778761061947
24026	C	T	S	N	L822F	1	0	1	0	0.0	0.0	NULL	0.004329004329004329	0.0	0.0	0.0	0.0	0.0	0.0	0.0	0.0	0.0	0.0091324200913242	0.0	0.0	0.0	0.0	0.0	0.0	0.00390625	0.0	0.0	0.0	0.0	0.0	0.0	0.0	0.0	0.0	0.0	0.0	0.0	0.0	0.0	0.0	0.0	0.0	0.0	0.0	0.0	0.0	0.0	0.0	0.0	0.0	0.0	0.0	NULL	0.0	0.0	0.2608695652173913	0.0	0.0	0.0	0.0
24034	C	T	S	S	N824N	1	0	1	21	0.006134969325153374	0.0	NULL	0.0	0.010869565217391304	0.0	0.0	0.0	0.0	0.6666666666666666	0.0	0.0	0.009433962264150943	0.0045871559633027525	0.0	0.0	0.014285714285714285	0.0	0.0	0.0	0.0	0.0	0.015267175572519083	0.003952569169960474	0.007782101167315175	0.0	0.0	0.0	0.0	0.0	0.0	0.0	0.0	0.0	0.0	0.0	0.0	0.0	0.0	0.0	0.0	0.0	0.0	0.0	0.0	0.004032258064516129	0.0	0.0	NULL	0.0	0.004098360655737705	0.029411764705882353	0.0	0.0	0.0	0.0
24325	A	G	S	S	K921K	0	2	2	3	0.0	0.008130081300813009	0.0	0.004098360655737705	0.9829059829059829	0.004098360655737705	0.0	0.0	0.0	0.0	0.0	0.0	0.0	0.0	0.0	0.0	0.0	0.0	0.0	0.0	0.0	NULL	NULL	NULL	0.0	0.0	0.0	0.0	0.0	0.0	0.0	0.0	0.0	0.0	0.0	0.0	0.0	0.0	0.0	0.0	0.0	0.0	0.0	0.0	0.0	0.0	0.0	0.0	NULL	0.0	0.0	0.0	0.0	0.004149377593360996	0.0	0.9858490566037735
24386	G	T	S	N	A942S	1	0	1	1	0.0	0.0	0.0	0.0	0.0	0.0	0.0	0.0	0.0	0.0	0.0	0.0	0.0	0.0	0.004032258064516129	0.0	0.0	0.0	0.0	0.0	0.0	0.0	0.0	0.0	0.0	0.0	0.0	0.0	0.0	0.0	0.0	0.6798245614035088	0.0	0.0	0.0	0.0	0.0	0.0	0.0	0.0	0.0	0.0	0.0	0.0	0.0	0.0	0.0	0.0	NULL	0.0	0.0	0.0	0.0	0.0	0.0	0.0
24395	C	T	S	N	L945F	1	0	1	0	0.0	0.0	0.0	0.0	0.0	0.0	0.0	0.0	0.0	0.0	0.0	0.0	0.0	0.0	0.0	0.0	0.0	0.0	0.0	0.0	0.0	0.004366812227074236	0.004016064257028112	0.0	0.0	0.0	0.0	0.0	0.0	0.0	0.0	0.0	0.0	0.0	0.0	0.0	0.0	0.0	0.0	0.0	0.0	0.0	0.0	0.0	0.0	0.0	0.0	0.0	NULL	0.0	0.0	0.15	0.0	0.0	0.0	0.0
24404	C	T	S	N	L948F	1	0	1	0	0.0	0.46530612244897956	0.012048192771084338	0.0	0.0	0.0	0.0	0.0	0.0	0.0	0.0	0.0	0.0	0.0	0.0	0.0	0.0	0.0	0.0	0.0	0.0	0.0	0.0	0.0	0.0	0.0	0.0	0.0	0.0	0.0	0.0	0.0	0.0	0.0	0.0	0.0	0.0	0.0	0.0	0.0	0.0	0.0	0.0	0.0	0.0	0.0	0.0	0.0	NULL	0.0	0.0041841004184100415	0.0	0.0	0.0	0.0	0.0
24433	A	G	S	S	Q957Q	1	0	1	0	0.0	0.004132231404958678	0.0	0.0	0.0	0.0	0.0	0.0	0.0	0.0072992700729927005	0.0	0.0	0.0	0.0	0.0	0.0	0.0	0.0	0.0	0.0041841004184100415	0.0	0.004310344827586207	0.4262948207171315	0.004219409282700422	0.0	0.0	0.0	0.0	0.0	0.0	0.0	0.0	0.0	0.0	0.0	0.0	0.0	0.0	0.0	0.0	0.0	0.0	0.0	0.0	0.0	0.0	0.0	0.0	NULL	0.0	0.0	0.0	0.0	0.008658008658008658	0.0	0.0
24483	C	T	S	N	S974L	0	0	0	0	0.0	0.0	0.0	0.0	0.004807692307692308	0.004132231404958678	0.0	0.0	0.0	0.0	0.0	0.0	0.0	0.0	0.0	0.0	0.0	0.0	0.0	0.0	0.0	0.0	0.0	0.0	0.0	0.0041841004184100415	0.0	0.0	0.0	0.0	0.0	0.0	0.0	0.0	0.0	0.0	0.0	0.0	0.0	0.0	0.0	0.0	0.0	0.0	0.0	0.0	0.0	0.0	NULL	0.0	0.0	0.0	0.0	0.0	0.0	0.0
24579	C	T	S	N	T1006I	1	0	1	0	0.0	0.0	0.0	0.0	0.0	0.0	0.0	0.0	0.0	0.0036496350364963502	0.0	0.007575757575757576	0.0	0.0	0.0	0.0	0.0	0.0	0.0	0.0	0.0	0.0	0.0	0.014598540145985401	0.0	0.0038314176245210726	0.0	0.0	0.0	0.0	0.0	0.0	0.0	0.0	0.0	0.0	0.0	0.004166666666666667	0.0	0.0	0.0	0.0	0.0	0.0	0.0	0.0	0.0	0.0	NULL	0.0	0.0	0.34615384615384615	0.0	0.0	0.0	0.0
24585	T	C	S	N	V1008A	2	0	2	0	0.018867924528301886	0.00423728813559322	0.8	0.008298755186721992	0.0	0.02857142857142857	0.2	0.009523809523809525	0.0	0.007194244604316547	0.0	0.0	0.0	0.0	0.0	0.0	0.0	0.0	0.0	0.0	0.0	0.03007518796992481	0.003875968992248062	0.0036900369003690036	0.05343511450381679	0.0	0.0	0.0	0.0	0.0	0.0	0.0	0.0	0.0	0.0	0.0	0.0	0.0	0.0	0.0	0.0	0.0	0.0	0.0	0.0	0.0	0.0	0.0	NULL	0.0	0.004132231404958678	0.0	0.0	0.017316017316017316	0.012875536480686695	0.004484304932735426
24694	A	T	S	S	G1044G	0	1	1	24	0.0	0.0	0.0	0.0	0.0	0.0	0.0	0.0	0.0	0.0	0.0	0.0	0.0	0.0	0.004149377593360996	0.0	0.0	0.0	0.0	0.0	0.004219409282700422	0.0	0.0	0.0	0.0	0.0	0.0	0.0045045045045045045	0.0	0.0	0.0	0.0	1.0	0.0	0.0	0.0	0.0	0.0	0.0	0.0	0.0	0.0	0.0	0.0	0.0	0.0	0.0	0.0	NULL	0.0	0.0	0.0	0.0	0.0	0.0	0.0
24903	T	C	S	N	I1114T	1	0	1	0	0.019801980198019802	0.0	0.36774193548387096	0.008438818565400843	0.010101010101010102	0.0125	0.0	0.0	0.0	0.0	0.0	0.0	0.0	0.0	0.004032258064516129	0.0	0.0	0.0	0.0	0.0	0.0	0.011406844106463879	0.0	0.0	0.0	0.0	0.0	0.0	0.0	0.0	0.0	0.0	0.0	0.0	0.0	0.0	0.0	0.0	0.0	0.0	0.0	0.0	NULL	0.0	0.0	0.0	0.0	0.0	NULL	0.0	0.020833333333333332	0.0	0.0	0.02127659574468085	0.004347826086956522	0.0
25049	G	T	S	N	D1163Y	1	0	1	0	0.0	0.0	NULL	0.0	0.0	0.0	NULL	0.0	0.0	0.0	0.0	0.0	0.0	0.0	0.0	0.0	0.0	0.0	0.0	0.0	0.0	0.0	0.0	0.0	0.0	0.0	0.0	0.0	0.0	0.5043103448275862	0.0	0.0	0.0	0.0	0.0	0.0	0.0	0.0	0.004273504273504274	0.0	0.0	0.0	0.0	0.0	0.0	0.0	NULL	0.0	NULL	0.0	0.0	0.0	0.0	0.0	0.0	0.0
25098	T	C	S	N	I1179T	1	0	1	0	0.0	0.27450980392156865	NULL	0.008368200836820083	0.0	0.004081632653061225	0.0	0.0	0.0	0.0	0.0	0.0	0.0	0.0	0.0	0.0	0.0	0.0	0.0	0.0	0.0	0.0038910505836575876	0.0	0.0	0.0	0.0	0.0	0.0	0.0	0.0	0.0	0.0	0.0	0.0	0.0	0.0	0.0	0.0	0.0	0.0	0.0	0.004166666666666667	0.0	0.0	0.0	0.0	NULL	0.0	NULL	0.0	0.0	0.0	0.0	0.008771929824561403	0.00847457627118644	0.004273504273504274
25174	A	C	S	S	G1204G	2	0	2	0	0.012345679012345678	0.35664335664335667	NULL	0.022026431718061675	0.1350210970464135	0.0	NULL	0.0	0.0	0.0	0.0	0.0	0.0	0.0	0.00423728813559322	0.0	0.0	0.0	0.0	0.0	0.0	0.0	0.0	0.0	0.0	0.0	0.0	0.0	0.0	0.0	0.0	0.0	0.0	0.0	0.0	0.0	0.0	0.0	0.0	0.0	0.0	0.0041841004184100415	0.0	0.0	0.0	0.0	NULL	0.0	NULL	0.0	0.004424778761061947	0.0	0.0	0.037037037037037035	0.04184100418410042	0.008368200836820083
25307	T	C	S	N	S1249P	1	0	1	0	0.0	0.0	0.0	0.0	0.008583690987124463	0.0	0.0	0.0	0.0	0.0	0.0	0.0	0.0	0.0	0.0	0.0	0.0	0.0	0.0	0.0	0.0	0.0	0.0	0.00684931506849315	0.0035714285714285713	0.01818181818181818	0.0	0.0	0.0	0.0072992700729927005	0.0	0.0	0.0	0.004081632653061225	0.006666666666666667	0.0	0.00423728813559322	0.0	0.0	0.0	0.0	0.004672897196261682	0.39893617021276595	0.0	0.0	0.0	NULL	0.0	NULL	0.0	0.0	0.0	0.0	0.0	0.004975124378109453	0.0
25399	T	G	ORF3a	N	L3V	1	0	1	0	0.0	0.18235294117647058	0.0	0.0	0.0	0.0	0.0	0.0	0.0	0.0	0.0	0.0	0.0	0.0	0.0	0.0	0.0	0.0	0.0	0.0	0.0	NULL	NULL	NULL	NULL	NULL	0.0	0.0	0.0	0.0	0.0	0.0	0.0036363636363636364	0.0	0.0	0.0	0.0	0.0	0.0	0.0	0.0	0.0	0.0	0.0	0.0	0.0	NULL	0.0	NULL	0.0	0.0	0.0	0.0	0.004201680672268907	0.00425531914893617	0.0
25563	G	T	ORF3a	N	Q57H	1	2	3	379	0.0	0.0	NULL	0.0	0.0	0.0	0.0	0.0	0.0	0.0	0.0	0.0	0.0	0.0	0.0	0.0	0.0	0.0	0.0	0.0	0.0	NULL	NULL	NULL	NULL	NULL	1.0	0.0	0.0	0.0	0.0	0.0	0.00816326530612245	0.0	0.0043859649122807015	0.0	0.0	1.0	0.0	0.22110552763819097	0.0	0.0	0.0	0.0	0.0	0.0	NULL	0.0	NULL	0.0	0.0	0.0	0.0	0.0	0.0	0.0
25644	G	T	ORF3a	S	L84L	0	0	0	0	0.0	0.0	NULL	0.0	0.0	0.0	0.0	0.0	0.0	0.0	0.0	0.0	0.0	0.0	0.0	0.0	0.0	0.0	0.0	0.0	0.0	NULL	NULL	NULL	NULL	NULL	0.0	0.0	0.0	0.0	0.0	0.0	0.004032258064516129	0.0	0.0	0.0	0.0	0.0	0.0	0.0	0.0045045045045045045	0.0	0.0	0.0	0.0	0.0	NULL	0.0	NULL	0.0	0.0	0.0	0.0	0.0	0.0	0.0
25725	A	G	ORF3a	S	L111L	0	1	1	1	0.0	0.0	0.0	0.0	0.0	0.004524886877828055	0.0	0.0	0.0	0.011194029850746268	0.0	0.0	0.0	0.0	0.0	0.0	0.0	0.0	0.0	0.0	0.0	0.0	0.0	0.0	0.0	0.0	0.0	0.0	0.0	0.0	0.0	0.0	0.0	0.0	0.0	0.0	0.0	0.0	0.0	0.0	0.0	0.0	0.0	0.0	0.0	0.0	NULL	0.0	NULL	1.0	0.0	0.0	0.0	0.0	0.0	0.0
25820	C	A	ORF3a	N	A143D	1	0	1	0	0.0	0.27058823529411763	NULL	0.0	0.0	0.0	0.0	0.0	0.0	0.0	0.0	0.0	0.0	0.0	0.0	0.0	0.0	0.0	0.0	0.0	0.0	NULL	NULL	NULL	NULL	NULL	0.0	0.0	0.0	0.0	0.0	0.0	0.0	0.0	0.0	0.0	0.0	0.0	0.0	0.0	0.0	0.0	0.0	0.0	0.0	0.0	NULL	0.0	NULL	0.0	0.0	0.0	0.0	0.0	0.004149377593360996	0.0
26035	T	C	ORF3a	N	Y215H	1	1	2	0	0.011363636363636364	0.6666666666666666	1.0	0.004166666666666667	0.0	0.004081632653061225	0.0	0.0	0.0	0.0	0.0	0.0	0.0	0.0	0.0	0.0	0.0	0.0	0.0	0.0	0.0	NULL	NULL	NULL	NULL	NULL	0.0	0.0	0.0	0.0	0.0	0.0	0.0	0.0	0.0	0.0035971223021582736	0.0	0.0	0.0	0.0	0.0	0.0	0.0	0.0	0.0	0.0	NULL	0.0	NULL	0.0	0.0	0.0	0.0	0.0	0.0	0.0
26102	T	A	ORF3a	N	V237D	1	0	1	0	0.0	0.0	NULL	0.0	0.0	0.19672131147540983	NULL	0.0	0.0	0.011194029850746268	0.0	0.0	0.0	0.0	0.0	0.0	0.0	0.0	0.0	0.0	0.0	NULL	NULL	NULL	NULL	NULL	0.0	0.0	0.0	0.0	0.0	0.0	0.00398406374501992	0.0	0.0	0.0	0.0	0.0	0.0	0.0	0.0	0.0	0.0	0.0	0.0	0.0	NULL	0.0	NULL	0.0	0.0	0.0	0.0	0.0	0.0	0.0
26144	G	T	ORF3a	N	G251V	0	6	6	324	0.0	0.0	NULL	0.0	0.0	0.0	NULL	0.0	0.0	0.0	1.0	0.0	0.006993006993006993	0.0	0.0	0.0	0.0	0.0	0.0	0.0	0.0	NULL	NULL	NULL	NULL	NULL	0.0	1.0	0.9955156950672646	0.0	0.0	0.0	0.0040650406504065045	0.0	1.0	1.0	1.0	0.0	0.0	0.0047169811320754715	0.0	0.0	0.0	0.0	0.0	0.0	NULL	0.0	NULL	0.0	0.0	0.0	0.0	0.0	0.0	0.0
26326	C	T	E	S	L28L	0	1	1	2	0.0	0.0	NULL	0.0	0.0	0.004032258064516129	0.0	0.0	0.0	0.0031847133757961785	0.0	0.0	0.0	0.0	0.0	0.0	0.0	0.0	0.0	0.0	0.0	NULL	NULL	NULL	NULL	NULL	0.0	0.0	0.0	0.0	0.0	0.0	0.0	0.0	0.0	0.0	0.0	0.0	0.0	0.0	0.0	0.0	0.9921875	0.0	0.0	0.0	NULL	0.0	NULL	0.0	0.0	0.0	0.0	0.0	0.0	0.0
26370	C	T	E	S	Y42Y	0	1	1	3	0.0	0.0	NULL	0.0	0.0	0.0	0.0	0.0	0.0	0.0	0.0	0.0	0.0	0.0	0.0	0.0	0.0	0.0	0.0	0.0	0.004	NULL	NULL	NULL	NULL	NULL	0.0	0.0	0.003703703703703704	0.0	0.0	0.0	0.0	0.0	0.0	0.0	0.0	0.0	0.0	0.0	0.0	0.0	0.0	0.0	0.0	0.0	NULL	0.0	NULL	0.0	0.993006993006993	0.0	0.0	0.0	0.0	0.0
26409	T	C	E	S	S55S	1	0	1	0	0.0	0.0	NULL	0.0	0.0	0.004807692307692308	NULL	0.0	0.0	0.0038910505836575876	0.0	0.0	0.0	0.0	0.0	0.0	0.0	0.0	0.0	0.0	0.0038461538461538464	0.0	0.0	0.0	NULL	NULL	0.0	0.0	0.0	0.004016064257028112	0.01171875	0.0	0.0	0.004081632653061225	0.0	0.0	0.0	0.0	0.19491525423728814	0.0	0.0	0.007547169811320755	0.0	0.0	0.0	0.0	NULL	0.0	NULL	0.0	0.0	0.0	0.0	0.004366812227074236	0.00411522633744856	0.007142857142857143
26425	C	T	E	N	R61C	1	0	1	0	0.03125	0.0136986301369863	NULL	0.0335195530726257	0.0	0.004672897196261682	NULL	0.0	0.0	0.003861003861003861	0.0	0.0	0.0	0.0	0.0	0.0	0.0	0.0	0.0	0.0	0.003745318352059925	0.0	0.0	0.0	NULL	NULL	0.0	0.0	0.0	0.0	0.0	0.0	0.0	0.0	0.0	0.0	0.0	0.0	0.0	0.0	0.0	0.0	0.0	0.004347826086956522	0.0	0.004201680672268907	NULL	0.0	NULL	0.0	0.17391304347826086	0.0	0.0	0.022026431718061675	0.0041841004184100415	0.0
26439	G	T	E	S	L65L	0	1	1	0	0.0	0.9583333333333334	NULL	0.0	0.0	0.0	0.0	0.0	0.0	0.0	0.0	0.0	0.0	0.0	0.0	0.0	0.0	0.0	0.0	0.0	0.0	NULL	NULL	NULL	NULL	NULL	0.004694835680751174	0.0	0.0	0.0	0.0	0.0	0.0	0.0	0.0	0.0	0.0	0.0	0.0	0.0	0.004048582995951417	0.0	0.0	0.0	0.0	0.0	NULL	0.0	NULL	0.0	0.02127659574468085	0.0	0.0	0.0	0.0	0.0
26447	C	T	E	N	S68F	0	1	1	1	0.0	NULL	NULL	0.0	0.0	0.0	0.0	0.0	0.0	0.0	0.0	0.0	0.0	0.0	0.0	0.0	0.0	0.0	0.0	0.0	0.007380073800738007	NULL	NULL	NULL	NULL	NULL	0.0	0.005291005291005291	0.0	0.0	0.0	0.0	0.0	1.0	0.0	0.0	0.0	0.0	0.0	0.0	0.0	0.0	0.0	0.0	0.0	0.0	NULL	0.0	NULL	0.0	0.0	0.0	0.0	0.0	0.0	0.0
26684	C	T	M	S	L54L	0	1	1	1	0.0	NULL	NULL	0.0	0.0	0.004081632653061225	0.0	0.0	0.0	0.0	0.0	0.0	0.0	0.0	0.0	0.0	0.0	0.0	0.0	0.0	0.006289308176100629	NULL	NULL	NULL	NULL	NULL	0.0	0.0	0.0	0.0	0.0	0.0	0.0	0.0	0.0	0.0	0.0	0.0	0.0	0.0	0.0	0.9210526315789473	0.0	0.0	0.0	0.0	NULL	0.0	NULL	0.0	0.0	0.0	0.0	0.0	0.0	0.0
26839	C	T	M	N	T106M	1	0	1	0	0.0	0.006289308176100629	0.0	0.0	0.0	0.004081632653061225	0.0	0.0	0.0	0.0	0.0	0.0	0.0	0.0	0.0	0.0	0.0	0.0	0.0	0.0	0.0	NULL	NULL	NULL	NULL	NULL	0.0	0.0	0.0	0.0047169811320754715	0.0	0.0	0.0	0.0	0.0	0.0	0.0	0.0	0.0	0.0	0.0	0.0	0.5631578947368421	0.0	0.0	0.0	NULL	0.0	NULL	0.0	0.0	0.0	0.0	0.00411522633744856	0.0	0.0
26846	C	T	M	S	S108S	1	0	1	0	0.0	0.0	0.0	0.0	0.0	0.0	0.0	0.0	0.0	0.0036496350364963502	0.0	0.0	0.0	0.0058823529411764705	0.0	0.0	0.0	0.0	0.0	0.0	0.003968253968253968	NULL	NULL	NULL	NULL	NULL	0.0	0.0	0.0	0.0	0.0	0.23076923076923078	0.0	0.0	0.0	0.0	0.0	0.004132231404958678	0.0	0.0	0.0	0.0	0.0	0.0	0.0	0.0	NULL	0.0	NULL	0.0	0.0	0.0	0.0	0.0	0.0	0.0
26898	G	A	M	N	G126S	1	0	1	0	0.0	0.0	0.0	0.0	0.0	0.0	0.0	0.0	0.0	0.0	0.0	0.0	0.0125	0.0	0.0	0.0	0.0	0.0	0.0	0.0	0.0	NULL	NULL	NULL	NULL	NULL	0.0	0.0	0.0	0.0	0.0	0.0	0.0	0.0	0.0	0.0	0.0	0.0	0.0	0.0	0.0	0.004329004329004329	0.0	0.0	0.3185483870967742	0.0	NULL	0.0	NULL	0.0	0.0	0.0	0.0	0.004366812227074236	0.004424778761061947	0.0
27179	G	T	M	N	L219F	1	0	1	0	0.0	0.0	NULL	0.0	0.0	0.0	0.0	0.0	0.0	0.0	0.0	0.0	0.0	0.004310344827586207	0.0	0.0	0.0	0.0	0.0	0.0	0.0	NULL	NULL	NULL	NULL	NULL	0.0	0.0	0.0	0.0	0.0	0.0	0.0	0.0	0.0	0.0	0.0	0.0	0.0	0.0	0.0	0.004524886877828055	0.6165413533834586	0.0	0.0	0.0	NULL	0.0	NULL	0.0	0.0	0.0	0.0	0.0	0.0	0.0
27235	G	T	ORF6	N	A12S	1	0	1	0	0.0	0.0	NULL	0.0	0.0	0.0	0.0	0.0	0.0	0.0	0.0	0.0	0.0	0.0	0.0	0.0	0.0	0.0	0.0	0.0	0.0	0.0	0.0	0.0	0.0	0.0	0.0	0.0	0.0	0.0	0.0	0.0	0.0	0.0	0.0	0.0	0.0	0.0	0.004	0.19823788546255505	0.0	0.00392156862745098	0.0	0.0	0.0	0.0	NULL	0.0	NULL	0.0	0.0	0.0	0.0	0.0	0.0	0.0
27389	C	T	noncoding	N/A	N/A	1	0	1	0	0.006802721088435374	0.0	NULL	0.0	0.0	0.0	0.0	0.0	0.0	0.0	0.0	0.0	0.0	0.0	0.0	0.0	0.0	0.0	0.0	0.004166666666666667	0.0	NULL	NULL	NULL	NULL	NULL	0.0	0.0	0.0	0.0	0.004149377593360996	0.0	0.0	0.0	0.0	0.0	0.0	0.0	0.0	0.22083333333333333	0.0	0.0	0.0	0.00823045267489712	0.0	0.0	NULL	0.0	NULL	0.0	0.0	0.0	0.0	0.0	0.0	0.0
27493	C	T	ORF7a	N	P34S	1	0	1	1	0.0	0.0	0.0	0.46808510638297873	0.0040650406504065045	0.07531380753138076	0.0	0.0	0.0	0.0032679738562091504	0.0	0.0	0.0	0.0	0.0	0.0	0.0	0.0	0.0	0.0	0.00392156862745098	NULL	NULL	NULL	NULL	NULL	0.0	0.0	0.0	0.0	0.0	0.0	0.0	0.0	0.0	0.0	0.0	0.0	0.007633587786259542	0.0	0.0	0.00546448087431694	0.0	0.0	0.0	0.0	NULL	0.0	NULL	0.0	0.0	0.0	0.0	0.0	0.0	0.0
27532	C	A	ORF7a	N	H47N	1	0	1	0	0.0	0.0	0.0	0.0	0.0	0.0	0.0	0.0	0.0	0.0	0.0	0.0	0.0	0.0	0.0	0.0	0.0	0.0	0.0	0.0	0.0	NULL	NULL	NULL	NULL	NULL	0.0	0.0	0.0	0.00423728813559322	0.0	0.0	0.0	0.0	0.0	0.0	0.0	0.0	0.0	0.0	0.3333333333333333	0.0	NULL	0.0	NULL	0.0	NULL	0.0	NULL	0.0	0.0	0.0	0.0	0.0	0.0	0.0
27606	A	C	ORF7a	S	V71V	0	1	1	0	0.005813953488372093	0.0	1.0	0.004310344827586207	0.004166666666666667	0.004166666666666667	0.0	0.0	0.0	0.0	0.0	0.0	0.0	0.0	0.0	0.0	0.0	0.0	0.0	0.0	0.0	NULL	NULL	NULL	NULL	NULL	0.0	0.0	0.0	0.0	0.0	0.0	0.0	0.0	0.0	0.0	0.0	0.0	0.0	0.0	0.0	0.0	NULL	0.0	NULL	0.0	NULL	0.004166666666666667	NULL	0.0	0.0	0.0	0.0	0.00423728813559322	0.0	0.00411522633744856
27676	G	T	ORF7a	N	E95*	2	0	2	0	0.006369426751592357	0.007246376811594203	NULL	0.0	0.0	0.0	0.0	0.0	0.0	0.0	0.0	0.0	0.0	0.0	0.0	0.0	0.0	0.0	0.0	0.0	0.0	NULL	NULL	NULL	NULL	NULL	0.0	0.004149377593360996	0.0	0.004310344827586207	0.0	0.004132231404958678	0.0	0.00411522633744856	0.0	0.0	0.0	0.0	0.0	0.0	0.0	0.0	NULL	0.6463414634146342	0.5253164556962026	0.004219409282700422	NULL	0.0	NULL	0.0	0.0	0.0	0.0	0.0	0.0	0.0
27944	C	T	ORF8	S	H17H	0	1	1	0	0.0	0.0	NULL	0.0	0.0	0.0	0.0	0.0	0.0	0.004032258064516129	0.0	0.0	0.0	0.0	0.0	0.0	0.0	0.0	0.0	0.0	0.0	NULL	NULL	NULL	NULL	NULL	0.0	0.0	0.0	0.0	0.0	0.0	0.0	0.0	0.0	0.0	0.0	0.0	0.0	0.0	0.0	0.0	0.0	0.0	0.0	0.004132231404958678	NULL	0.0	NULL	0.0	0.9911111111111112	0.0	0.0	0.0	0.004201680672268907	0.0
27966	T	C	ORF8	N	C25R	1	0	1	0	0.0	0.15841584158415842	NULL	0.0	0.0	0.0	0.0	0.0	0.0	0.0	0.0	0.0	0.0	0.0	0.0	0.0	0.0	0.0	0.0	0.0	0.0	NULL	NULL	NULL	NULL	NULL	0.0	0.0	0.0	0.0	0.0	0.0	0.0	0.0	0.0	0.0	0.0	0.0	0.0	0.0	0.0	0.0	0.0	0.0	0.004149377593360996	0.0	NULL	0.0	NULL	0.0	0.0	0.0	0.0	0.0	0.008771929824561403	0.0
27971	T	C	ORF8	S	T26T	1	0	1	0	0.0	0.1553398058252427	NULL	0.0	0.0	0.02531645569620253	0.0	0.0	0.014705882352941176	0.008298755186721992	0.0	0.0	0.0	0.0	0.004149377593360996	0.0	0.0	0.0	0.0	0.0	0.0	NULL	NULL	NULL	NULL	NULL	0.0	0.00819672131147541	0.0	0.0	0.0	0.0	0.0	0.0	0.0	0.0	0.0	0.006493506493506494	0.004149377593360996	0.0	0.0	0.0	0.0	0.0	0.0	0.0	NULL	0.0	NULL	0.0	0.0	0.0	0.0	0.0	0.004201680672268907	0.0
28077	G	C	ORF8	N	V62L	1	0	1	20	0.0	0.0	0.0	0.0	0.0	0.0	0.0	0.0	0.0	0.0	0.0	0.0	0.0	0.0	0.0	0.0	0.0	0.0	0.0	0.0	0.0	NULL	NULL	NULL	NULL	NULL	0.0	0.0	0.0	0.0	0.0	0.0	0.0	0.0	0.0	0.0	0.0	0.0	0.0	0.0	0.0	0.0	0.0	0.0	0.0	0.0	NULL	0.0	NULL	0.0	0.0	0.19047619047619047	0.0	0.0	0.0	0.0
28093	C	T	ORF8	N	S67F	0	1	1	0	0.0	0.0	0.0	0.0	0.0	0.004098360655737705	0.0	0.0	0.0	0.0	0.0	0.0	0.0	0.0	0.0	0.0	0.0	0.0	0.0	0.0	0.0	NULL	NULL	NULL	NULL	NULL	0.0	0.0	0.0	0.004201680672268907	0.0	0.0	0.0	0.0	0.0	0.0	0.0	0.0	0.0	0.0	0.0	0.0	0.0	0.0	0.0	0.0	NULL	0.0	NULL	0.0	0.9828326180257511	0.0	0.0	0.0	0.0	0.0
28144	T	C	ORF8	N	L84S	0	17	17	532	0.0	0.0	NULL	0.0	0.0	0.004	NULL	0.0	0.0	0.0	0.0	1.0	1.0	1.0	0.9954128440366973	1.0	1.0	0.9846153846153847	0.9852941176470589	0.0	0.992619926199262	NULL	NULL	NULL	NULL	NULL	0.0	0.0	0.0	0.9863013698630136	0.9866071428571429	0.0	0.9814814814814815	0.004149377593360996	0.0	0.0	0.0	0.0	0.9957627118644068	1.0	0.0	0.0	0.0	0.0	0.0	0.0	NULL	0.0	NULL	1.0	0.0	1.0	1.0	0.0	0.0	0.0
28183	G	A	ORF8	N	S97N	0	1	1	0	0.0	0.0	NULL	0.0	0.0	0.0	0.0	0.0	0.0	0.0	0.0	0.0	0.0	0.0	0.0	0.0	0.0	0.0	0.0	0.0	0.0	NULL	NULL	NULL	NULL	NULL	0.0	0.0	0.0	0.0	0.0	0.0	0.0	0.0	0.0	0.0	0.0	0.0	0.0	0.0	0.0	0.0	0.0	0.0	0.0	0.0	NULL	0.0	NULL	0.0	0.9912280701754386	0.0	0.0	0.0	0.0	0.0
28346	G	T	N	N	G25C	1	0	1	0	0.0	0.0	0.0	0.0	0.0	0.0	0.0	0.0	0.004016064257028112	0.0	0.0	0.0	0.0	0.0	0.0	0.0	0.0	0.0	0.0	0.0	0.0	0.0	NULL	NULL	NULL	NULL	0.0	0.0	0.0	0.0	0.0	0.2345679012345679	0.0	0.0	0.0	0.0	0.0	0.0	0.0	0.0	0.0	0.006289308176100629	0.0	0.0	0.0	0.0	NULL	0.0	NULL	0.0	0.0	0.0	0.0	0.0	0.0	0.0
28466	A	T	N	N	K65*	1	0	1	0	0.0	0.0	0.0	0.0	0.0	0.0	0.5	0.008547008547008548	0.0	0.0	0.009345794392523364	0.0	0.0	0.0	0.005	0.0	0.0	0.0	0.0	0.0	0.0	0.0	0.0	0.003663003663003663	0.0	0.0	0.0	0.0	0.0	0.0	0.0	0.0	0.0	0.0	0.004132231404958678	0.0	0.0	0.0	0.0	0.0	0.0	0.0	0.0	0.0	0.0	0.0	NULL	0.0	NULL	0.0	0.0	0.0	0.0	0.0	0.0	0.0
28659	G	A	N	N	G129D	0	1	1	0	0.0	1.0	0.0	0.004273504273504274	0.0	0.0	0.0	0.004464285714285714	0.0	0.0078125	0.0	0.0	0.0	0.0	0.0040650406504065045	0.0	0.0	0.0	0.0	0.0	0.0	0.0	0.0	0.006756756756756757	0.0	0.0	0.0	0.0	0.0	0.0	0.0	0.0	0.0	0.0	0.0	0.0	0.0	0.0	0.0	0.0	0.0	0.004761904761904762	0.0	0.0	0.0	0.0	NULL	0.0	NULL	0.0	0.0	0.0	0.0	0.0	0.0	0.0
28688	T	C	N	S	L139L	1	1	2	72	0.0	NULL	0.0	0.0	0.0	0.0	0.0	0.0	0.004032258064516129	0.0	0.0	0.0	0.0	0.0	0.0	0.0	0.0	0.0	0.0	0.0	0.0	0.0	0.007462686567164179	0.0033444816053511705	0.0	0.003484320557491289	0.0	0.0	0.0	0.0	0.0	0.8958333333333334	0.0	0.9512195121951219	0.0	0.0	0.0	0.0	0.0	0.0	0.0	0.0045662100456621	0.0	0.0	0.0	0.0	NULL	0.0	NULL	0.0	0.0	0.0	0.0	0.004098360655737705	0.0	0.0
28805	G	A	N	N	G178S	1	0	1	0	0.0	0.0	0.0	0.0	0.0	0.2803347280334728	0.0	0.0	0.0	0.0	0.0	0.0	0.0	0.0	0.0	0.0	0.0	0.0	0.0	0.0	0.0	0.0	0.0	0.011450381679389313	0.0	0.0	0.0	0.0	0.0	0.0	0.0	0.0	0.0	0.0	0.0	0.0	0.0	0.0	0.0	0.0	0.0	0.0	NULL	0.0	0.0	0.0	NULL	0.0	NULL	0.0	0.0	0.0	0.0	0.0	0.0	0.0
28878	G	A	N	N	S202N	0	1	1	20	0.0	0.0	0.012269938650306749	0.0	0.0	0.0	0.0	0.008771929824561403	0.0	0.0	0.0	0.0	0.0	0.0	0.0	0.0	0.0	0.0	0.0	0.0	0.0	NULL	0.0	NULL	NULL	0.0	0.0	0.0	0.0	0.0	0.9956709956709957	0.0	0.0	0.0	0.0	0.0	0.0	0.0	0.0	0.0	0.0	0.004098360655737705	NULL	0.0	0.0	0.0040650406504065045	NULL	0.0	NULL	0.0	0.0	0.0	0.0	0.0	0.0	0.0
28883	G	A	N	N	G204R	1	0	1	0	0.0	0.0	0.0	0.008620689655172414	0.0	0.0041841004184100415	0.0	0.0	0.0	0.0	0.0	0.0	0.0	0.0	0.0	0.0	0.0	0.0	0.0	0.004291845493562232	0.0	NULL	0.0	0.0	NULL	0.0	0.0	0.0	0.0	0.0	0.0	0.0	0.0	0.0	0.0	0.0	0.0	0.0	0.0	0.0	0.0	0.0	NULL	0.0	0.0	0.0	NULL	0.0	NULL	0.0	0.0	0.15	0.0	0.004291845493562232	0.0	0.0
29002	C	T	N	S	G243G	0	1	1	0	0.0	0.0	0.9565217391304348	0.0	0.004524886877828055	0.0	0.0	0.0	0.0	0.003663003663003663	0.00641025641025641	0.0	0.0	0.0	0.0	0.0	0.0	0.0	0.0	0.0	0.0	0.0	0.0	0.0034482758620689655	0.003703703703703704	0.0	0.0	0.0	0.0	0.0	0.0	0.0	0.0	0.0	0.0	0.0	0.0	0.0	0.0	0.0	0.0	0.0	NULL	0.0	0.0	0.0	NULL	0.0	NULL	0.0	0.0	0.0	0.0	0.0	0.0	0.0
29039	A	T	N	N	K256*	8	0	8	0	0.004901960784313725	0.00823045267489712	0.0	0.0425531914893617	0.06866952789699571	0.1615720524017467	0.5	0.0	0.016042780748663103	0.0	0.13872832369942195	0.09574468085106383	0.09090909090909091	0.0823045267489712	0.10212765957446808	0.14666666666666667	0.24	0.368	0.3841059602649007	0.0	0.0	0.0	0.0	0.0	0.0	0.0	0.004032258064516129	0.0	0.004	0.00819672131147541	0.012096774193548387	0.0	0.004132231404958678	0.004149377593360996	0.009174311926605505	0.01593625498007968	0.015151515151515152	0.012552301255230125	0.0	0.0053475935828877	0.004149377593360996	0.004366812227074236	NULL	0.0044444444444444444	0.0	0.004524886877828055	NULL	0.0	NULL	0.014705882352941176	0.029045643153526972	0.0	0.011494252873563218	0.00411522633744856	0.004166666666666667	0.008298755186721992
29514	C	A	N	N	A414D	1	0	1	0	0.008	0.0	0.38461538461538464	0.004273504273504274	0.0	0.00423728813559322	0.0	0.0	0.0	0.0	0.0	0.0	0.0	0.0	0.0	0.0	0.0	0.0	0.0	0.0	0.0	NULL	NULL	NULL	NULL	NULL	0.0	0.0	0.0	0.0	0.0	0.0	0.0	0.0	0.0	0.0	0.0	0.0	0.0	0.0	0.0	0.0	0.0	NULL	0.0	0.0	NULL	NULL	NULL	0.0	0.00881057268722467	0.0	0.0	0.0	0.0	0.0
29515	T	A	N	S	A414A	1	0	1	1	0.0	0.05172413793103448	0.46153846153846156	0.01282051282051282	0.0	0.004310344827586207	0.08333333333333333	0.0	0.0	0.0	0.0	0.0	0.0	0.0	0.0	0.0	0.0	0.0	0.0	0.0	0.0	NULL	NULL	NULL	NULL	NULL	0.0	0.0	0.0	0.0	0.0	0.0	0.0	0.0	0.0	0.0	0.0	0.0	0.0	0.0	0.0	0.0	0.0	NULL	0.0	0.0	NULL	NULL	NULL	0.0	0.004201680672268907	0.0	0.0	0.0	0.0	0.007246376811594203
29517	A	G	N	N	D415G	1	0	1	0	0.0	0.0	0.38461538461538464	0.004291845493562232	0.0	0.0	0.0	0.0	0.004032258064516129	0.0036231884057971015	0.0	0.0	0.0	0.0	0.0	0.0	0.0	0.0	0.0	0.0	0.0	NULL	NULL	NULL	NULL	NULL	0.0	0.0	0.0	0.0	0.0	0.0	0.0	0.00411522633744856	0.0	0.0	0.0	0.0	0.0	0.0	0.0	0.0	0.0	NULL	0.0	0.0	NULL	NULL	NULL	0.0	0.0	0.0	0.0	0.004672897196261682	0.0	0.0
29625	C	T	ORF10	N	S23F	0	1	1	1	0.0	0.0	0.0	0.004201680672268907	0.0	0.0	NULL	0.0	0.008547008547008548	0.0	0.0	0.0	0.0	0.0	0.0	0.0	0.0	0.0	0.0	0.0	0.0038461538461538464	NULL	NULL	NULL	NULL	NULL	0.004310344827586207	0.0	0.004347826086956522	0.0	0.0	0.9956896551724138	0.0	0.0	0.0	0.0	0.0	0.0	0.0	0.0	0.0	0.0	0.0	NULL	0.0	0.0	NULL	NULL	NULL	0.0	0.0	0.0	0.0	0.0	0.0	0.0
29742	G	T	noncoding	N/A	N/A	0	2	2	63	0.0	0.0	0.0	0.0	0.0	0.0	0.0	0.0	0.0	0.0	0.0	0.0	0.0	0.0	0.0	0.0	0.0	0.0	0.0	0.0	0.0	NULL	NULL	NULL	NULL	NULL	0.0	0.0	0.0	0.0	NULL	1.0	0.0	1.0	0.0	0.0	0.0	0.0	0.0	0.0	0.0	0.0	0.0	NULL	0.004201680672268907	0.0	NULL	NULL	NULL	0.0	0.0	0.0	0.0	0.0	0.0	0.0
29774	C	T	noncoding	N/A	N/A	0	1	1	3	0.0	0.0	0.0	0.0	0.0	0.0	0.0	0.0	0.0	0.0	0.0	0.0	0.0	0.0	0.0	0.0	0.0	0.0	0.0	0.0	0.0	NULL	NULL	NULL	NULL	NULL	0.0	0.004739336492890996	0.0	0.0	0.0	0.0	0.0	0.0	0.0	0.0	0.0	0.0	0.0	0.995049504950495	0.0	0.0	0.0	NULL	0.0	0.0	NULL	NULL	NULL	0.0	0.0	0.0	0.0	0.004524886877828055	0.0047169811320754715	0.0
29853	G	A	noncoding	N/A	N/A	0	0	0	0	0.0	0.0	0.0	0.00819672131147541	0.0	0.0	0.0	0.0	0.0	NULL	0.0	0.0	0.0	0.0	0.0	0.0	0.0	0.0	0.0	0.0	0.0	0.0	0.0	0.0	0.0	0.0	0.0	0.0	0.0	0.0	0.0	0.0	0.0	0.0	0.0	0.0	0.0	0.0	0.0	0.0	0.0	0.0	0.0	NULL	0.0	0.0	NULL	NULL	NULL	0.0	0.0	0.0	0.0	0.0	0.0	0.0
