pos,ref,alt,gene,N/S,AA,nSRAsubclonal,nSRAclonal,nSRA,nConsensus,SRR11059940|China:Wuhan|nCov8,SRR11059942|China:Wuhan|nCov6,SRR11059943|China:Wuhan|nCov5,SRR11059944|China:Wuhan|nCov4,SRR11059945|China:Wuhan|nCov3,SRR11059946|China:Wuhan|nCov2,SRR11059947|China:Wuhan|nCov1,SRR11092062|China: Wuhan|WIV04,SRR11140744|USA:WI:Madison|veroSTAT-1KO_illumina,SRR11140746|USA:WI:Madison|veroE6_illumina,SRR11140750|USA:WI:Madison|swab_illumina,SRR11177792|Nepal: Kathmandu|BetaCoV/Nepal/61/2020,SRR11241254|USA: Seattle; WA|WA3_UW1,SRR11241255|USA: Seattle; WA|WA4_UW2,SRR11247076|USA: WA|WA8-UW5,SRR11247077|USA: WA|WA7-UW4,SRR11247078|USA: WA|WA6-UW3,SRR11278090|USA:WA|WA13-UW9,SRR11278091|USA:WA|WA12-UW8,SRR11278092|USA:WA|WA11-UW7,SRR11278164|USA:WA|WA18-UW14,SRR11278165|USA:WA|WA17-UW13,SRR11278166|USA:WA|WA16-UW12,SRR11278167|USA:WA|WA15-UW11,SRR11278168|USA:WA|WA14-UW10,SRR11314339|nan|PC00101P,SRR11393704|USA|FDAARGOS_983,SRR11397714|Australia: Melbourne; Victoria|hCoV-19/Australia/VIC11/2020,SRR11397715|Australia: Melbourne; Victoria|hCoV-19/Australia/VIC10/2020,SRR11397716|Australia: Melbourne; Victoria|hCoV-19/Australia/VIC09/2020,SRR11397717|Australia: Melbourne; Victoria|hCoV-19/Australia/VIC08/2020,SRR11397718|Australia: Melbourne; Victoria|hCoV-19/Australia/VIC07/2020,SRR11397719|Australia: Melbourne; Victoria|hCoV-19/Australia/VIC06/2020,SRR11397720|Australia: Melbourne; Victoria|hCoV-19/Australia/VIC05/2020,SRR11397721|Australia: Melbourne; Victoria|hCoV-19/Australia/VIC04/2020,SRR11397728|Australia: Melbourne; Victoria|hCoV-19/Australia/VIC12/2020,SRR11397729|Australia: Melbourne; Victoria|hCoV-19/Australia/VIC03/2020,SRR11397730|Australia: Melbourne; Victoria|hCoV-19/Australia/VIC02/2020,SRR11410528|USA|UT-00005,SRR11410532|USA|UT-00003,SRR11410536|USA|UT-00020,SRR11410538|USA|UT-00009,SRR11410540|USA|UT-00008,SRR11410541|USA|UT-00001,SRR11412236|nan|GSM4432383
241,C,T,noncoding,N/A,N/A,0,5,5,1246,0.0,NULL,NULL,0.0,0.0,0.0,0.0,0.0,0.0,0.0,0.020833333333333332,0.0,0.0,0.0,0.0,0.0,0.0,NULL,0.0,0.0,0.0,0.0,0.0,0.0,0.0,0.9952380952380953,0.0,0.9955555555555555,0.0,0.0,0.0,0.0,0.0,0.0,0.0,0.0,0.0,0.0,0.9956709956709957,0.004405286343612335,0.0,0.9960474308300395,0.9964285714285714,0.0,0.0
376,G,T,ORF1a,N,E37.666666666666664D,1,0,1,0,0.0,NULL,NULL,0.6129032258064516,0.0,0.0,0.0,0.0,0.0,0.0,0.0,0.0,0.0,0.0,0.0,0.0,0.0,NULL,0.0,0.0,0.0,0.0,0.0,0.0,0.0,0.0,0.0,0.0,0.0,0.0,0.0,0.0,0.0,0.0,0.0,0.0,0.0,0.0,0.0,0.0,0.0,0.0,0.0,0.0,0.0
379,C,A,ORF1a,S,V38.666666666666664V,1,1,2,2,0.0,NULL,NULL,0.0,0.0,0.0,0.0,0.0,0.0,0.0,0.0,0.0,0.0,0.0,0.0,0.0,0.0,NULL,0.0,0.0,0.0,0.0,0.0,0.0,0.0,0.0,0.0,0.0,0.0,0.0,0.0,0.0035587188612099642,0.0,0.0,0.0,0.0,0.0,0.0,0.9957627118644068,0.0,0.12643678160919541,0.0,0.0,0.0,0.0
404,A,T,ORF1a,N,K47.0*,2,0,2,0,0.0,NULL,NULL,0.00411522633744856,0.0,0.0,0.0,0.01639344262295082,0.0,0.0,0.0,0.0,0.0,0.11353711790393013,0.19,0.004032258064516129,0.003952569169960474,0.0,0.013761467889908258,0.0,0.0,0.0,0.004098360655737705,0.012345679012345678,0.0,0.0,0.0,0.004081632653061225,0.0041841004184100415,0.0,0.008264462809917356,0.0,0.0,0.0,0.0,0.0,0.004081632653061225,0.0,0.0,0.0,0.0,0.0,0.0,0.004273504273504274,0.0
565,T,C,ORF1a,S,S100.66666666666667S,2,0,2,0,0.0,0.0,0.0,0.0,0.15384615384615385,0.004166666666666667,0.03734439834024896,0.23008849557522124,0.0,0.0,0.0,0.0,0.0,0.0,0.0,0.0,0.0,NULL,0.0,0.0,0.0,0.0,0.0,0.0,0.0,0.0,0.0,0.0,0.0,0.0,0.0,0.0,0.0,0.0,0.0,0.0,0.0,0.0,0.0,0.0,0.0,0.0,0.0,0.0,0.0
747,G,C,ORF1a,N,W161.33333333333334S,1,1,2,0,0.0,0.16304347826086957,1.0,0.012448132780082987,0.0,0.0,0.0,0.0,0.0,0.0,0.0,0.0,0.0,0.0,0.0,0.0,0.0,0.0,0.0,0.0,0.0,0.0,0.0,0.0,0.0,0.0,0.0,0.0,0.0,0.0,0.0,0.0,0.0,0.0,0.0,0.0,0.0,0.00749063670411985,0.0,0.0,0.0,0.0,0.0,0.0,0.0
748,G,A,ORF1a,N,W161.66666666666666*,1,1,2,0,0.0,0.16483516483516483,1.0,0.012396694214876033,0.0,0.0,0.0,0.0,0.0,0.0,0.0,0.003787878787878788,0.0,0.0,0.0,0.0,0.0,0.0,0.0,0.0,0.0,0.0,0.0,0.0,0.0,0.0,0.0,0.0,0.0,0.0,0.0,0.0,0.0,0.0,0.0,0.0,0.0,0.0,0.0,0.0,0.0,0.0,0.0,0.0,0.0
884,C,T,ORF1a,N,R207.0C,0,1,1,17,0.0,0.0,NULL,0.0,0.045454545454545456,0.00411522633744856,0.0,0.0,0.0,0.0,0.0,0.0,0.0,0.0,0.0,0.0,0.0,0.0,0.0,0.0,0.01680672268907563,0.0,0.0,0.0,0.0,0.0,0.0,0.004310344827586207,0.0,0.0,0.0,0.0,0.0,0.0,0.9957805907172996,0.0,0.0,0.0,0.0,0.0,0.0,0.0,0.0,0.0,0.0
1059,C,T,ORF1a,N,T265.3333333333333I,0,1,1,290,0.0,0.0,0.0,0.0,0.0,0.004032258064516129,0.0,0.0,0.0,0.003875968992248062,0.0,0.0,0.0,0.0,0.0,0.0,0.0,0.0,0.0,0.0,0.0,0.0,0.0,0.0,0.0,0.0,0.0,0.0,0.0,0.0,0.0,0.0,0.0,0.0,0.0,0.0,0.0,0.0,0.9961389961389961,0.004016064257028112,0.06896551724137931,0.0,0.0,0.0,NULL
1205,C,T,ORF1a,N,Q314.0*,1,0,1,0,0.004524886877828055,0.0,0.38181818181818183,0.0,0.0,0.0,0.0,0.0,0.0,0.004149377593360996,0.0,0.0,0.0,0.0,0.0,0.0,0.0,0.0,0.0,0.0,0.0,0.0,0.0,0.0,0.0,0.0,0.0,0.0,0.0,0.0,0.0,0.0,0.0,0.0,0.0,0.0,0.0,0.0,0.0,0.0,0.0,0.0,0.0,0.0,0.0
1397,G,A,ORF1a,N,V378.0I,0,2,2,74,0.0,0.0,0.0,0.0,0.0,0.0,0.0,0.0,0.004016064257028112,0.0,0.0,0.0,0.0,0.0,0.0,0.0,0.0,0.0,0.0,0.0,0.0,0.0,0.004424778761061947,0.0,0.0,0.0,0.0,0.0,0.0,0.0,0.0,0.0,1.0,0.0,1.0,0.0,0.0,0.0033222591362126247,0.0,0.0,0.0,0.0,0.0,NULL,0.0
1639,A,T,ORF1a,N,K458.6666666666667N,1,0,1,0,0.0,0.14925373134328357,NULL,0.0,0.0,0.0,0.0,0.0,0.0,0.0,0.0,0.0,0.0,0.0,0.0,0.0,0.0,0.0,0.0,0.0,0.0,0.0,0.0,0.0,0.0,0.0,0.0,0.0,0.0,0.0,0.0,0.0,0.0,0.0,0.0,0.0,0.0,0.0,0.0,0.0,0.0,0.0,0.0,0.0,NULL
1899,G,T,ORF1a,N,R545.3333333333334L,1,0,1,0,0.0,0.0,NULL,0.0,0.0,0.0,0.0,0.0,0.0,0.0,0.0,0.0,0.0,0.0,0.0,0.0,0.0,0.0,0.0,0.0,0.0,0.0,0.0,0.0,0.0,0.0,0.0,0.0,0.0,0.0,0.0,0.0,0.0040650406504065045,0.0,0.0,0.0,0.0,0.0,0.0,0.0,0.0,0.0,0.0,0.38333333333333336,0.0
2189,C,T,ORF1a,N,L642.0F,1,0,1,1,0.0,0.0,NULL,0.0,0.17647058823529413,0.0,0.01639344262295082,0.0,0.004016064257028112,0.0,0.0,0.0,0.004032258064516129,0.004032258064516129,0.004081632653061225,0.004048582995951417,0.004,0.0,0.053061224489795916,0.017964071856287425,0.0,0.015384615384615385,0.0,0.01276595744680851,0.0,0.0,0.0,0.0,0.0,0.0,0.0,0.0,0.0,0.0,0.0,0.0,0.0,0.0,0.0,0.0,0.0,0.0,0.0,0.0,0.0
2416,C,T,ORF1a,S,Y717.6666666666666Y,0,1,1,35,0.0,0.004032258064516129,NULL,0.004132231404958678,0.0,0.0,0.0,0.0,0.0,0.0,0.0,0.0,0.0,0.0,0.0,0.0,0.0,0.0,0.0,0.006622516556291391,0.0,0.0,0.0,0.0,0.0,0.0,0.0,0.9956709956709957,0.0,0.0,0.0,0.0,NULL,0.0,0.0,0.006535947712418301,0.0,0.0,0.0,0.0,0.0,0.0,0.0,NULL,0.0
2446,T,C,ORF1a,S,T727.6666666666666T,0,1,1,1,0.0,0.0,NULL,0.0,0.0,0.004149377593360996,0.0,0.0,0.0,0.0,0.008,0.003703703703703704,1.0,0.0040650406504065045,0.0,0.0,0.0,0.0,0.0,0.0,0.0,0.0,0.0,0.004219409282700422,0.0,0.0043859649122807015,0.0,0.0,0.0041841004184100415,0.0,0.0,0.0,NULL,0.0,0.0,0.0,0.0,0.0,0.0,0.0,0.0,0.0,0.0,NULL,0.0
2480,A,G,ORF1a,N,I739.0V,0,1,1,90,0.0,0.0,NULL,0.0,0.0,0.0,0.0,0.0,0.004032258064516129,0.0,0.0,0.007352941176470588,0.0,0.0,0.0,0.0,0.004016064257028112,0.0,0.0,0.0,0.0,0.0,0.0,0.0,0.0,0.0,0.0,0.0,0.0,0.0,0.0,0.0,NULL,0.0,0.0,0.9943181818181818,0.0,0.0,0.0,0.0,0.0,0.0,0.0,NULL,NULL
2558,C,T,ORF1a,N,P765.0S,0,1,1,97,0.0,0.0,0.0,0.0,0.0,0.004149377593360996,0.004132231404958678,0.0,0.0,0.0,0.0,0.0,0.0,0.0,0.00546448087431694,0.0,0.0,0.0,0.0,0.0,0.0,0.0,0.0,0.0,0.0,0.0,0.0,0.0,0.0,0.0,0.0,0.0,0.0,0.0,0.0,0.98989898989899,0.0,0.0,0.0,0.0,0.0,0.0,0.0,NULL,0.0
2769,G,C,ORF1a,N,G835.3333333333334A,1,0,1,0,0.0,0.0,NULL,0.0,0.0,0.0,0.0,0.0,0.0,0.0,0.0,0.0,0.0,0.0,0.0,0.0,0.0,0.0,0.0,0.0,0.0,0.0,0.0,0.0,0.0,0.0,0.0,0.0,0.0,0.0,0.0,0.0,0.18181818181818182,0.0,0.0,NULL,0.0,0.0,0.0,0.0,0.0,0.0,0.0,0.0,NULL
2928,A,G,ORF1a,N,E888.3333333333334G,1,0,1,0,0.0,0.0,0.508,0.004219409282700422,0.0,0.004098360655737705,0.0,0.0,0.0,0.0,0.0,0.007575757575757576,0.0,0.0,0.0,0.0,0.0,0.0,0.0,0.0,0.0,0.0,0.0,0.0,0.0,0.0,0.0,0.0,0.0,0.0,0.0,0.0036496350364963502,0.0,0.0,0.0,0.0,0.0,0.0,0.0,0.0,0.0,0.0,0.0,0.0,0.0
3037,C,T,ORF1a,S,F924.6666666666666F,0,5,5,1275,0.0,0.0,0.0,0.0,0.005952380952380952,0.0,0.012096774193548387,0.0,0.0,0.0,0.0,0.0,0.0,0.0,0.0,0.0,0.0,0.0,0.0,0.0,0.0,0.0,0.0,0.0,0.0,1.0,0.004081632653061225,0.9956896551724138,0.0,0.0,0.0,0.0,0.0,0.0,0.0,0.004347826086956522,0.0,0.0,1.0,0.0,0.0,1.0,1.0,0.0,NULL
3406,A,C,ORF1a,N,E1047.6666666666667D,0,1,1,1,0.0,0.0,0.0,0.0,0.0,0.0,0.0,0.0,0.0,0.0,0.0,0.0,0.0,0.0,0.9913419913419913,0.0,0.0,0.0,0.0,0.0,0.0,0.0,0.0,0.0,0.0,0.0,0.004201680672268907,0.0,0.0,0.0,0.0,0.0,0.0,0.0,0.0,0.0,0.0,0.0,0.0,0.0,0.0,0.0,0.0,0.0,NULL
3411,C,T,ORF1a,N,A1049.3333333333333V,0,1,1,1,0.0,0.004149377593360996,0.004081632653061225,0.0,0.0,0.0,0.0,0.0,0.0,0.0,0.0,0.0,1.0,0.004048582995951417,0.0,0.0,0.0,0.0,0.0,0.0,0.0,0.0,0.0,0.0,0.0,0.0,0.0,0.0,0.0,0.0,0.0,0.0,0.0,0.0,0.0,0.0,0.0,0.0,0.0,0.0,0.004484304932735426,0.0,0.0,0.0,NULL
3670,T,C,ORF1a,S,Y1135.6666666666667Y,1,0,1,0,0.0,0.0,NULL,0.004149377593360996,0.0,0.004098360655737705,0.0,0.0,0.0,0.0,0.0,0.0,0.0,0.0,0.0,0.0,0.0,0.0,0.0,0.0,0.0,0.0,0.0,0.0,0.0,0.0,0.0,0.0,0.0,0.0,0.0,0.17721518987341772,0.0,0.0,0.0,0.0,0.0,0.0,0.0,0.0,0.0,0.0,0.0,0.0,NULL
4052,C,T,ORF1a,N,L1263.0F,1,0,1,0,0.0,0.0,NULL,0.0,0.0,0.0,0.0,0.0,0.0,0.0,0.0,0.0,0.0,0.0,0.0,0.0,0.0,0.0,0.0,0.0,0.0,0.0,0.0,0.0,0.0,0.0,0.0,0.0,0.0,0.0,0.0,0.0,0.1910569105691057,0.0,0.0,0.0,0.0,0.0,0.0,0.0,0.0,0.0,0.0,0.0,NULL
5572,G,T,ORF1a,N,M1769.6666666666667I,0,1,1,1,0.0,0.0,0.0,0.0,0.0,0.0,0.0,0.0,0.0,0.008,0.004901960784313725,0.0,1.0,0.0,0.0,0.0,0.0,0.0,0.0,0.0,0.0,0.0,0.0,0.0,0.0,0.0,0.0,0.0,0.0,0.0,0.0,0.0,0.0,0.0,0.0,0.0,0.0,0.0,0.0,0.0,0.0,0.0,0.0,0.0,0.0
5784,C,T,ORF1a,N,T1840.3333333333333I,0,1,1,9,0.004032258064516129,0.0,0.0,0.0,0.0,0.0,0.0,0.0,0.0,0.0,0.0,0.0,0.0,0.0,1.0,0.0,0.0,0.0,0.0,0.0,0.0,0.0,0.0,0.0,0.0,0.0,0.0,0.0,0.0,0.0,0.0,0.0,0.0,0.0,0.0,0.0,0.0,0.0,0.0,0.0,0.0,0.0,0.0,0.0,NULL
6335,T,C,ORF1a,N,S2024.0P,1,0,1,0,0.0,0.0,NULL,0.0,0.0,0.008097165991902834,0.0,0.0,0.0,0.0,0.0,0.0031645569620253164,0.0,0.0,0.0,0.0,0.0,0.0,0.0,0.0,0.0,0.0,0.0,0.0,0.0,0.0,0.0,0.0,0.0,0.0,0.0,0.0,0.37404580152671757,0.0,0.0,0.0,0.0,0.0,0.0,0.0,0.0,0.0,0.0,0.0,NULL
6996,T,C,ORF1a,N,I2244.3333333333335T,1,0,1,1,0.0,0.0,NULL,0.004132231404958678,0.0,0.2634146341463415,0.013043478260869565,0.0,0.0,0.0,0.0,0.0,0.0,0.0,0.0,0.0,0.0,0.0,0.0,0.0,0.0,0.0,0.0,0.0,0.0,0.0,0.0,0.0,0.0,0.0,0.0,0.0,0.0,0.0,0.0,0.0,0.0,0.0,0.0,0.00625,0.0,0.0,0.0,0.0,NULL
7401,C,T,ORF1a,N,A2379.3333333333335V,1,0,1,0,0.0,NULL,NULL,0.0,0.0,0.0,0.0,0.0,0.0,0.004048582995951417,0.0,0.0,0.0,0.0,0.0,0.0,0.0,0.0,0.0,0.0,0.0,0.0,0.0,0.0,0.0,0.004291845493562232,0.0,0.0,0.0,0.0,0.0,0.0,0.0,0.0,0.0,0.0,0.0,0.0,0.0,0.0,0.0,0.0,0.0,0.34210526315789475,NULL
7473,G,T,ORF1a,N,G2403.3333333333335V,0,1,1,0,0.0,1.0,NULL,0.0,0.0,0.0,0.008130081300813009,0.0,0.0,0.0,0.0,0.0,0.0,0.004,0.0,0.004081632653061225,0.004149377593360996,0.0,0.0,0.0,0.0,0.0,0.0,0.0,0.0,0.0,0.0,0.0,0.0,0.0,0.0,0.0,0.0,0.0,0.0,0.0,0.0,0.0,0.0,0.0,0.0,0.0,0.0,0.0,NULL
7514,A,C,ORF1a,S,R2417.0R,1,0,1,0,0.0,0.0,NULL,0.0,0.0,0.0,0.0,0.0,0.0,0.0,0.0,0.0037735849056603774,0.0,0.0,0.0,0.0,0.0,0.0,0.0,0.0,0.0,0.0,0.0,0.0,0.0,0.0,0.0,0.0,0.0,0.0,0.0,0.0,0.23481781376518218,0.0,0.0,0.0,0.0,0.0,0.0,0.0,0.0,0.0,0.0,0.0,NULL
7540,T,C,ORF1a,S,T2425.6666666666665T,1,0,1,0,0.0,0.003246753246753247,NULL,0.0,0.0,0.0,0.0,0.0,0.0,0.0,0.0,0.0036496350364963502,0.0,0.0,0.0,0.003968253968253968,0.0,0.0,0.0,0.0,0.0,0.0,0.0,0.0,0.0,0.0,0.0,0.0,0.0,0.0,0.0,0.0,0.23265306122448978,0.0,0.0,0.0,0.0,0.0,0.0,0.0,0.0,0.0,0.0,0.0,NULL
7866,G,T,ORF1a,N,G2534.3333333333335V,1,0,1,0,0.810126582278481,0.0,NULL,0.0,0.0,0.0,0.0,0.0,0.0,0.004081632653061225,0.0,0.0,0.0,0.0,0.0,0.0,0.0,0.0,0.0,0.0,0.0,0.0,0.0,0.0,0.0,0.0,0.0,0.0,0.0,0.0,0.0,0.0,0.0,0.0,0.0,0.0,0.0,0.0,0.0,0.0,0.0,0.0,0.0,0.0,NULL
8017,G,A,ORF1a,S,A2584.6666666666665A,1,0,1,0,0.00411522633744856,0.0,0.4204081632653061,0.0,0.0,0.0,0.0,0.0,0.0,0.0,0.0,0.0,0.0,0.0,0.0,0.0,0.0,0.0,0.0,0.0,0.0,0.0,0.00823045267489712,0.0,0.0,0.004149377593360996,0.0,0.0,0.0,0.0,0.0,0.0,0.0,0.0,0.0,0.0,0.0,0.0,0.0,0.0,0.004166666666666667,0.0,0.0,0.0,NULL
8062,A,T,ORF1a,S,S2599.6666666666665S,1,0,1,0,0.0,0.0,0.0,0.0,0.0,0.0,0.0,0.0,0.0,0.0,0.0,0.0,0.0,0.0,0.0,0.003968253968253968,0.00398406374501992,0.0,0.004132231404958678,0.0,0.0,0.0,0.0,0.0,0.0,0.0,0.0,0.0,0.0,0.0,0.0,0.0,0.5209790209790209,0.0,0.0,0.0,0.0,0.0,0.0,0.0,0.0,0.0,0.0,0.0,NULL
8182,A,G,ORF1a,S,Q2639.6666666666665Q,1,0,1,0,0.0,0.0,0.003952569169960474,0.0,0.0,0.017167381974248927,0.0,0.0,0.0,0.0,0.0,0.0,0.0,0.0,0.0,0.0,0.0,0.0,0.0,0.0,0.0,0.0,0.0,0.0,0.0,0.0,0.0,0.0,0.0,0.0,0.0,0.0,0.0,0.0,0.0,0.19183673469387755,0.0,0.020242914979757085,0.0,0.0,0.0,0.0,0.0,0.0,NULL
8286,T,C,ORF1a,N,M2674.3333333333335T,1,0,1,0,0.0,0.12396694214876033,0.0,0.00411522633744856,0.0,0.004132231404958678,0.008264462809917356,0.0,0.004016064257028112,0.0,0.0,0.0,0.0,0.0,0.0,0.0,0.0,0.0,0.0,0.0,0.0,0.0,0.0,0.0,0.0,0.0,0.0,0.0,0.0,0.0,0.0,0.0,0.0,0.0,0.0,0.0,0.0,0.0,0.0,0.0,0.0,0.0,0.0,0.0,NULL
8615,G,A,ORF1a,N,A2784.0T,1,0,1,0,0.0,0.2644628099173554,NULL,0.0,0.0,0.0040650406504065045,0.004048582995951417,0.0,0.0,0.0,0.0,0.0,0.0,0.0,0.0,0.0,0.0,0.0,0.0,0.0,0.0,0.0,0.0,0.0,0.0,0.0,0.0,0.0,0.0,0.0,0.0,0.0,0.0,0.0,0.0,0.0,0.0,0.0,0.0,0.0,0.0,0.0,0.0,0.0,NULL
8653,G,T,ORF1a,N,M2796.6666666666665I,0,1,1,15,0.0,0.0,NULL,0.0,0.0,0.0,0.0,0.0,0.0,0.0,0.008583690987124463,0.0,0.0,0.0,0.0,0.004016064257028112,0.0,0.0,0.0,0.0,0.0,0.0,0.0,0.0,0.0,0.0,0.0,0.0,0.0,0.0,0.0,0.0,0.0,0.0,0.9615384615384616,0.0,0.0,0.0,0.0,0.0,0.003663003663003663,0.0,0.0,0.0,NULL
8782,C,T,ORF1a,S,S2839.6666666666665S,0,18,18,542,0.0,0.0,NULL,0.0,0.0,0.0,0.0,0.0,0.004032258064516129,0.004016064257028112,0.004149377593360996,0.0,0.0,1.0,1.0,1.0,1.0,1.0,1.0,1.0,1.0,1.0,0.9947916666666666,1.0,1.0,0.0,0.9961832061068703,0.0,0.0,0.0,1.0,0.9906103286384976,0.0,0.991304347826087,0.0,0.0,0.0,0.0,0.0,1.0,1.0,0.0,0.0,0.0,NULL
8884,A,T,ORF1a,S,I2873.6666666666665I,1,0,1,0,0.0,0.0,NULL,0.0,0.0,0.0,0.0,0.0,0.0,0.0,0.0,0.0,0.0,0.0,0.0,0.0,0.0,0.0,0.0,0.0,0.0,0.0,0.0,0.004166666666666667,0.0,0.0,0.0,0.0,0.0,0.0,0.0,0.0,0.0,0.0,0.0,0.20093457943925233,0.0,0.0,0.0,0.0,0.0,0.0,0.0,0.0,NULL
9170,C,T,ORF1a,N,L2969.0F,0,1,1,1,0.0,NULL,NULL,0.0,0.0,0.0,0.0,0.0,0.0,0.0,0.0,0.0,0.0,0.0,0.0,0.0,0.0,0.0,0.0,0.0,0.0,0.008298755186721992,0.0,0.0,0.0,0.0,0.0,0.0,0.0,0.0,0.0,0.0,0.0,0.0,0.0,1.0,0.0,0.0,0.0,0.0,0.0,0.0,0.0,NULL,NULL
9180,C,T,ORF1a,N,S2972.3333333333335F,1,1,2,0,0.0,NULL,NULL,0.0,0.0,0.0,0.0,0.0,0.0,0.0,0.0,0.0,0.0,0.0,0.0,0.0,0.0,0.0,0.0,0.9327731092436975,0.0,0.0,0.0,0.0,0.0,0.0,0.0,0.0,0.0,0.0,0.0,0.0,0.0,0.0,0.0,0.0,0.0,0.0,0.0,0.20454545454545456,0.0,0.0,0.0,NULL,NULL
9430,C,A,ORF1a,S,I3055.6666666666665I,1,0,1,2,0.0,0.0,NULL,0.0,0.0,0.0,0.0,0.0,0.0,0.0,0.0,0.0,0.0,0.0,0.0,0.0,0.0,0.0,0.7192982456140351,0.0,0.0,0.0,0.0,0.0,0.0,0.0,0.0,0.0,0.0,0.0,0.0,0.0,0.0,0.004098360655737705,0.0,0.0,0.0,0.0,0.0,0.0,0.0,0.0,0.0,0.0,NULL
10038,C,T,ORF1a,N,T3258.3333333333335I,0,1,1,1,0.0,0.0,NULL,0.0,0.0,0.0040650406504065045,0.0,0.0,0.0,0.0,0.0,0.0,0.0,0.0,0.0,0.0,0.0,0.0,0.0,0.0,0.0,0.0,0.0,0.0,0.0,0.0,0.0,0.0,0.0,0.0,0.0,0.9958333333333333,0.0,0.0,0.0,0.0,0.0,0.0,0.0,0.0,0.0,0.0,0.0,0.0,NULL
10252,C,T,ORF1a,S,F3329.6666666666665F,1,0,1,0,0.0,NULL,NULL,0.0,0.0,0.0,0.0,0.0,0.0,0.0,0.0,0.0,0.0,0.0,0.0,0.0,0.0,0.0,0.0,0.0,0.0,0.0,0.0,0.0,0.0,0.0,0.0,0.0,0.0,0.0,0.0,0.0,0.0,0.0,0.0,0.38626609442060084,0.0,0.0,0.0,0.0036496350364963502,0.0,0.0,0.0,NULL,NULL
10779,T,A,ORF1a,N,L3505.3333333333335Q,6,1,7,0,0.14917127071823205,0.11688311688311688,1.0,0.35,0.43548387096774194,0.13733905579399142,0.11864406779661017,0.0,0.0,0.0,0.0,0.0,0.0,0.0,0.0,0.0,0.0,0.07142857142857142,0.0,0.0,0.0,0.0,0.0,0.004347826086956522,0.0,0.0,0.0,0.0,0.0,0.0,0.003861003861003861,0.0,0.0,0.0,0.0,0.0,0.0,0.0,0.0,0.0,0.0,0.0,0.0,NULL,0.0
10817,G,C,ORF1a,N,A3518.0P,1,0,1,0,0.008403361344537815,0.3472222222222222,NULL,0.0,0.043478260869565216,0.0,0.0,0.0,0.0,0.0,0.0,0.0,0.0,0.004032258064516129,0.0,0.0,0.0,0.0,0.0,0.0,0.0,0.0,0.0,0.0,0.0,0.0,0.0,0.0,0.0,0.0,0.0,0.0,0.0,0.0,0.0,0.0,0.0,0.0,0.0,0.0,0.0,0.0,0.0,NULL,NULL
11083,G,T,ORF1a,N,L3606.6666666666665F,0,7,7,356,0.0,0.004975124378109453,NULL,0.0,0.0,0.0,0.004166666666666667,0.0,0.004032258064516129,0.0,0.0,0.03787878787878788,1.0,0.0,0.0,0.012345679012345678,0.024489795918367346,0.0,0.0,0.0,0.0,0.0,0.004081632653061225,0.0,0.0,0.0,0.004081632653061225,0.008547008547008548,1.0,1.0,0.0,0.0196078431372549,1.0,0.003875968992248062,1.0,1.0,0.00390625,0.024193548387096774,0.02390438247011952,0.0966183574879227,0.0,0.0,0.0,1.0,NULL
11335,G,T,ORF1a,S,V3690.6666666666665V,3,0,3,0,0.0,NULL,NULL,0.0,0.0,0.0,0.0,0.0,0.35772357723577236,0.1557377049180328,0.20164609053497942,0.0,0.0,0.0,0.0,0.0,0.0,0.0,0.0,0.0,0.0,0.0,0.0,0.0,0.0,0.0,0.0,0.0,0.0,0.0,0.0,0.0,0.0,0.0,0.0,0.0,0.0,0.0,0.0,0.0,0.004291845493562232,0.0,0.0,0.0,NULL
11410,G,A,ORF1a,S,L3715.6666666666665L,0,0,0,0,0.0,NULL,NULL,0.0,0.0,0.0,0.004132231404958678,0.0,0.0,0.0,0.0,0.0,0.0,0.0,0.0,0.0,0.0,0.0,0.0,0.0,0.0,0.0,0.0,0.0,0.0,0.0,0.0,0.0,0.0,0.0,0.0,0.0,0.0,0.0,0.0,0.0,0.0,0.0,0.0,0.0,0.0,0.0,0.0,NULL,NULL
11418,T,C,ORF1a,N,V3718.3333333333335A,1,0,1,0,0.0,NULL,NULL,0.0,0.0,0.0,0.0,0.0,0.0,0.0,0.0,0.003937007874015748,0.0,0.0,0.0,0.0,0.0,0.0,0.0,0.0,0.0,0.0,0.0,0.0,0.0,0.0,0.0,0.0,0.0,0.0,0.0,0.0,0.0,0.0,0.0,0.0,0.0,0.0,0.0,0.19305019305019305,0.0,0.0,0.0,NULL,NULL
12282,A,C,ORF1a,N,D4006.3333333333335A,1,0,1,0,0.0,0.0,0.22727272727272727,0.0,0.0,0.0,0.004694835680751174,0.0,0.0,0.0,0.0,0.0,0.0,0.0,0.0,0.0,0.0,0.0,0.0,NULL,0.0,0.0,0.0,0.004219409282700422,0.0,0.0,0.0,0.0,0.0,0.0,0.0,0.0,0.0,0.0,0.0,0.0,0.0,0.0,0.0,0.0,0.0,0.0,0.0,0.0,0.0
12357,C,T,ORF1a,N,T4031.3333333333335I,0,1,1,2,0.0,0.0,0.0,0.0,0.0,0.0040650406504065045,0.0,0.0,0.0,0.0,0.0,0.0,0.0,0.0,0.0,0.0,0.0,0.0,0.0,NULL,0.0,0.0,0.0,0.0,0.0,0.0,0.004166666666666667,0.0,0.0,0.0,0.0,0.0,0.0,0.0,0.9956709956709957,0.0,0.0,0.0,0.0,0.0,0.0,0.0,0.0,0.0,NULL
13133,C,T,ORF1a,N,P4290.0S,1,0,1,0,0.006578947368421052,0.0,0.32456140350877194,0.0,0.0,0.0,0.0,0.0,0.0,0.0,0.0,0.0,0.0,0.0,0.0,0.0,0.00398406374501992,0.0,0.0,NULL,0.0,0.0,0.0,0.0,0.0,0.0,0.0,0.0,0.0,0.0,0.0,0.0,0.0,0.0,0.0,0.0,0.0,0.0,0.0,0.0,0.0,0.0,0.004081632653061225,NULL,NULL
13137,T,A,ORF1a,N,I4291.333333333333N,1,0,1,0,0.0,0.0,0.2571428571428571,0.0,0.0,0.0,0.0,0.0,0.0,0.0,0.0,0.0,0.0,0.0,0.0,0.0,0.0,0.0,0.0,NULL,0.0,0.0,0.0,0.0,0.0,0.0,0.0,0.0,0.0,0.0,0.0,0.0,0.0,0.0,0.0,0.0,0.0,0.0,0.0,0.0,0.0,0.0,0.0,NULL,NULL
13454,C,T,ORF1a,N,Q4397.0*,1,0,1,0,0.0,NULL,NULL,0.0,0.0,0.0,0.004366812227074236,0.0,0.0,0.0,0.0,0.0,0.0,0.0,0.0,0.0,0.0,0.0,0.0,NULL,0.0,0.0,0.0,0.0,0.0,0.0,0.0,0.0,0.0,0.0,0.0,0.0,0.0,0.0,0.0,0.0,0.0,0.0,0.0,0.0,0.0,0.0,0.21875,NULL,0.0
13506,C,T,ORF1b,S,C13.666666666666666C,0,1,1,1,0.0,NULL,NULL,0.0,0.0,0.0,0.004098360655737705,0.0,0.0,0.00975609756097561,0.0,0.0,0.0,0.0,0.013793103448275862,0.0,0.0,0.0,0.0,NULL,0.0,0.0,0.0,0.0,0.0,0.0,0.0,0.0,0.0,0.0,0.0,0.0,0.0,0.0,1.0,0.0,0.0,0.0,0.0,0.0,0.0,0.0,0.0,NULL,0.0
13687,G,T,ORF1b,N,E74.0*,1,0,1,2,0.005319148936170213,0.0,NULL,0.0,0.0,0.0,0.0,0.0,0.0,0.0,0.0,0.0,0.0,0.0,0.0,0.0,0.0,0.0,0.0,NULL,0.0,0.0,0.0,0.0,0.0,0.0041841004184100415,0.0,0.0,0.0,0.0,0.0,0.0,0.0,0.0,0.0,0.0,0.0,0.0,0.0,0.0,0.0,0.0,0.0,0.37293729372937295,NULL
14198,C,T,ORF1b,N,A244.33333333333334V,0,0,0,0,0.0,0.0,0.0,0.0,0.0,0.0,0.0,0.0,0.0,0.0,0.0,0.0,0.0,0.0,0.0,0.0,0.0,0.0,0.0,NULL,0.0,0.0,0.0,0.0,0.0,0.0,0.0,0.0,0.0,0.0,0.0,0.0,0.0,0.0,0.0,0.0,0.0,0.0,0.0,0.0,0.0,0.0,0.0,0.09090909090909091,0.0
14308,T,G,ORF1b,N,W281.0G,1,0,1,0,0.06896551724137931,0.0,0.0,0.008620689655172414,0.26635514018691586,0.008547008547008548,0.009174311926605505,0.0,0.0,0.0,0.011111111111111112,0.0,0.0,0.0,0.0,0.0,0.0,0.0,0.0,NULL,0.0,0.0,0.0,0.0,0.0,0.0,0.0,0.0,0.0,0.0,0.0,0.0,0.0,0.0,0.0,0.0,0.0,0.0,0.0,0.0,0.0,0.0,0.0,0.0,NULL
14408,C,T,ORF1b,N,P314.3333333333333L,0,5,5,1268,0.0,0.0,0.0,0.0,0.0,0.0,0.0,0.0,0.0,0.0,0.0,0.0,0.0,0.0,0.0,0.0,0.0,0.0,0.0,NULL,0.0,0.0,0.0,0.0,0.0,0.9915254237288136,0.0,0.99581589958159,0.0,0.0,0.0,0.0,0.0,0.0,0.0,0.004291845493562232,0.0,0.0,1.0,0.0,0.022556390977443608,1.0,1.0,0.0,NULL
14786,C,T,ORF1b,N,A440.3333333333333V,0,1,1,7,0.0,0.0,NULL,0.0,0.0,0.0,0.004149377593360996,0.0,0.0,0.0,0.0,0.0,0.0,0.0,0.01015228426395939,0.0,0.0,0.0,0.0,NULL,0.0,0.0,0.0,0.0,0.0,0.0,0.0,1.0,0.0,0.0,0.0,0.0,0.0,0.0,0.0,0.004219409282700422,0.0,0.0,0.0,0.0,0.0,0.0,0.0,0.0,NULL
14805,C,T,ORF1b,S,Y446.6666666666667Y,0,4,4,263,0.0,0.0,NULL,0.0,0.0,0.004098360655737705,0.0,0.0,0.0,0.0,0.0,0.0,1.0,0.0,0.0,0.0,0.0,0.0,0.0,NULL,0.0,0.0,0.0,0.0,0.0,0.0,0.003663003663003663,0.0,1.0,1.0,0.0,0.0,0.0,0.0,0.0,0.9956521739130435,0.0,0.0,0.0,0.0,0.0,0.0,0.0,0.0,NULL
15095,A,C,ORF1b,N,N543.3333333333334T,1,0,1,0,0.0,0.0,NULL,0.0,0.0,0.0,0.0,0.0,0.0,0.0,0.0,0.0,0.0,0.0,0.0,0.0,0.0,0.0,0.0,NULL,0.0,0.0,0.0,0.004347826086956522,0.0,0.0,0.0,0.0,0.0,0.0,0.0,0.0,0.20816326530612245,0.0,0.0,0.0,0.0,0.0,0.0,0.0,0.0,0.0,0.0,NULL,0.0
15602,G,A,ORF1b,N,R712.3333333333334H,1,0,1,1,0.0,0.25609756097560976,0.0,0.0,0.0,0.0,0.0,0.0,0.0,0.003703703703703704,0.0,0.0037593984962406013,0.004424778761061947,0.0,0.0,0.0,0.0,0.0,0.0,NULL,0.0,0.0,0.0,0.0,0.0,0.0,0.0,0.0,0.0,0.0,0.0,0.0,0.0,0.0,0.0,0.0,0.003484320557491289,0.0,0.0,0.0,0.0,0.0,0.0,0.0,0.0
15840,G,T,ORF1b,N,W791.6666666666666C,1,0,1,0,0.0,0.0,0.0,0.0,0.0,0.0,0.0,0.0,0.0,0.0,0.0,0.0,0.0,0.0,0.0,0.0,0.0,0.0,0.0,NULL,0.0,0.0,0.0,0.0,0.0,0.0,0.0,0.004329004329004329,0.0,0.0,0.0,0.0,0.18807339449541285,0.0,0.0,0.0,0.0,0.0,0.0,0.0,0.004975124378109453,0.0,0.0,0.0,NULL
16028,C,T,ORF1b,N,A854.3333333333334V,1,0,1,0,0.0,0.0,NULL,0.0,0.0,0.0041841004184100415,0.00411522633744856,0.0,0.003937007874015748,0.0,0.0,0.0,0.0,0.0,0.0,0.0,0.0,0.0,0.0,NULL,0.0,0.0,0.0,0.0,0.0,0.0,0.007575757575757576,0.0,0.0,0.0,0.0,0.0,0.0,0.0,0.0,0.0,0.0,0.0,0.0,0.20089285714285715,0.0,0.0,0.0,0.0,NULL
16381,G,T,ORF1b,N,V972.0F,1,0,1,0,0.0,0.0,NULL,0.0,0.0,0.0,0.0,0.0,0.00390625,0.0,0.0,0.0,0.0,0.0,0.0,0.0,0.0,0.0,0.0,NULL,0.0,0.0,0.004329004329004329,0.0,0.0,0.004132231404958678,0.0,0.0,0.0,0.0,0.0,0.0,0.19753086419753085,0.0,0.004048582995951417,0.0,0.0,0.0,0.0,0.0,0.0,0.0,0.0,0.0,NULL
16432,G,T,ORF1b,N,G989.0*,1,0,1,0,0.0,0.0,NULL,0.0,0.0,0.0,0.0,0.0,0.004016064257028112,0.0,0.0,0.0,0.0,0.0,0.0,0.0,0.0,0.0,0.0,NULL,0.0,0.0,0.0,0.0,0.0,0.0,0.0,0.0,0.0,0.0,0.0,0.0,0.3092369477911647,0.0,0.0,0.0,0.0,0.0,0.0,0.0,0.0,0.0,0.0,0.0,0.0
16466,C,T,ORF1b,N,P1000.3333333333334L,1,0,1,2,0.0,0.00411522633744856,NULL,0.0,0.0,0.0,0.0,0.0,0.0,0.0,0.0,0.0,0.0,0.0,0.0,0.0,0.004098360655737705,0.25,0.0,NULL,0.0,0.0,0.0,0.0,0.0,0.008771929824561403,0.0,0.0,0.0,0.0,0.0,0.0,0.0,0.0,0.0,0.0,0.0,0.0,0.0,0.0,0.0,0.0,0.0,0.0,0.0
17247,T,C,ORF1b,S,R1260.6666666666667R,0,2,2,109,0.0,0.0,0.0,0.0,0.0,0.00411522633744856,0.0,0.0,0.0,0.0,0.0,0.0,0.0,0.0,0.0,0.004032258064516129,0.0,0.0,0.0,NULL,0.0,0.0125,0.0,0.0,0.0,0.0,0.0,0.0,1.0,1.0,0.0,0.0,0.0037593984962406013,0.0,0.0,0.0,0.0,0.0,0.0,0.0,0.0,0.0037174721189591076,0.0,0.0,0.0
17339,C,T,ORF1b,N,A1291.3333333333333V,0,1,1,2,0.0,0.0,0.0,0.0,0.0,0.0,0.0,0.0,0.0,0.0,0.0,0.0,0.0,0.008032128514056224,0.0,0.0,0.0,0.0,0.0,NULL,0.0,0.0,0.0,0.0,0.0,0.0,0.003968253968253968,0.0,0.0,0.0,0.0,0.0,0.0,0.0,0.004048582995951417,1.0,0.0,0.0,0.0,0.0,0.0,0.0,0.0,0.0,0.0
17373,C,T,ORF1b,S,A1302.6666666666667A,0,3,3,16,0.0,0.0,0.0,0.0,0.0,0.0,0.0,0.0,0.9964912280701754,0.988,0.9856115107913669,0.007352941176470588,0.0,0.0,0.0,0.0,0.0,0.0,0.0,NULL,0.0,0.0,0.0,0.0,0.0,0.0,0.0,0.0,0.0,0.0,0.0,0.0,0.004149377593360996,0.0,0.0,0.0,0.0,0.0,0.0,0.004366812227074236,0.0,0.0,0.0,0.0,0.0
17722,G,A,ORF1b,N,V1419.0I,1,0,1,1,0.012345679012345678,0.008333333333333333,0.38306451612903225,0.0,0.0,0.0,0.0,0.0,0.0,0.0,0.0,0.0,0.0,0.008,0.0,0.004016064257028112,0.0,0.0,0.012295081967213115,NULL,0.04897959183673469,0.0,0.0,0.016877637130801686,0.05737704918032787,0.0,0.0,0.0,0.0,0.0,0.0,0.0,0.0,0.0,0.0,0.0,0.0,0.0,0.0,0.0,0.0,0.0,0.0,0.0,0.0
17747,C,T,ORF1b,N,P1427.3333333333333L,2,13,15,344,0.0,0.0,0.0,0.0,0.0,0.0,0.0,0.0,0.0,0.00398406374501992,0.0,0.0036363636363636364,0.0,1.0,1.0,1.0,1.0,1.0,1.0,NULL,1.0,1.0,1.0,1.0,1.0,0.0,0.0,0.0,0.0,0.0,0.7899543378995434,0.0,0.0,0.8009259259259259,0.0,0.0,0.0,0.0,0.0,0.9029535864978903,1.0,0.0,0.0,0.0,0.0
17825,C,T,ORF1b,N,T1453.3333333333333I,1,0,1,0,0.0,0.0,0.0,0.0,0.018957345971563982,0.0040650406504065045,0.00423728813559322,0.18556701030927836,0.0,0.0,0.0,0.0037735849056603774,0.0,0.0,0.0,0.0,0.0,0.0,0.0,NULL,0.0,0.0,0.0,0.0,0.0,0.0,0.0,0.0033444816053511705,0.0,0.0,0.0,0.0,0.0,0.0,0.0,0.0,0.0,0.0,0.0,0.0,0.0,0.0,0.0,0.0,0.0
17858,A,G,ORF1b,N,Y1464.3333333333333C,0,15,15,362,0.0,0.0,0.0,0.0,0.0,0.004098360655737705,0.0,0.0,0.004219409282700422,0.0,0.0,0.0,0.0,1.0,1.0,1.0,0.9957446808510638,1.0,1.0,NULL,1.0,1.0,0.9912280701754386,1.0,1.0,0.0,0.0,0.0,0.0,0.0,0.9958333333333333,0.0,0.0,0.9962121212121212,0.0,0.0,0.0,0.0,0.0,0.9914529914529915,0.9963768115942029,0.003436426116838488,0.0,0.0,0.0
17882,C,T,ORF1b,N,T1472.3333333333333I,1,0,1,0,0.0,0.0,0.0,0.0,0.0,0.004081632653061225,0.30526315789473685,0.0,0.0,0.0,0.0,0.0,0.0,0.0,0.0,0.00796812749003984,0.0,0.0,0.0,NULL,0.0,0.0,0.0,0.0,0.0,0.0,0.003968253968253968,0.0,0.0,0.0,0.0,0.0,0.0,0.004132231404958678,0.0,0.0,0.0,0.0,0.0,0.0,0.0,0.0,0.0,0.0,0.0
18060,C,T,ORF1b,S,L1531.6666666666667L,0,17,17,367,0.0,0.0,0.0,0.0,0.0,0.0,0.0,0.0,0.003952569169960474,0.004016064257028112,0.0,0.004098360655737705,0.0,1.0,1.0,1.0,1.0,1.0,1.0,NULL,1.0,1.0,0.9631901840490797,0.9672131147540983,1.0,0.0,0.9888059701492538,0.0,0.0,0.0,0.9747474747474747,0.0,0.0,0.9857142857142858,0.0,0.0,0.0,0.0,0.0,1.0,0.9915611814345991,0.0,0.0,NULL,1.0
18363,G,A,ORF1b,S,Q1632.6666666666667Q,1,0,1,0,0.0,0.0,0.7358490566037735,0.0,0.0,0.0,0.0,0.0,0.0,0.0,0.0,0.0,0.0,0.003968253968253968,0.0,0.0,0.0,0.0,0.0,NULL,0.0,0.0,0.0,0.0,0.0,0.0,0.0,0.0,0.0,0.0,0.0,0.0,0.0,0.0,0.0037735849056603774,0.0,0.0,0.0,0.0,0.0,0.0,0.0,0.0,0.0,0.0
18685,T,C,ORF1b,N,C1740.0R,1,0,1,0,0.0,0.0,NULL,0.0041841004184100415,0.0,0.004166666666666667,0.0,0.0,0.004,0.0,0.0,0.0036363636363636364,0.0,0.004032258064516129,0.0045662100456621,0.0,0.0,0.0,0.0,NULL,0.0,0.0,0.0,0.0,0.0,0.0,0.0,0.0,0.0,0.0,0.0,0.0,0.0,0.0,0.0,0.0,0.0,0.0,0.0,0.0,0.0,0.0,0.0,0.29508196721311475,NULL
18697,G,A,ORF1b,N,A1744.0T,1,1,2,1,0.0,0.00411522633744856,NULL,0.0,0.0,0.004081632653061225,0.14285714285714285,0.0,0.0,0.0,0.0,0.0036231884057971015,0.0,0.0,0.0,0.0,0.0,0.0,0.0,NULL,0.0,0.0,0.0,0.0,0.0,0.0,0.0,0.0,0.0,0.0,0.0,0.0,0.9925373134328358,0.0,0.0,0.0,0.0,0.0,0.0,0.0,0.0,0.0,0.0,0.0,NULL
18763,A,T,ORF1b,N,I1766.0F,1,0,1,0,0.0,0.0,NULL,0.0,0.6545454545454545,0.004098360655737705,0.0,0.0,0.0,0.0,0.0,0.0,0.0,0.0,0.003968253968253968,0.0,0.0,0.0,0.0,NULL,0.0,0.0,0.0,0.0,0.0,0.0,0.007272727272727273,0.0,0.0,0.0,0.0,0.0,0.0,0.0,0.0,0.0,0.0,0.0,0.0,0.0,0.0,0.0,0.0,0.0,NULL
18768,T,C,ORF1b,S,D1767.6666666666667D,1,0,1,0,0.0,0.0,NULL,0.0,0.8403361344537815,0.0,0.0,0.0,0.0,0.0,0.0,0.007194244604316547,0.0,0.0,0.0,0.0,0.0,0.0,0.0,NULL,0.0,0.0,0.0,0.0,0.0,0.0,0.0,0.0,0.0,0.0,0.00411522633744856,0.0,0.0,0.0,0.0,0.0,0.0034129692832764505,0.0,0.0,0.0,0.0,0.0,0.0,0.003968253968253968,NULL
18814,C,T,ORF1b,S,L1783.0L,0,1,1,1,0.0,0.0,NULL,0.0,0.0,0.0,NULL,0.0,0.0,0.0,0.0,0.003787878787878788,0.0,0.0,0.0,0.0,0.0,0.0,0.0,NULL,0.0,0.0,0.0,0.0,0.0,0.9957627118644068,0.0,0.0,0.0,0.0,0.0,0.0,0.0,0.0,0.0,0.0,0.0,0.0,0.0,0.0,0.0,0.0,0.0,0.0,0.0
19218,T,C,ORF1b,S,P1917.6666666666667P,1,0,1,0,0.019417475728155338,0.38461538461538464,NULL,0.0,0.0,0.0,0.0,0.0,0.010033444816053512,0.0,0.0,0.003937007874015748,0.0,0.0,0.0,0.0,0.0,0.0,0.013888888888888888,NULL,0.0,0.0,0.0,0.0,0.0,0.0,0.0,0.0,0.0,0.0,0.0,0.0,0.0,0.0,0.0,0.0,0.0,0.0,0.0,0.0,0.0,0.0,0.0,0.0,NULL
20236,A,G,ORF1b,N,R2257.0G,3,0,3,0,0.02857142857142857,0.015151515151515152,0.20175438596491227,0.008583690987124463,0.24324324324324326,0.0,0.16666666666666666,0.0,0.003952569169960474,0.00390625,0.0,0.002777777777777778,0.0,0.0,0.0,0.0,0.0,0.0,0.0,NULL,0.0,0.0,0.0,0.0,0.0,0.0,0.0,0.0,0.0,0.0,0.004329004329004329,0.0,0.0,0.0,0.0,0.0,0.0,0.0,0.0,0.0,0.0,0.0,0.0,0.0,NULL
20240,G,A,ORF1b,N,S2258.3333333333335N,2,0,2,0,0.01904761904761905,0.06395348837209303,0.313953488372093,0.0041841004184100415,0.0,0.004830917874396135,0.16666666666666666,0.0,0.0,0.0,0.0,0.0,0.0,0.0,0.0,0.0,0.0,0.0,0.0,NULL,0.0,0.0,0.0,0.0,0.0,0.0,0.0,0.0,0.0,0.00816326530612245,0.0,0.004032258064516129,0.0,0.0,0.0,0.0,0.0,0.0,0.0,0.0,0.0,0.0,0.0,0.0,NULL
20281,T,C,ORF1b,N,F2272.0L,0,1,1,0,0.009345794392523364,0.0036496350364963502,NULL,0.004201680672268907,0.0,0.0,NULL,0.0,0.0,0.0,0.0,0.0,0.0,0.003937007874015748,0.004201680672268907,0.944,0.0,0.0,0.0,NULL,0.0,0.0,0.0,0.0,0.0,0.0,0.0037735849056603774,0.0040650406504065045,0.0,0.0,0.0,0.0,0.0,0.0,0.0,0.0,0.0,0.0,0.0,0.0,0.0,0.0,0.0,0.0,NULL
20578,G,T,ORF1b,N,V2371.0L,0,1,1,4,0.0,0.0,NULL,0.0,0.0,0.0,NULL,0.0,0.0,0.0037593984962406013,0.0,0.0,0.0,0.0,0.0,0.0,0.0,0.0,0.0,NULL,0.0,0.0,0.0,0.0,0.0,0.0,0.0,0.996031746031746,0.0,0.0,0.0,0.0,0.0,0.0,0.0,0.0,0.0,0.0,0.0,0.0,0.0,0.0,0.003952569169960474,NULL,0.0
20703,C,T,ORF1b,S,Y2412.6666666666665Y,1,0,1,3,0.0,0.004016064257028112,NULL,0.0,0.2946058091286307,0.004081632653061225,0.0,0.0,0.0,0.0,0.0,0.0,0.0,0.0,0.0,0.0,0.0,0.0,0.0,NULL,0.0,0.0,0.0,0.0,0.0,0.0,0.0,0.0,0.0,0.0,0.0,0.0,0.0,0.0,0.0,0.0,0.0,0.0,0.0,0.0,0.0,0.0,0.0,0.0,0.0
20799,T,C,ORF1b,S,Y2444.6666666666665Y,1,0,1,0,0.0,0.008032128514056224,NULL,0.004166666666666667,0.1651376146788991,0.0,0.0,0.0,0.0,0.0,0.0,0.0,0.0,0.0,0.0,0.004,0.004,0.0,0.0,NULL,0.0,0.0,0.0,0.0,0.0,0.0,0.0,0.0,0.0,0.0,0.0,0.0,0.0,0.0,0.0,0.0,0.004201680672268907,0.0,0.0,0.0,0.0,0.0,0.0,0.0,0.0
21147,T,G,ORF1b,S,L2560.6666666666665L,1,0,1,0,0.0,0.0,NULL,0.0,0.0,0.0,0.0,0.0,0.0,0.0,0.0,0.0,0.0,0.0,0.0,0.0,0.0,0.0,0.0,NULL,0.0,0.0,0.0,0.0,0.0,0.0,0.0,0.0,0.0,0.0,0.0,0.004016064257028112,0.3135593220338983,0.0,0.0,0.0,0.0,0.0,0.0,0.0,0.0,0.0,0.0,0.0,0.0
21710,T,C,S,N,S50.0P,0,1,1,0,0.0,0.0,1.0,0.004310344827586207,0.0,0.00411522633744856,0.0,0.0,0.0,0.004,0.0,0.0033444816053511705,0.0,0.0,0.0,0.0,0.0,0.0,0.0,NULL,0.0,0.0,0.0,0.0,0.0,0.0,0.0,0.0,0.0,0.0,0.0,0.0,0.0,0.00425531914893617,0.0,0.0,0.0,0.0,0.0,0.0,0.0,0.0,0.0,0.0,NULL
21728,T,C,S,S,L56.0L,1,0,1,0,0.0,0.0,NULL,0.008333333333333333,0.0,0.0,0.0,0.0,0.0,0.0,0.0,0.0,0.0,0.0,0.0,0.0,0.0,0.0,0.0,NULL,0.0,0.0,0.0,0.0,0.0,0.0,0.0,0.0,0.0,0.0,0.0,0.0,0.26126126126126126,0.0,0.0,0.0,0.0,0.0,0.0,0.0,0.0,0.0,0.0,0.0,0.0
22133,G,A,S,N,E191.0K,1,0,1,0,0.0,0.0,NULL,0.0,0.0,0.0,0.0,0.0,0.0,0.0,0.0,0.0,0.0,0.008130081300813009,0.0,0.0,0.0,0.0,0.0,NULL,0.0,0.0,0.0,0.0,0.0,0.0,0.0,0.0,0.0,0.0,0.0,0.0,0.24344569288389514,0.0,0.0,0.0,0.0,0.0,0.0,0.0,0.0,0.0,0.0,NULL,NULL
22316,G,A,S,N,G252.0S,2,0,2,0,0.012096774193548387,0.004016064257028112,0.21973094170403587,0.012345679012345678,0.0,0.01639344262295082,0.125,0.0,0.0,0.0,0.0,0.0033112582781456954,0.0,0.0,0.0,0.0,0.0,0.0,0.0,NULL,0.0,0.0,0.0,0.0,0.0,0.0,0.0,0.0,0.0,0.0,0.0,0.01680672268907563,0.0,0.0,0.0,0.0,0.0,0.0,0.007692307692307693,0.0,0.006802721088435374,0.0,0.0,0.0,0.0
22509,C,T,S,N,S316.3333333333333F,1,0,1,0,0.0,0.0,NULL,0.0,0.0,0.0,NULL,0.0,0.0,0.0,0.0,0.0,0.0,0.0,0.0,0.0,0.0,0.0,0.0,NULL,0.0,0.0,0.0,0.0,0.0,0.0,0.0,0.0,0.0,0.0,0.0,0.0,0.14130434782608695,0.0,0.0,0.0,0.0,0.0,0.0,0.0,0.0,0.0,0.0,0.0,0.0
22915,C,T,S,S,Y451.6666666666667Y,2,0,2,0,0.021505376344086023,0.3850267379679144,0.0,0.0,0.2571428571428571,0.0,NULL,0.0,0.0,0.0,0.0,0.0,0.0,0.0,0.0,0.008368200836820083,0.0,0.0,0.0040650406504065045,NULL,0.0,0.0,0.0,0.0,0.0,0.0,0.0035971223021582736,NULL,NULL,NULL,0.0,0.0,NULL,0.0,0.0,NULL,0.0,NULL,0.0,0.0,0.0,0.0,0.0,NULL,NULL
23010,T,C,S,N,V483.3333333333333A,0,3,3,14,0.0,NULL,NULL,0.004291845493562232,0.0,0.004166666666666667,NULL,0.0,0.0,0.0,0.0,0.0038314176245210726,0.0,0.0,0.0,0.0,0.0,0.0,0.0,NULL,0.0,1.0,1.0,0.9953271028037384,0.0,0.0,0.0,NULL,NULL,NULL,0.0,0.0,NULL,0.0,0.0,NULL,0.0,NULL,0.0,0.0,0.0,0.0,0.0,0.0,0.0
23134,T,C,S,S,V524.6666666666666V,1,0,1,0,0.0,0.5471698113207547,0.0,0.0,0.0,0.0,0.0,0.0,0.0,0.004016064257028112,0.0,0.0037174721189591076,0.0,0.0,0.0,0.0,0.0,0.0,0.0,NULL,0.0,0.0,0.004347826086956522,0.0,0.0,0.0,0.0,0.0,0.0,0.0,0.0,0.0,0.0,0.0,0.0,0.0,0.0,0.0,0.00398406374501992,0.0,0.0,0.0,0.0,0.0,NULL
23244,C,T,S,N,P561.3333333333334L,0,2,2,2,0.0041841004184100415,0.0,0.0,0.0,0.0,0.0,0.0,0.0,0.0,0.0,0.006993006993006993,0.0,0.0,0.0,0.0,0.0,0.0,0.0,0.0,NULL,0.0,0.0,0.0,0.0,0.0,0.0,0.0,0.0,1.0,0.9970414201183432,0.0,0.0,0.0,0.0,0.0,0.0,0.0029069767441860465,0.0,0.0,0.0,0.0,0.0,0.0,0.0,0.0
23403,A,G,S,N,D614.3333333333334G,0,5,5,1277,0.0,0.004048582995951417,0.0,0.0,0.0044444444444444444,0.004048582995951417,0.0,0.0,0.0,0.0,0.0,0.0,0.0,0.0,0.0,0.0,0.0,0.0,0.0,NULL,0.0,0.0,0.0,0.0,0.0047169811320754715,1.0,0.0,0.9956331877729258,0.0,0.0,0.0,0.004132231404958678,0.0,0.0,0.0,0.0,0.004132231404958678,0.0,0.9958333333333333,0.0,0.0,0.9953271028037384,1.0,0.0,0.0
23525,C,T,S,N,H655.0Y,1,1,2,2,0.0,0.0,0.0,0.0,0.0,0.0,0.0,0.0,0.0,0.00398406374501992,0.0,0.0,0.0,0.0,0.9917355371900827,0.0,0.0,0.0,0.0,NULL,0.0,0.0,0.0,0.0,0.0,0.0,0.00819672131147541,0.0,0.0,0.0,0.0,0.0,0.0,0.0,0.0,0.0,0.003952569169960474,0.0,0.0,0.3930131004366812,0.0,0.0,0.0,0.0,0.0
23606,C,T,S,N,R682.0W,1,0,1,0,0.0,0.0,0.0,0.0,0.0,0.0,0.0,0.0,0.0,0.0,0.0,0.0,0.0,0.0,0.0,0.0,0.0,0.0,0.0,NULL,0.0,0.0,0.0,0.0,0.0,0.0,0.0,0.0,0.0,0.0,0.0,0.0,0.0,0.0,0.0,0.0,0.0,0.0,0.0,0.0,0.0,0.0,0.0,0.0,0.14
23635,C,T,S,S,S691.6666666666666S,0,1,1,1,0.0,0.0,0.0,0.0,0.004166666666666667,0.0,0.0,0.0,0.0,0.0,0.0,0.0,0.0,0.0,0.0,0.0,0.0,0.0,0.00411522633744856,NULL,0.0,0.0,0.0,0.0,0.0,0.0,0.0,0.0,0.0,0.0,0.0,0.0,0.0,0.0,0.0,0.0,0.0,0.0,0.0,0.0,0.0,0.0,0.0,0.993006993006993,0.0
23703,T,C,S,N,I714.3333333333334T,1,0,1,0,0.0,0.0,0.0,0.0,0.0,0.0041841004184100415,0.0,0.0,0.0,0.0,0.0,0.0,0.0,0.0,0.0,0.0,0.0,0.0,0.0,NULL,0.0,0.0,0.0,0.0,0.0,0.0,0.0,0.0,0.0,0.0,0.0,0.0,0.2066115702479339,0.0,0.0,0.0,0.0,0.0,0.0,0.0,0.0,0.0,0.0,0.0,0.0
23755,G,T,S,N,M731.6666666666666I,0,1,1,0,0.0,0.0,0.0,0.0,0.0,0.0,0.0,0.0,0.0,0.0,0.0,0.003787878787878788,0.0,0.0,0.0,0.0,0.0,0.0,0.0,NULL,0.0,0.0,0.0,0.0,0.0,0.0,0.0,0.0,0.0,0.0,0.0,0.0,0.0,0.0,0.0,0.0,0.0,0.0,0.0,0.0,0.0,0.0,0.0,1.0,NULL
24034,C,T,S,S,N824.6666666666666N,1,0,1,21,0.0,0.0,NULL,0.012244897959183673,0.0,0.0,0.0,0.0,0.0,0.0,0.0,0.6991869918699187,0.0,0.0,0.004310344827586207,0.003968253968253968,0.004016064257028112,0.0,0.0,NULL,0.004347826086956522,0.0,0.0,0.0,0.0,0.0,0.0,0.0,0.0,0.0,0.0,0.0,0.0,0.0,0.0,0.0,0.0,0.0,0.0,0.0,0.0,0.0,0.0,0.0,0.0
24325,A,G,S,S,K921.6666666666666K,0,1,1,3,0.0,0.00398406374501992,0.0,0.0,0.9773755656108597,0.0,0.0,0.0,0.0,0.003968253968253968,0.0,0.0,0.0,0.0,0.0,0.008064516129032258,0.0,0.0,0.0,NULL,0.0,0.0,0.0,0.0,0.0,0.0,0.0,0.0,0.0,0.0,0.0,0.0,0.0,0.0,0.0,0.0,0.0,0.0,0.0,0.0,0.0,0.0,0.0,0.0,0.0
24386,G,T,S,N,A942.0S,1,0,1,1,0.0,0.0,0.0,0.004149377593360996,0.0,0.0,0.0,0.0,0.0,0.0,0.0,0.0,0.0,0.0,0.004,0.0,0.0,0.0,0.0,NULL,0.0,0.0,0.0,0.0,0.0,0.0,0.0,0.0,0.0,0.0,0.0,0.0,0.6818181818181818,0.0,0.0,0.0,0.0,0.0,0.0,0.0,0.0,0.0,0.0,0.0,0.0
24404,C,T,S,N,L948.0F,1,0,1,0,0.0043859649122807015,0.5296610169491526,0.004,0.0,0.0,0.0,0.0,0.0,0.00390625,0.0,0.0,0.0,0.0,0.0,0.0,0.0,0.0,0.0,0.0,NULL,0.0,0.0,0.0,0.0,0.0,0.0,0.0,0.0,0.0,0.0,0.0,0.0,0.0,0.0,0.0,0.0,0.0,0.0,0.0,0.0,0.0,0.0,0.0,0.0,0.0
24483,C,T,S,N,S974.3333333333334L,0,0,0,0,0.0,0.0,0.0,0.0,0.0,0.0,0.0,0.0,0.0,0.0,0.0,0.0,0.0,0.0,0.0,0.0,0.0,NULL,0.0,NULL,0.0,0.0,0.0,0.0,0.0,0.0,0.0,0.0,0.0,0.0,0.0,0.0,0.0,0.0,0.0,0.0,0.0,0.0,0.0,0.0,0.0,0.0,0.0,0.0,0.0
24585,T,C,S,N,V1008.3333333333334A,2,0,2,0,0.00847457627118644,0.0,0.7808219178082192,0.0,0.004291845493562232,0.0,0.2,0.008333333333333333,0.00398406374501992,0.0,0.0,0.007142857142857143,0.0,0.0,0.0,0.0,0.0,0.0,0.0,NULL,0.0,0.0,0.0,0.0,0.0,0.0,0.0,0.0,0.0,0.0,0.0,0.0,0.0,0.0,0.0,0.0,0.0,0.0,0.0,0.0,0.0,0.0,0.0,0.0,0.0
24694,A,T,S,S,G1044.6666666666667G,0,1,1,24,0.0,0.0,0.0,0.0,0.0,0.0,0.0,0.0,0.0,0.00398406374501992,0.0,0.0,0.0,0.004016064257028112,0.0,0.0,0.0,0.0,0.0,NULL,0.0,0.0,0.0,0.0,0.0,0.0,0.004149377593360996,0.0,0.004347826086956522,0.0,0.0,0.0,0.0,1.0,0.0,0.0,0.0,0.0,0.0,0.0,0.0,0.0,0.0,0.0,0.0
25049,G,T,S,N,D1163.0Y,1,0,1,0,0.0,0.0,NULL,0.0,0.0,0.0,NULL,0.0,0.0,0.007692307692307693,0.0,0.0,0.0,0.0,0.0,0.0,0.0,0.0,0.0,NULL,0.0,0.0,0.0,0.0,0.0,0.0,0.0,0.0,0.0,0.0,0.36,0.0,0.0,0.0,0.0,0.0,0.004132231404958678,0.0,0.0,0.0,0.0,0.0,0.0,0.0,0.0
25098,T,C,S,N,I1179.3333333333333T,1,0,1,0,0.0,0.3404255319148936,NULL,0.0,0.0,0.004081632653061225,0.0,0.0,0.0,0.0,0.0,0.0,0.0,0.0,0.0,0.0,0.0,0.0,0.0,NULL,0.0,0.0,0.0,0.0,0.0,0.004219409282700422,0.0,0.0,0.0,0.0,0.0,0.0,0.0,0.0,0.0,0.0,0.0,0.0,0.0,0.0,0.0,0.0,0.0040650406504065045,0.0,0.0
25174,A,C,S,S,G1204.6666666666667G,1,0,1,0,0.008771929824561403,0.29831932773109243,NULL,0.029411764705882353,0.08898305084745763,0.0,NULL,0.0,0.0,0.0,0.0,0.0,0.0,0.0,0.0,0.0,0.0,0.0,0.0,NULL,0.0,0.0,0.0,0.0,0.0,0.0,0.0,0.0,0.0,0.0,0.0,0.0,0.0,0.0,0.0,0.0,0.0,0.0,0.0,0.0,0.0,0.0,0.003968253968253968,0.0,0.0
25307,T,C,S,N,S1249.0P,1,0,1,0,0.0,0.0,0.0,0.00423728813559322,0.004878048780487805,0.0041841004184100415,0.0,0.0,0.0,0.0,0.0,0.0,0.0,0.0,0.0,0.0,0.0,0.0,0.0,NULL,0.0,0.0,0.0,0.0,0.0,0.0,0.0,0.0,0.0,0.0,0.0,0.0,0.0,0.0,0.00411522633744856,0.006134969325153374,0.0,0.0,0.0,0.0,0.0,0.0,0.0,0.5274261603375527,0.0
25563,G,T,ORF3a,N,Q57.666666666666664H,1,2,3,379,0.0,0.0,NULL,0.0,0.0,0.0,0.0,0.0,0.0,0.0,0.0,0.0,0.0,0.0,0.0,0.0,0.0,0.02127659574468085,0.004424778761061947,NULL,0.0,0.0,0.0,0.0,0.0,0.0,0.0,1.0,0.0,0.0,0.0,0.0,0.0,0.004098360655737705,0.0,0.004484304932735426,0.0,0.0,1.0,0.0,0.2217391304347826,0.0,0.0,0.0,0.0
25644,G,T,ORF3a,S,L84.66666666666667L,0,0,0,0,0.0,0.0,NULL,0.0,0.0,0.0,0.0,0.0,0.0,0.0,0.0,0.0,0.0,0.0,0.0,0.0,0.0,0.0,0.0,NULL,0.0,0.0,0.0,0.0,0.0,0.0,0.0,0.0,0.0,0.0,0.0,0.0,0.0,0.004,0.0,0.0,0.0,0.0,0.0,0.0,0.0,0.0,0.0,0.0,0.0
25820,C,A,ORF3a,N,A143.33333333333334D,1,0,1,0,0.0,0.34710743801652894,NULL,0.0,0.0,0.004149377593360996,0.0,0.0,0.0,0.0038910505836575876,0.0,0.0,0.0,0.0,0.0,0.0,0.0,0.0,0.0,NULL,0.0,0.0,0.0,0.0,0.0,0.0,0.0,0.0,0.0,0.0,0.0,0.0,0.0,0.0,0.0,0.0,0.0,0.0,0.0,0.0,0.0,0.0,0.0,0.0,0.0
26035,T,C,ORF3a,N,Y215.0H,1,1,2,0,0.01680672268907563,0.6460176991150443,1.0,0.004219409282700422,0.0,0.0,0.0,0.0,0.0,0.0,0.0,0.004098360655737705,0.0,0.0,0.0,0.0,0.0,0.0,0.0,NULL,0.0,0.0,0.0,0.0,0.0,0.0,0.0,0.0,0.0,0.0,0.0,0.0,0.0,0.0,0.0,0.0,0.0035971223021582736,0.0,0.0,0.0,0.0,0.0,0.0,0.0,0.0
26144,G,T,ORF3a,N,G251.33333333333334V,0,6,6,324,0.0,0.0,NULL,0.0,0.0,0.0,NULL,0.0,0.0,0.0,0.0,0.0,0.9833333333333333,0.0,0.0,0.004048582995951417,0.0,0.0,0.0,NULL,0.0,0.0,0.0,0.0,0.0,0.0,0.0,0.0,1.0,0.9957081545064378,0.0,0.0,0.0,0.0040650406504065045,0.0,1.0,1.0,1.0,0.0,0.0,0.004629629629629629,0.0,0.0,0.0,0.0
26326,C,T,E,S,L28.0L,0,1,1,2,0.0,0.004166666666666667,NULL,0.0,0.0,0.0,0.0,0.0,0.0,0.0,0.0,0.003194888178913738,0.0,0.0,0.0,0.0,0.0,0.0,0.0,NULL,0.0,0.0,0.0,0.0,0.0,0.004273504273504274,0.0,0.0,0.0,0.0,0.0,0.0,0.0,0.0,0.0,0.0,0.0,0.0,0.0,0.0,0.0,0.0,0.0,0.9880952380952381,0.0
26447,C,T,E,N,S68.33333333333333F,0,1,1,1,0.0,NULL,NULL,0.0,0.0,0.0,0.0,0.0,0.0,0.0038910505836575876,0.0,0.0,0.0,0.0,0.0,0.0,0.0,0.0,0.0,NULL,0.0,0.0,0.0,0.0,0.0,0.0,0.0,0.0,0.0048543689320388345,0.0,0.0,0.0,0.0,0.0,0.985,0.0,0.0,0.0,0.0,0.0,0.0,0.0,0.0,0.0,NULL
26684,C,T,M,S,L54.666666666666664L,0,1,1,1,0.0,NULL,NULL,0.00411522633744856,0.0,0.0,0.0,0.0,0.0,0.0,0.0,0.0,0.0,0.0,0.0,0.0,0.0,0.0,0.0,NULL,0.0,0.0,0.0,0.0,0.0,0.0,0.0030864197530864196,0.0,0.0,0.0,0.0,0.0,0.0,0.0,0.0,0.0,0.0,0.0,0.0,0.0,0.0,0.0,0.9150326797385621,0.0,0.0
26839,C,T,M,N,T106.33333333333333M,1,0,1,0,0.0,0.0,0.0,0.004201680672268907,0.0,0.0,0.0,0.0,0.0,0.0,0.0,0.0,0.0,0.0,0.0,0.0,0.0,0.0,0.0,NULL,0.0,0.0,0.0,0.0,0.0,0.0,0.0,0.0,0.0,0.0,0.0,0.0,0.0,0.0,0.0,0.0,0.0,0.0,0.0,0.0,0.0,0.0,0.0,0.5194805194805194,0.0036900369003690036
27179,G,T,M,N,L219.66666666666666F,1,0,1,0,0.0,0.0,NULL,0.0,0.0,0.0,0.0,0.0,0.0,0.004016064257028112,0.0,0.0,0.0,0.0,0.0,0.004032258064516129,0.0,0.0,0.0,NULL,0.0,0.0,0.0,0.0,0.0,0.0,0.0,0.0,0.0,0.0,0.0,0.0,0.0,0.0,0.0,0.0,0.0,0.0,0.0,0.0,0.0,0.0,0.004545454545454545,0.48507462686567165,0.0
27235,G,T,ORF6,N,A12.0S,1,0,1,0,0.0,0.0,NULL,0.0,0.0,0.0,0.0,0.0,0.0,0.0,0.0,0.0,0.0,0.0,0.0,0.0,0.0,0.0,0.004081632653061225,NULL,0.0,0.0,0.0,0.0,0.0,0.0,0.0,0.0,0.0,0.0,0.0,0.0,0.0,0.0,0.0,0.0,0.0,0.0,0.0,0.0,0.18220338983050846,0.0,0.003937007874015748,0.0,0.0
27389,C,T,noncoding,N/A,N/A,1,0,1,0,0.0,0.004032258064516129,NULL,0.0,0.0,0.0,0.0,0.0,0.0,0.0,0.0,0.0,0.0,0.0,0.0,0.0,0.0,0.0,0.0,NULL,0.0,0.0,0.0,0.0,0.0,0.004149377593360996,0.0,0.0,0.0,0.0,0.0,0.008264462809917356,0.0,0.0,0.0,0.0,0.0,0.0,0.0,0.0,0.19291338582677164,0.0,0.0,0.0,0.0
27493,C,T,ORF7a,N,P34.0S,1,0,1,1,0.0,0.0,0.0,0.47844827586206895,0.004032258064516129,0.07468879668049792,0.0,0.0,0.0,0.0,0.0,0.0032258064516129032,0.0,0.0,0.0,0.0,0.0,0.0,0.0,NULL,0.0,0.0,0.0,0.0,0.0,0.0,0.003875968992248062,0.0,0.0,0.0,0.0,0.0,0.0,0.0,0.0,0.0,0.0,0.0,0.0,0.0,0.0,0.0,0.005050505050505051,0.0,0.0
28144,T,C,ORF8,N,L84.33333333333333S,0,18,18,532,0.0,0.0,NULL,0.0,0.0,0.004048582995951417,NULL,0.0,0.004016064257028112,0.0,0.0,0.0,0.0,1.0,1.0,1.0,1.0,1.0,1.0,NULL,1.0,1.0,0.9906103286384976,0.9953488372093023,1.0,0.0,0.985239852398524,0.0,0.0,0.0,0.9764150943396226,0.9775784753363229,0.0,0.9649122807017544,0.00423728813559322,0.0,0.0,0.0,0.0,0.9915966386554622,1.0,0.0,0.0,0.0,1.0
28346,G,T,N,N,G25.0C,1,0,1,0,0.0,0.0,0.0,0.0,0.0,0.0,0.0,0.0,0.003937007874015748,0.0,0.0,0.0,0.0,0.0,0.0,0.0,0.0,0.0,0.0,NULL,0.0,0.0,0.0,0.0,0.0,0.0,0.0,0.0,0.0,0.0,0.0,0.0,0.22406639004149378,0.0,0.0,0.0,0.0,0.0,0.0,0.0,0.0,0.0,0.006289308176100629,0.0,0.0
28688,T,C,N,S,L139.0L,1,1,2,72,0.0,NULL,0.0,0.0041841004184100415,0.0,0.0,0.0,0.0,0.004032258064516129,0.008,0.004016064257028112,0.0037735849056603774,0.0,0.0,0.0,0.0,0.004016064257028112,0.0,0.0,NULL,0.0,0.0,0.0,0.0,0.0,0.0,0.0,0.0,0.0,0.0,0.0,0.0,0.8708333333333333,0.0,0.9426229508196722,0.0,0.0,0.0,0.0,0.0,0.0,0.0,0.0044444444444444444,0.0,0.0
28878,G,A,N,N,S202.33333333333334N,0,1,1,20,0.0,0.0,0.0040650406504065045,0.0,0.0,0.0,0.0,0.007407407407407408,0.0,0.0,0.0,0.0,0.0,0.0,0.0,0.0,0.0,0.0,0.0,NULL,0.0,0.0,0.0,0.0,0.0,0.0,0.0,0.0,0.0,0.0,0.0,0.9956331877729258,0.0,0.0,0.0,0.0,0.0,0.0,0.0,0.0,0.0,0.0,0.0,NULL,0.0
29625,C,T,ORF10,N,S23.333333333333332F,0,1,1,1,0.0,0.0,0.0,0.0,0.0,0.0,NULL,0.0,0.004081632653061225,0.0,0.008097165991902834,0.0,0.0,0.0,0.0,0.0,0.0,0.0,0.0,NULL,0.0,0.0,0.0,0.0,0.0,0.0,0.0,0.0041841004184100415,0.0,0.004329004329004329,0.0,0.0,1.0,0.0,0.0,0.0,0.0,0.0,0.0,0.0,0.0,0.0,0.0,0.0,0.0
29774,C,T,noncoding,N/A,N/A,0,1,1,3,0.0,0.0,0.0,0.0,0.0,0.0,0.0,0.0,0.0,0.0,0.0,0.0,0.0,0.0,0.0,0.0,0.0,0.0,0.0,NULL,0.0,0.0,0.0,0.0,0.0,0.0,0.0,0.0,0.008547008547008548,0.0,0.0,0.0,0.0,0.0,0.0,0.0,0.0,0.0,0.0,0.0,1.0,0.0,0.0,0.0,0.0
