pos	ref	alt	gene	N/S	AA	nSRAsubclonal	nSRAclonal	nSRA	nConsensus	SRR11059940|China:Wuhan	SRR11059942|China:Wuhan	SRR11059944|China:Wuhan	SRR11059945|China:Wuhan	SRR11059946|China:Wuhan	SRR11059947|China:Wuhan	SRR11092062|China: Wuhan	SRR11177792|Nepal: Kathmandu	SRR11241254|USA: Seattle\, WA	SRR11241255|USA: Seattle\, WA	SRR11247076|USA: WA	SRR11247077|USA: WA	SRR11247078|USA: WA	SRR11278091|USA:WA	SRR11278164|USA:WA	SRR11278166|USA:WA	SRR11278167|USA:WA	SRR11397717|Australia: Melbourne\, Victoria	SRR11397719|Australia: Melbourne\, Victoria	SRR11397720|Australia: Melbourne\, Victoria	SRR11397728|Australia: Melbourne\, Victoria	SRR11410528|USA	SRR11410536|USA	SRR11426414|Germany: Starnberg	SRR11426415|Germany: Starnberg	SRR11426417|Germany: Starnberg	SRR11426418|Germany: Starnberg	SRR11454607|China: Hubei	SRR11454608|China: Hubei	SRR11454609|China: Hubei	SRR11454613|China: Hubei	SRR11454614|China: Hubei	SRR11454615|China: Hubei	SRR11476445|USA: Washington	SRR11479027|USA	SRR11479029|USA	SRR11479031|USA	SRR11479037|USA	SRR11479040|USA	SRR11479044|USA	SRR11479046|USA	SRR11491744|USA	SRR11491746|USA	SRR11491747|USA	SRR11491748|USA	SRR11491753|USA	SRR11491756|USA	SRR11491757|USA	SRR11491758|USA	SRR11491759|USA	SRR11491762|USA	SRR11491765|USA	SRR11491766|USA	SRR11491767|USA	SRR11491769|USA	SRR11491771|USA	SRR11491772|USA	SRR11494453|Australia: Victoria	SRR11494456|Australia: Victoria	SRR11494460|Australia: Victoria	SRR11494461|Australia: Victoria	SRR11494466|Australia: Victoria	SRR11494467|Australia: Victoria	SRR11494474|Australia: Victoria	SRR11494475|Australia: Victoria	SRR11494479|Australia: Victoria	SRR11494480|Australia: Victoria	SRR11494485|Australia: Victoria	SRR11494486|Australia: Victoria	SRR11494493|Australia: Victoria	SRR11494497|Australia: Victoria	SRR11494498|Australia: Victoria	SRR11494499|Australia: Victoria	SRR11494500|Australia: Victoria	SRR11494505|Australia: Victoria	SRR11494507|Australia: Victoria	SRR11494509|Australia: Victoria	SRR11494511|Australia: Victoria	SRR11494513|Australia: Victoria	SRR11494514|Australia: Victoria	SRR11494519|Australia: Victoria	SRR11494520|Australia: Victoria	SRR11494523|Australia: Victoria	SRR11494524|Australia: Victoria	SRR11494536|Australia: Victoria	SRR11494538|Australia: Victoria	SRR11494544|Australia: Victoria	SRR11494547|Australia: Victoria	SRR11494551|Australia: Victoria	SRR11494556|Australia: Victoria	SRR11494557|Australia: Victoria	SRR11494559|Australia: Victoria	SRR11494565|Australia: Victoria	SRR11494567|Australia: Victoria	SRR11494568|Australia: Victoria	SRR11494569|Australia: Victoria	SRR11494577|Australia: Victoria	SRR11494578|Australia: Victoria	SRR11494581|Australia: Victoria	SRR11494582|Australia: Victoria	SRR11494583|Australia: Victoria	SRR11494585|Australia: Victoria	SRR11494588|Australia: Victoria	SRR11494589|Australia: Victoria	SRR11494591|Australia: Victoria	SRR11494593|Australia: Victoria	SRR11494594|Australia: Victoria	SRR11494598|Australia: Victoria	SRR11494601|Australia: Victoria	SRR11494603|Australia: Victoria	SRR11494606|Australia: Victoria	SRR11494607|Australia: Victoria	SRR11494608|Australia: Victoria	SRR11494609|Australia: Victoria	SRR11494612|Australia: Victoria	SRR11494613|Australia: Victoria	SRR11494619|Australia: Victoria	SRR11494620|Australia: Victoria	SRR11494623|Australia: Victoria	SRR11494626|Australia: Victoria	SRR11494633|Australia: Victoria	SRR11494634|Australia: Victoria	SRR11494636|Australia: Victoria	SRR11494638|Australia: Victoria	SRR11494641|Australia: Victoria	SRR11494644|Australia: Victoria	SRR11494648|Australia: Victoria	SRR11494649|Australia: Victoria	SRR11494650|Australia: Victoria	SRR11494651|Australia: Victoria	SRR11494652|Australia: Victoria	SRR11494653|Australia: Victoria	SRR11494655|Australia: Victoria	SRR11494656|Australia: Victoria	SRR11494659|Australia: Victoria	SRR11494668|Australia: Victoria	SRR11494671|Australia: Victoria	SRR11494674|Australia: Victoria	SRR11494682|Australia: Victoria	SRR11494687|Australia: Victoria	SRR11494688|Australia: Victoria	SRR11494696|Australia: Victoria	SRR11494698|Australia: Victoria	SRR11494703|Australia: Victoria	SRR11494709|Australia: Victoria	SRR11494714|Australia: Victoria	SRR11494715|Australia: Victoria	SRR11494719|Australia: Victoria	SRR11494725|Australia: Victoria	SRR11494727|Australia: Victoria	SRR11494728|Australia: Victoria	SRR11494730|Australia: Victoria	SRR11494740|Australia: Victoria	SRR11494742|Australia: Victoria	SRR11494743|Australia: Victoria	SRR11494744|Australia: Victoria	SRR11494745|Australia: Victoria	SRR11494748|Australia: Victoria	SRR11494753|Australia: Victoria	SRR11494759|Australia: Victoria	SRR11494762|Australia: Northern Territory
241	C	T	noncoding	N/A	N/A	3	184	187	1246	0	NULL	0	0	0	0	0	0	0	0	0	0	0	0	0	0	0	0	0	0	0	0.989744	0	0	0	0	0	0	0	0	0	0	0	0	1	0	0	0.985782	1	0.995633	0.0442478	0.982301	0	0.995745	0	1	1	1	1	1	1	0.9375	1	NULL	0.936893	0.747863	0.654008	1	0.0217391	0.00540541	0	NULL	0	0	1	0	0	0.959677	1	0	0	0	0	0	0.994382	0	1	0	0	0	0	1	0	0.00680272	0	0	0.993548	0	1	0	0	0.909091	0	0	0	0	0	1	0	0	0	0.935644	1	1	0	0	0	1	0	1	0	1	0.00552486	1	0	0	0	0	0	0	0	0	0.005	0.994872	0	1	0	1	1	0	0.00621118	1	0	1	0	0	1	0	0	1	0	0.00561798	1	0	0.00487805	1	0	0	0	0	1	0	0	1	0.355932	1	0	0	0.93865	0	0
379	C	A	ORF1a	S	V38V	2	5	7	2	0	NULL	0	0	0	0	0	0	0	0	0	0	0	0	0	0	0	0	0	0	0	0.995745	0.119205	0	0	0	0	0	0	0	0	0	0	0.00917431	0	0	0	0	0	0	0	0	0	0	0	0	0	0	0	0	0	0	0.0218341	0	0	0.637168	0.0625	0	0	0	0	0	0	0	0	0	0.00775194	0	1	0	0	0	0	0	1	0	0	0	0	0	0	0	0	0	0	0	0	0	0	0	0	0	0	0	0	0	0	0	0	0	0	0	0	0	0	0	0	0	0	0	0	0	0	0	0	0	0.00757576	0	0	0	0	0	0	0	0	0	0	0	0	0	0	0	0	0	0	0	0	0	0	0	0	0	0	0	0.00653595	0.00769231	0	0	0	0	0	0	0	0	0	0.00714286	0	0	0	0	0
404	A	T	ORF1a	N	K47*	4	1	5	0	0	NULL	0	0	0	0	0.0185185	0	0	0.102804	0.171429	0.0541872	0.0106383	0	0	0.0140845	0	0.00826446	0	0	0.00507614	0	0	0	0	0	0	0	0	0	0	0	0	0	0	0	0	0	0	0	0	0	0	0	0	0	0	0.00956938	0	0.00505051	0.00446429	0	0	0	0.00409836	0.00421941	0.00460829	0.0113636	0	0.0155039	0.00854701	0	0.00769231	0	0	0	0	0.011236	0.0273973	0	0.00735294	0.0166667	0.0192308	0	0	0	0.00505051	0.0106383	0.00900901	0	0	0.00833333	0	0.00862069	0.00934579	0	0.010989	0.00943396	0.015873	0.0148148	0.00684932	0.0147059	0.0142857	0.00787402	0	0.0070922	0	0.0142857	0.00699301	0.0155039	0	0.0178571	0.00735294	0	0.00787402	0.0070922	0.0143885	0.00775194	0.00847458	0.0152672	0	0.00689655	0	0.013986	0.0218978	0.0141844	0.00847458	0.00689655	0.0224719	0	0.00729927	0.0188679	0.142857	0.0183486	0	0.00564972	0.0148148	0.00990099	0.00699301	0	0.0144928	0	0	0	0.0140845	0.00847458	0.010101	0.0178571	0.00746269	0.00775194	0.0142857	0	0.0149254	0.015625	0.00724638	0.00884956	0.00775194	0	0	0.013986	0	0.00961538	0	0	0.0243902	0	0.00877193	0.00806452	0	0	0.00813008
490	T	A	ORF1a	N	D75E	1	23	24	6	0	0	0	0	0	0	0	0	0	0	0	0	0	0	0	0	0	0	0	0	0	0	0	0	0	0.00414938	0	0	0	0	0	0	0	0	0	0	0	0	0	0	0	0	0.740909	0	0	0	0	0	0	0	0	0	0	0	0	0	0	0	0.969136	0	0	0	0	0	0	0	0	0	0	0	1	0	0	0	0	0	0	0	0	0	0	0	0	1	0	0	0	0	0	0	0	0	0	1	0	0	1	0	0	0	0	0	0	0	0	0	0	0.00454545	1	0	0	0	0	0	0	0	0	0	0	0	0	0	0	0	0	0	0	0	0	0	1	0	0	0	0	0.0052356	0	0	0	0.00469484	0	0	0	0	0	0	0	0	0	0	0	0	0	0	0	0	0	0	0	0	0
527	C	T	ORF1a	S	L88L	0	1	1	0	0	0	0	0	0	0	0	0.00732601	0	0	0	0	0	0	0	0	0	0	0	0	0	0	0	0	0	0	0	0	0	0	0	0.00843882	0	0	0	0	0	0.00440529	0	0	0	0	0	0	0	0.00416667	0	0	0	0	0	0	0	0	0	0	0	0	0	0	0.00480769	0	0	0	0	0	0	0	0	0	0	0	0	0	0	0	0	0	0	0	0	0	0	0	0	0	0	0	0.00429185	0	0.0818182	0	0	0	0	0	0	0	0	0	0	0	0	0	0	0	0	0	0	0.00456621	0	0	0	0	0	0	0	0	0	0	0	0	0	0	0	0	0	0	0	0.0194175	0	0	0	0	0	0	0	0	0	0	0	0	0	0	0	0	0	0	0	0	0	0	0	0	0	0	0	0	0.0526316	0	0
565	T	C	ORF1a	S	S100S	1	0	1	0	0	0	0	0.0909091	0.00409836	0.0295359	0.242424	0.00357143	0	0	0	0	0	0	0	0	0	0	0	0	0	0	0	0	0	0.00408163	0	0	0	0	0.0391304	0.0960699	0.0169492	0	0.00420168	0	0	0	0.00497512	0.0042735	0	0	0	0	0	0	0	0	0	0	0	0	0	0	0	0	0.00421941	0	0	0	0	0	0	0	0	0	0	0	0	0	0	0	0	0	0	0	0	0	0	0	0	0	0	0	0	0	0	0	0	0.00471698	0	0	0	0	0	0	0	0	0	0	0	0	0	0	0	0	0	0	0	0	0	0	0	0	0	0	0	0	0	0	0	0	0	0	0	0	0	0	0	0	0	0	0	0	0.00473934	0.00505051	0	0	0	0	0	0	0	0	0	0	0	0	0	0	0	0	0	0	0	0	0	0	0	0	0.05
957	G	A	ORF1a	N	C231Y	2	0	2	1	0	0	0	0	0	0	0	0.00806452	0	0	0	0	0	0	0	0	0	0	0	0	0	0	0.0097561	0	0.00408163	0	0	0	0	0	0	0.0042735	0	0.00473934	0	0	0	0	0	0	0	0	0	0	0	0	0	0	0	0	0	0	0	0	0	0	0	0	0	0	0	0	0	0	0	0	0	0	0	0	0	0	0	0	0	0	0	0	0	0	0.0075188	0	0	0	0	0	0	0	0	0	0	0	0	0	0	0	0	0	0	0	0	0	0	0	0	0	0	0	0	0.00740741	0	0.00793651	0	0	0	0	0	0	0	0	0	0	0	0	0	0	0	0	0	0	0	0	0	0	0	0.86087	0	0	0	0	0	0	0	0	0	0	0	0	0	0	0	0	0	0	0	0	0.882883	0	0	0	0.00840336
1015	A	G	ORF1a	S	E250E	2	0	2	0	0	0.00411523	0	0	0.0163934	0.0123457	0	0	0	0	0	0.00598802	0	0	0	0	0	0	0	0.00409836	0	0	0	0	0	0	0.00425532	0	0.0041841	0	0	0.004329	0.0078125	0	0	0	0	0	0	0	0	0	0	0	0	0	0	0	0	0	0	0	0	0	0	0	0	0	0	0	0.00952381	0	0	0	0	0	0	0	0	0	0	0	0	0	0	0	0	0	0	0	0	0	0	0	0	0	0	0	0	0	0	0	0	0	0	0	0	0	0	0	0	0	0	0	0	0	0	0	0	0	0	0	0	0	0	0	0	0	0	0	0	0	0	0	0	0	0	0	0	0	0	0	0	0	0	0	0	0	0	0	0	0	0	0	0	0	0	0	0	0	0	0	0	0.777778	0	0.837607	0	0	0	0	0
1059	C	T	ORF1a	N	T265I	2	77	79	290	0	0	0	0	0	0	0	0.003663	0	0	0	0	0	0	0	0	0	0	0	0	0	1	0.09375	0	0	0	0	0	0	0	0	0.00438596	0	0.00438596	0.99631	0	0	0.0117647	1	1	0.0381356	1	0.357934	0.00381679	0	1	0	1	1	0.0543478	0	1	1	0	0.996183	1	1	0	0	0	0.0078125	0	0	0	0	0	0	0	1	0	0	0	0	0	1	0	0	0	0	0.02	0.00606061	0	0	0	0	0.00833333	0	0	0	0	0	0	0	0	0	0	0	0	0	0	0	0.94702	0	0	0	0	0	0	0	1	0	0	0	0	0	0	0	0	0	0	0	0	0	0	0	1	0	0	0	0	0	0	0	1	0	0	0	0	0.00649351	0.00657895	0	0	0	0	0	0	0	0	0	0	0	0	0	0	0.801205	0	0.00740741	0	0	0	0
1440	G	A	ORF1a	N	G392D	0	5	5	88	0	0	0	0	0.0619835	0	0	0	0	0	0	0	0	0	0	0	0	0	0.00352113	0	0	0	0	0	0	0	0	0	0	0	0	0	0	0	0	0	0	0	0	0	0.969163	0	0	0	0	0	0	0	0	0	0	0	0	0	0	NULL	0	0	0	0	0	0	0	1	0	0	0	0	0	0	0	0	0	0	0.00529101	0	0	0	0	0	1	0.00568182	0	0	0	0	0	0	0	0	0.994286	0	0	0	0	0	0	0	0	0	0	0.0617284	0	0	0	0	0	0	0	0	0	0	0	0	0	0	0	0	0	0	0	0	0	0	0	0	0	0	0	0	0	0	0	0	0	0	0	0	0	0	0	0	0	1	0	0	0	0	0	0	0	0	0	0	0	0	0	0	0	0	0
1515	A	G	ORF1a	N	H417R	1	5	6	20	0	0.00406504	0.00826446	0.0147059	0	0.00823045	0	0.00369004	0	0	0	0	0	0	0	0	0	0	0	0	0	0	0	0	0	0	0	0	0	0.0163934	0	0.0162602	0	0	0	0	0	0	0	0	0	0	0	0	0	0	0	0	0	0	0	0	0	0	0	0	0	0	0	0	0	0	0	0	0	0	0	0	0	0.00746269	0	0	0	0	0	0	0	0	0	0	0	0	0	0	0	0	0	0.00645161	0	0	0.0060241	0.0857143	0	0	0.56	0	0	0	0	0	0	0	0	0	0	0	0	0	0	0	0.0070922	0	1	0	0	0	1	0	0	1	0	0	0	0.00591716	0	0	0	0	0	0.0136986	0	0	0	0	0	0	0	0	0	0	0	0	0	0	0	0	0.993103	0	0	0	0	0.00704225	0.00662252	0	0	0	0	0	0	0	0
1589	G	T	ORF1a	N	G442C	2	0	2	0	0	0	0	0	0	0	0	0	0	0	0	0	0	0	0	0	0	0	0	0	0.00537634	0.108333	0	0	0	0	0	0	0	0	0	0	0.0046729	0	0	0	0	0	0	0	0	0	0	0	0	0	0	0	0	0	0	0.0044843	0	0	0	0	0.474227	0	0	0	0.0133333	0	0	0	0	0	0	0	0	0	0	0	0	0	0	0	0	0	0.0131579	0	0	0	0	0	0	0	0	0	0	0	0	0	0	0	0	0	0	0	0	0	0	0	0	0	0	0	0	0	0	0	0	0	0	0	0	0	0	0	0	0	0.0104167	0	0	0	0	0	0.0106383	0	0	0	0	0	0	0	0	0	0	0	0	0	0	0	0	0	0	0	0	0	0	0	0	0	0.0125	0	0	0	0.0114943	0	0	0	0
1887	C	T	ORF1a	N	A541V	3	0	3	2	0	0.0169492	0	0	0	0.00413223	0	0	0	0	0	0	0	0	0	0	0	0	0	0	0	0	0	0	0	0	0	0	0.00436681	0	0	0	0.0116279	0.0052356	0.739316	0	0	0	0	0.666667	0	0	0	0	0	0	0	0	0	0	0	0	0	0	0	0.169565	0	0	0	0	0	0	0	0	0	0	0	0	0	0	0.0078125	0	0	0	0	0	0	0	0	0	0	0	0	0	0	0	0	0	0	0	0	0	0	0	0	0	0	0	0	0	0	0	0	0	0	0	0	0	0	0	0	0	0	0	0	0	0	0	0	0	0	0	0	0	0	0	0	0	0	0	0	0	0	0	0	0	0	0	0	0	0	0	0	0	0	0	0	0	0	0	0	0	0	0	0	0	0	0	0	0	0
2891	G	A	ORF1a	N	A876T	3	3	6	84	0	0	0	0	0	0	0	0.00371747	0	0	0	0	0.00549451	0	0	0	0	0	0	0.00406504	0	0	0	0	0	0	0	0	0	0	0	0	0.0060241	0	0	0	0	0	0	0	0.846809	0	0	0	0	0	0	0	0	0	0	0	0	0	0.00436681	0	0	0	0	0	0	0	0	0.928571	0	0	0	0	0	0	0	0	0	0	0	0	0	0	0	0	0.936	0	0	0	0	0	0	0	0	0	0.958333	0	0	0	0	0	0	0	0	0	0	0.130081	0	0	0	0.00806452	0	0	0	0	0	0	0	0	0	0	0	0	0	0	0	0	0	0	0	0	0	0	0	0	0	0	0	0	0	0	0	0	0	0	0	0	0	0.859375	0	0	0	0	0	0	0	0	0	0	0	0	0	0	0	0	0
3037	C	T	ORF1a	S	F924F	2	184	186	1275	0	0	0.0041841	0.00909091	0.00409836	0.0163265	0	0	0	0	0	0	0	0	0	0	0	0	0	0	0.00884956	1	0	0	0	0	0	0	0	0	0	0	0.00414938	0.00373134	0.995633	0	0	1	0.988095	1	0.025641	1	0	0.990783	0	1	1	1	1	1	1	1	1	NULL	0.995495	1	1	1	0.0111111	0	0	0	0	0.00714286	0.994413	0	0	1	1	0	0	0	0.00578035	0	0.99375	0	1	0	0	0	0	1	0	0	0	0.00558659	1	0	1	0	0	0.930108	0	0	0	0	0	1	0.00480769	0	0	0.837438	1	1	0	0	0	1	0	1	0	1	0	1	0	0	0	0	0.00555556	0	0	0	0	1	0	1	0	1	1	0	0	1	0	0.994536	0	0.00502513	1	0	0	1	0.0107527	0	1	0	0	1	0	0	0.00617284	0	1	0	0	1	0.52439	0.994382	0	0	0.964072	0	0
3096	C	T	ORF1a	N	S944L	2	4	6	0	0	0.0200803	0.00862069	0	0	0	0	0.0150943	0	0.0075188	0	0	0	0	0	0	0	0	0	0	0	0	0	0	0	0	0	0	0	0	0	0	0	0	0	0	0	0	0	0	0.00840336	0.0042735	0	0	0	0	0.0173913	0.268456	0	0	0	0	0	NULL	0	0	0	0.0166667	0	0	0	0	0	0	0	0	0	0	0	0	0	0	0	0	0	0	0.00625	0	0	0	0	0	0	0	0	0	0	0	0	0	0	0	0	0	0	0	0	0	0	0	0	0	0	0	0	0	0	0.0060241	0	0	0	0	0	0	0	0	0	0	0.743056	0	0	0	0	0	0	0	0	0	0	0	0	0	0	0	0	0	0	0	0	0	0	0	0	0	0.00641026	0	0	0	0	0	0	0	0	0	0	0	0	0	0	0	0
3253	C	T	ORF1a	S	D996D	0	1	1	0	0	0	0	0	0	0	0	0	0	0	0	0	0	0	0	0	0	0	0	0	0	0	0	0.00408163	0	0	0	0	0	0	0	0	0	0	0	0.00377358	0.00763359	0	0	0	0	0	0	0	0	0	0	0	0	0	0	0.00389105	0	0	0	0	0	0	0	0	0	0	0	0	0	0	0	0	0	0	0	1	0	0	0	0	0	0	0	0	0	0	0.0875	0	0	0	0	0	0	0	0	0	0	0	0	0	0	0	0	0	0	0	0	0	0	0	0	0	0	0	0	0	0.00746269	0	0	0	0	0	0	0	0	0.0075188	0	0	0	0	0	0	0	0	0	0	0	0	0	0	0	0	0	0	0	0	0	0	0	0	0	0	0	0	0	0	0	0	0.00746269	0	0	0	0	0	0
3564	G	T	ORF1a	N	G1100V	2	0	2	0	0	0	0	0	0	0	0	0	0	0	0	0	0.00460829	0	0	0	0	0	0	0	0	0	0	0	0	0	0	0	0	0	0	0	0	0.013245	0	0	0	0	0	0	0	0	0.00413223	0	0	0	0	0	0	0	0	0	0	NULL	0	0	0	0	0	0	0	0	0	0	0	0.00934579	0	0	0	0	0	0	0	0	0	0	0	0	0	0	0	0	0	0	0	0	0	0	0	0	0	0	0	0	0	0	0	0	0	0	0	0	0	0	0	0	0	0	0	0	0	0	0	0.00729927	0	0	0	0	0	0	0	0	0.2	0	0	0	0	0	0	0	0	0.0194175	0.00869565	0.140625	0	0	0.075	0	0.00740741	0	0	0	0	0	0	0	0	0	0	0	0	0	0	0.00729927	0	0	0	0	0	0	0
3784	C	T	ORF1a	S	V1173V	1	1	2	1	0	0	0	0	0	0	0.0416667	0	0	0	0	0	0	0	0	0	0	0	0	0	0	0	0	0	0	0	0	0	0	0	0	0	0	0	0	0	0	0	0	0	0	0	0	0	0	0	0	0	0	0	0	0	0	0	0	0	0	0	0	0	0	0	0	0	0	0	0	0	0	0	0	0	0	0	0	0	0	0	0	0	0	0.878788	0	0	0	0	0	0	0	0	0	0	0	0	0	0	0	0	0	0	0	0	0	0	0	0	0.0113636	0	0.0142857	0	0	0	0	0	0	0	0	0	0	0	0	0	0	0	0	0	0	0	0	0	0	0.919355	0	0	0	0	0	0	0	0	0	0	0	0	0	0	0	0	0	0	0	0	0	0	0	0	0	0	0	0	0
3796	C	T	ORF1a	S	V1177V	0	1	1	0	0	0	0	0	0	0	0	0	0	0	0	0	0	0	0	0	0	0	0	0	0	0	0	0	0	0	0	0	0	0	0.00421941	0	0	0.00392157	0	0	0	0.00421941	0	0	0	0	0	0	0	0.0746269	0	0	0	0	0	0	0	0	0	0	0	0	0	0	0	0	0	0	0	0	0	0.956522	0	0	0	0	0	0	0	0	0	0	0	0	0	0	0	0	0	0	0	0	0	0	0	0	0	0	0	0	0	0.0136986	0	0	0	0	0	0	0	0	0	0	0	0	0	0	0	0	0	0	0	0	0	0	0	0	0	0	0	0	0	0	0	0	0	0	0	0	0	0	0	0	0	0	0	0	0	0	0.0210526	0	0	0	0	0	0	0	0	0	0	0	0	0	0	0	0
5617	G	T	ORF1a	N	Q1784H	2	0	2	0	0.00625	0	0.0128205	0	0.103734	0.194093	0	0	0	0	0	0	0.00423729	0	0	0	0	0	0	0	0	0	0	0	0	0	0	0	0	0.016129	0.00421941	0.00425532	0	0	0	0	0	0	0	0	0	0	0	0	0	0	0	0	0	0	0	0	0	0	0	0	0	0	0	0	0	0	0.0108696	0	0	0	0	0	0	0	0	0	0	0	0	0	0	0	0	0	0	0	0	0	0	0	0	0	0	0	0	0	0	0	0	0	0	0	0	0	0	0	0	0	0	0	0	0	0	0	0	0	0	0	0	0	0	0	0	0	0	0	0	0	0	0	0	0	0.00869565	0	0	0	0	0.00970874	0.00740741	0.0104167	0	0	0	0	0	0	0	0	0.00813008	0	0	0	0	0	0	0	0.0106383	0	0	0	0	0	0	0	0
7011	C	T	ORF1a	N	A2249V	1	5	6	10	0	0	0	0	0	0	0	0	0	0	0	0	0	0	0	0	0	0	0	0	0	0	0	0	0	0	0	0	0	0	0	0.00429185	0	0.00350877	0	0	0	0	0	0	0.966887	0	0	0	0	0	0	0	0	0	0	0	0	0	0	NULL	0	0	0.0246914	0	0	NULL	0	1	0.0120482	0	0	0	0	0	0	0	0	0	0	0	0	0	0	0	1	0	0	0	0	0	0	0	0	0	1	0	0	0	0	0	0	0	0	0	0	0.223881	0	0	0	0	0	0	0	0	0	0	0	0	0	0	0	0	0.00990099	0	0	0	0	0	0	0	0.01	0	0	0	0	0	0	0	0	0	0	0	0	0	0	0	0	1	0	0	0	0	0	0	0	0	0	0	0	0	0	0	0	0	0
7042	G	T	ORF1a	N	M2259I	1	1	2	0	0	0	0	0	0	0	0	0	0	0	0	0	0.00401606	0	0	0	0	0	0	0	0	0	0	0	0	0	0	0	0	0	0	0	0	0.00326797	0	0	0	0	0	0	0	0	0	0	0	0	0	0	0	0	0	0	0	0	0	NULL	0	0.0350877	0	0	0	0	0	0	0	0	0	0	0	0	0	0	0	0	0	0	0	0	0	0	0	0	0	0	0	0	0	0	0	0	0	0	0	0	0	0	0	0	0	0	0	0	0	0	0	0	0	0	0	0	0	0	0	0	0	0	0	0	0	0	0	0	0	0	0	0	0	0	0	0	0	0	0	0	0	0.964912	0	0	0.0125	0.0119048	0.118644	0	0	0.0188679	0	0	0	0	0	0	0	0	0	0	0	0	0	0	0	0	0
7072	C	T	ORF1a	S	G2269G	0	1	1	1	0	0	0.00436681	0	0	0	0	0	0	0	0	0	0.0047619	0	0	0	0	0	0	0	1	0	0	0	0	0	0	0	0	0	0	0	0	0	0	0	0	0	0	0	0	0	0	0.0960699	0	0	0	0	0	0	0	0	0	0	0	NULL	0	0	0	0	0	0	0	0	0	0	0	0	0	0	0	0	0	0	0	0	0	0	0	0	0	0	0	0	0	0	0	0	0	0	0	0	0	0	0	0	0	0	0	0	0	0	0	0	0	0	0	0	0	0	0	0	0	0	0	0	0	0	0	0	0	0	0	0	0	0	0	0	0	0	0	0	0	0	0	0	0	0	0	0	0	0	0	0	0	0	0	0	0	0	0	0	0	0	0	0	0	0	0	0	0
7355	C	T	ORF1a	N	L2364F	1	0	1	0	0	NULL	0	0	0.0606061	0	0	0.0037594	0	0	0	0	0	0	0	0	0	0	0	0	0	0	0	0	0	0	0	0	0	0	0	0	0	0	0	0	0	0	0	0.00423729	0.00440529	0	0	0	0	0	0	0	0.2	0	0	0	0	0	0	0	0	0	0	0	0	0	0	0	0	0	0	0	0	0	0	0	0.0106383	0	0	0	0	0	0	0	0	0	0	0	0	0	0	0	0	0	0	0	0	0	0	0	0	0	0	0	0	0	0	0	0	0	0	0	0	0	0	0	0	0	0	0	0	0	0	0	0	0	0	0	0	0	0	0	0	0	0	0	0	0	0	0	0	0	0	0	0	0	0	0	0	0	0	0	0	0	0	0	0	0	0	0	0	0.00877193	0	0	0
7507	A	C	ORF1a	N	K2414N	3	0	3	0	0.017094	0	0.00847458	0.0535714	0.0282258	0	0	0.00787402	0.0108696	0.02	0.00840336	0.0127119	0.00421941	0.0138889	0.290323	0.182692	0.284672	0	0	0	0	0	0	0	0.00462963	0	0	0.0434783	0.00420168	0	0.00869565	0.00847458	0.00478469	0	0	0	0	0	0	0	0	0	0	0	0	0	0	0	0	0	0	0	0	0	0	0	0	0.00636943	0	0	0	NULL	0	0	0	0	0	0.00662252	0	0	0	0	0	0	0.00531915	0	0	0	0	0	0	0	0	0	0	0	0	0	0	0	0	0	0	0	0	0	0	0.00775194	0	0	0	0	0	0	0	0	0	0	0	0	0	0	0	0	0	0	0	0	0	0.00917431	0	0	0	0	0	0	0	0	0	0.00980392	0	0	0	0	0	0	0	0	0	0.0047619	0	0	0	0	0	0	0	0	0	0	0	0	0.00540541	0	0	0	0	0	0	0	0
8782	C	T	ORF1a	S	S2839S	6	89	95	542	0	0	0	0	0	0	0	0	0	1	1	1	1	1	1	1	1	1	0	0.995671	0	0	1	0	0	0	0	1	0	1	0	0	0	0.71831	0	1	0.995475	0	0	0	0	0	0.683721	0	1	0	0	0	0	0	0	0	0	0	0	0.360656	0.166667	0.0107527	0.791667	1	1	NULL	1	0	0	1	0	0	0.00900901	1	1	1	0	0	0	1	0	1	1	1	0	0	0.675676	1	1	0.961538	0	0.995025	0.0046729	0.994898	0.025641	0	0	1	0	0	0.992248	0.00833333	1	1	1	0	0	0	0.930108	0.00462963	1	0	1	0	1	0	0	0	1	1	0.0049505	0	0	0.00446429	0.990909	1	0	0	1	0	1	0	0.00458716	0.0510204	0.993976	0	0	0.0049505	1	0.994565	0	1	0.994924	0	0	1	0	0	1	0.0103093	0	1	1	1	0	1	1	0	0	0.00444444	1	0.994819	0	1	0
9141	G	T	ORF1a	N	G2959V	0	0	0	0	0	0	0	0	0	0	0	0.003861	0	0	0	0	0	0	0	0	0	0	0	0	0	0	0	0	0	0.00421941	0	0	0	0	0	0	0	0	0	0	0	0	0	0	0	0	0	0	0	0	0	0	0	0	0	0	0	0	0	0	0	0	0	0	0	0	0	0	0	0	0	0	0	0	0	0	0	0.00552486	0	0	0	0	0	0	0.00502513	0	0	0	0	0	0	0	0	0	0	0	0	0	0	0	0	0	0	0	0	0	0	0	0	0	0	0	0	0	0	0	0	0	0.00505051	0	0	0	0	0	0	0	0	0	0	0	0	0	0.00473934	0	0	0.011236	0	0.0645161	0	0	0.0569948	0	0.0105263	0	0	0	0	0	0	0	0	0	0	0	0	0	0	0	0	0	0	0	0	0	0
9223	C	T	ORF1a	S	H2986H	4	2	6	16	0	0	0.012987	0	0	0	0	0.00377358	0	0	0	0.00558659	0	0	0	0	0	0	0	0	0	0	0	0	0	0	0	0	0	0	0	0	0.00888889	0	0	0	0	0	0	0	0	0.00444444	0	0	0	0	0	0	0	0	0	0.00446429	0	0	0	0	0	0	0	0	0.00884956	0	0	0	0	0	0	0	0	0	0	0	0	0	0	0	0	0.011236	0	0	0	0	0	0	0	0	0	0	0	0	0	0.0614035	0	0	0.446281	0	0	0	0	0	0	0	0	0	0	0	0	0	0	0	0	0	0.881579	0	0	0	0.894118	0	0	0.882353	0	0	0	0	0	0	0	0	0	0	0	0	0	0	0	0	0	0	0.0075188	0	0	0	0.00787402	0	0	0	0.920792	0	0	0	0	0	0	0	0	0.0148148	0	0	0	0	0
9803	C	T	ORF1a	S	L3180L	1	1	2	2	0	0.00425532	0	0	0	0	0	0	0	0	0	0	0	0	0	0	0	0	0	0	0	0.00408163	0	0	0	0	0	0	0	0	0	0	0	0	0	0	0	0	0	0	0	0	0.00877193	0	0	0	0	0	0	0.0372671	0	0	0	0	0	0	0	0	0	0	0	0	0	0	0	0	0	0	0	0	0.145631	0	0	0	0	0	0	0	0	0.985075	0	0.00952381	0	0	0	0	0	0	0	0	0.0701754	0	0	0	0	0	0	0	0	0	0	0	0	0	0	0	0	0	0	0	0	0	0	0	0	0	0	0	0	0	0	0	0	0	0	0	0	0	0	0	0	0	0	0	0	0	0	0	0	0	0	0	0	0	0	0	0	0	0	0	0	0	0	0	0	0	0	0	0	0	0
10771	T	C	ORF1a	S	Y3502Y	0	2	2	11	0.0826446	0.0422535	0.0913043	0.0363636	0.0429185	0.0921053	0	0	0	0	0	0	0	0	0	0	0	0	0	0	0	0	0	0	0	0	0	0	0.0488889	0	0.0213675	0.0132159	0.0390244	0	0.0041841	0	0	0	0	0	0	0	0	0	0	0	0	0	0	0	0	0	0	NULL	0	0	0	0	0	0	0	0	0	0	0	0	0	0	0	0	0	0	0	0	0	0	0	0	0	0	0	0	0	0	0	0	0	0	0	0	0	0	0	0	0	0	0	0	0	0	0	0	0	0	0	0.00606061	0	0	0	0	0	0.00632911	0	0	1	1	0	0	0	0	0	0	0	0.00588235	0	0	0	0	0	0	0	0	0	0	0	0	0	0	0	0	0	0	0	0	0	0	0	0	0	0	0	0	0	0	0	0	0	0	0	0	0
10779	T	A	ORF1a	N	L3505Q	7	1	8	0	0.247706	0.273196	0.259414	0.408163	0.138075	0.253165	0	0	0	0	0	0	0	0	0	0	0	0.00384615	0	0	0	0	0	0	0	0	0	0	0.104072	0	0.0567686	0.0307018	0.0970874	0	0	0	0	0	0	0	0	0	0	0	0	0	0	0	0	0	0	0	0	NULL	0	0	0	0	0	0	0	0	0	0	0	0	0	0	0	0	0	0	0	0	0	0	0	0	0	0	0	0	0	0	0	0	0	0	0	0	0	0	0	0	0	0	0	0	0	0	0	0	0	0	0	0.00588235	0	0	0	0	0	0	0	0	0	0	0	0	0	0	0	0	0	0	0	0	0	0	0	0	0	0	0	0	0	0	0	0	0	0	0	0	0	0	0	0	0	0	0	0	0	0	0	0	0	0	0	0	0	0	0
10986	G	T	ORF1a	N	R3574I	0	0	0	0	0	0	0	0	0	0	0	0.0458015	0	0	0	0	0	0	0	0	0	0	0.00414938	0	0	0	0	0	0	0	0	0	0	0	0	0	0.0891089	0.00406504	0	0	0	0	0	0	0	0	0	0	0	0	0.0441176	0	0	0	0	0	0	NULL	0	0	0	0	0	0	0	0	0.00680272	0.025641	0	0	0	0	0	0	0	0.00724638	0	0	0	0	0	0	0	0	0	0.00735294	0	0	0	0	0	0	0	0	0	0	0	0	0	0	0	0	0	0	0	0	0	0	0	0	0	0	0	0	0	0	0	0	0	0	0	0	0	0	0	0	0	0	0	0	0	0	0	0	0	0	0.0135135	0.0536913	0	0.00675676	0.0140845	0	0	0	0	0	0.00714286	0	0	0.00609756	0.00775194	0	0	0	0	0	0	0	0	0	0	0.00769231	0	0	0
11083	G	T	ORF1a	N	L3606F	6	72	78	356	0	0.00518135	0	0	0	0	0	0.0390625	1	0	0	0.00413223	0	0	0	0	0	0	1	0.00389105	1	0.0409836	0	0	0.036036	0.00434783	0.012987	0	0	0	0.00420168	0	0	0	0	0.00413223	0	0.0504202	0	0.00829876	0.00456621	0	0	0.00425532	0.0118343	0.0203252	0.00952381	0	0	0	1	0	0	0	0	0.0243902	0.026087	0	0	0	0	0	0	0	0	0.0392157	1	0	0	0.0238095	0	0	1	1	0.00714286	0	0.00671141	0	0	0	0.0866142	0	0.745098	0	0	0	0	0.00833333	0.294737	0	0	0.0420168	1	0.00746269	1	1	0	0	0	0	0	0	0	0	0.0327869	1	0.00840336	0	0	0	0	0	1	0	0	0	1	1	0.40404	1	0.00793651	0	1	0	0	0	0.020979	0	0.00763359	0.882353	0	0.109244	1	0	0	0	0	0	0	0.00689655	0.981132	0	0	0	0.00689655	0	1	0	0	0	0	0	0	0	0.209302	0.00735294	1	0.0357143	0.0178571	0.016	0.983871
11376	G	T	ORF1a	N	G3704V	1	1	2	0	0	NULL	0	0	0	0	0	0	0	0	0	0	0	0	0	0	0	0	0	0	0	0.00414938	0	0	0	0.00429185	0	0	0	0	0	0.00854701	0	0	0	0	0	0	0	0	0	0	0	0	0	0	0	0	0	0	0	0	0	0	0.00438596	0	0	0	0	0	0	0	0	0	0	0	0.00653595	0	0	0	0	0	0.934959	0.890756	0	0	0	0	0	0	0	0	0	0	0.00581395	0.00588235	0	0	0	0	0	0	0	0	0	0	0	0	0	0	0	0	0	0	0	0	0	0	0	0	0	0	0	0	0	0.00598802	0	0	0	0	0	0	0	0	0	0	0	0	0.00520833	0	0	0	0	0	0	0	0	0	0	0	0	0	0	0	0	0	0	0	0	0	0	0	0	0	0	0	0	0	0	0	0
11471	C	T	ORF1a	N	L3736F	1	0	1	0	0	NULL	0.00429185	0	0	0	0	0	0	0	0	0	0	0	0	0	0	0	0	0	0	0	0	0	0	0	0.004329	0	0	0.185185	0	0	0	0	0.003861	0	0	0	0	0	0	0	0	0	0	0	0	0	0	0	0	0	0	NULL	0	0	0	0	0	0	0	0	0	0	0	0	0	0	0	0	0	0	0	0	0	0	0.0508475	0	0	0	0	0	0	0	0	0	0	0	0	0	0	0	0	0	0	0	0	0	0	0	0	0	0	0	0	0	0	0	0	0	0	0	0	0	0	0	0	0	0	0	0	0	0	0	0	0	0	0	0	0	0	0	0	0	0	0	0	0	0	0	0	0	0	0	0	0.00452489	0	0	0	0	0	0	0	0	0	0	0	0	0	0	0
11671	C	T	ORF1a	S	R3802R	2	0	2	0	0	0	0.00434783	0	0	0	0	0.0037594	0	0	0	0	0	0	0	0	0	0	0.00413223	0	0	0	0	0	0	0	0	0	0	0	0	0	0	0	0	0	0	0	0.27027	0	0	0	0	0	0	0	0	0	0	0	0	0	0	NULL	0	0	0	0	0	0	0	0	0	0	0	0	0	0	0	0	0	0	0	0	0	0	0	0	0	0	0	0	0	0	0	0	0	0	0	0	0	0	0	0	0	0	0	0	0	0	0	0	0	0	0	0	0	0	0	0	0	0	0	0	0	0	0	0	0	0	0	0	0	0	0	0	0	0	0	0	0	0	0	0	0	0	0	0	0	0	0	0	0	0	0	0	0	0	0	0	0	0	0	0	0	0	0	0	0	0	0.852941
12164	G	T	ORF1a	N	A3967S	1	0	1	0	0	0	0	0	0	0	0	0	0	0.00694444	0	0	0	0	0	0	0	0	0	0	0	0	0	0	0	0	0	0.0178571	0	0	0	0	0	0	0.00429185	0	0	0	0.00571429	0	0	0	0	0	0	0	0.0289855	0	0	0	0	0	0	NULL	0	0	0	0	0	0	0	0	0	0	0	0	0	0	0	0	0	0	0	0.00520833	0	0	0	0	0	0	0	0	0	0	0	0	0	0	0	0	0	0	0	0.00537634	0	0	0	0	0	0	0	0	0	0	0	0	0	0	0	0	0	0	0	0	0	0	0.00564972	0	0	0	0	0	0.100775	0	0	0	0.00543478	0	0	0	0	0	0	0.0515464	0	0.00507614	0.0466321	0	0.005	0	0	0	0	0	0	0	0	0	0	0	0	0	0	0.00520833	0	0	0	0	0	0	0
13112	T	A	ORF1a	N	Y4283N	2	0	2	0	0	0	0	0	0.00442478	0.0102041	0	0	0.0111111	0.00775194	0.0408163	0.00598802	0.00980392	0	0.0117647	0.0892857	0.133858	0	0	0	0	0	0	0	0	0	0	0	0.00442478	0	0.00869565	0	0.0140845	0	0	0	0	0	0	0	0	0	0	0	0	0	0	0	0	0	0	0	0	0	0	0	0	0	0	0	0	0	0	0	0	0	0	0	0	0	0	0	0	0	0	0	0	0	0	0	0	0	0	0	0	0	0	0	0	0	0	0	0	0	0	0	0	0	0	0	0	0	0	0	0	0	0	0	0	0	0	0	0	0	0	0	0	0	0	0	0	0	0	0	0	0	0	0	0	0	0	0	0	0	0	0	0	0	0	0	0	0	0	0	0	0	0	0	0	0	0	0	0	0	0	0	0	0	0	0	0
13571	G	T	ORF1b	N	G35V	0	0	0	1	0	NULL	0	0	0	0	0	0.00392157	0	0	0	0	0	0	0.0136986	0	0.0126582	0	0	0	0	0	0	0	0	0	0	0	0	0	0	0	0	0.00411523	0	0	0	0	0	0.0041841	0	0	0	0.00865801	0	0	0.06	0	0	0	0	0	0	NULL	0	0	0	0	0	0	0	NULL	0	0	0.0227273	0	0	0	0	0	0	0	0	0	0	0	0	0	0	0.0384615	0	0	0	0	0	0	0	0	0	0	0	0	0	0	0.0102041	0	0	0	0	0	0	0	0	0	0	0	0	0	0	0	0	0	0	0	0	0	0	0	0.00990099	0	0	0	0.00625	0	0	0	0.00719424	0	0.0070922	0	0	0	0	0.0588235	0.0133333	0	0.0163934	0	0	0	0	0	0	0	0	0.00763359	0	0	0.0117647	0	0	0	0	0	0	0	0	0	0	0	0
14408	C	T	ORF1b	N	P314L	1	188	189	1268	0	0	0.00414938	0	0	0	0	0	0	0	0	0	0	0	0	0	0	0	0	0	0.0042735	0.995726	0.0117647	0	0	0	0	0	0	0	0.00416667	0	0.0041841	0	1	0	0	0.995833	1	1	0.0543933	0.991342	0	1	0	1	1	1	1	1	1	1	1	1	0.995536	0.995726	1	1	0.00507614	0	0	0	0	0	1	0	0	0.981366	1	0	0	0	0	0	1	0	1	0	0	0	0	0.994595	0	0	0	0	1	0	1	0	0	0.938389	0	0	0	0.0046729	0	1	0	0	0	1	1	1	0	0	0	1	0	1	0	1	0	1	0	0	0	0	0	0	0	0	0.0714286	1	0	1	0	1	1	0	0	0.994652	0.00485437	1	0	0	1	0	0	0.995025	0	0	1	0	0	1	0	0	0	0	1	0	0	1	0.530928	1	0	0.00492611	0.922619	0	0
14805	C	T	ORF1b	S	Y446Y	3	56	59	263	0	0	0	0	0.00404858	0.00406504	0	0	1	0	0	0	0	0	0	0	0	0	0	0	0.995575	0	0	0	0	0	0	0	0	0	0	0.00425532	0.00420168	0	0.00421941	0	0	0	0	0	0	0	0	0	0	0	0	0	0	0	0	0	0	NULL	0	0	0	0	0	0	0	NULL	0	0	0.00606061	0	0	0.00735294	0	0	0	0	1	1	0	0.00787402	0	0.00621118	0	0	0	0	0.875	0	0	0	0	0	0	0	0	0.0777778	1	0	1	1	0	0	0	0	0	0	0	0	0	0	0	0	0	0	0	0	1	0	0	0	1	0	0.728916	1	0	0	0	0	0	0	1	0	0	0.990196	0	0	1	0	1	0	0	0	0.994595	0	0	0	0	0	1	0	1	0	0	0	0	0	0	0	0.543046	0	0	0	0.0314465	0	0
15898	G	T	ORF1b	N	V811F	1	0	1	0	0	0	0	0	0	0	0	0	0	0.0492958	0.03	0.0904762	0.079646	0.0149254	0.00653595	0	0.010101	0	0	0	0	0	0	0	0	0	0	0.0222222	0	0	0	0	0	0	0	0	0	0	0	0	0	0	0	0	0	0	0	0	0	0	0	0	0	0	0	0	0	0	0	0	0	0	0	0	0	0	0	0	0	0	0	0	0	0	0	0	0	0	0	0	0	0	0	0	0	0	0	0	0	0	0	0	0	0	0	0	0	0	0	0	0	0	0	0	0	0	0	0	0	0	0	0	0	0	0	0	0	0	0	0	0	0	0	0	0	0	0	0	0	0	0	0	0	0	0	0	0	0	0.00775194	0	0	0	0.859813	0	0	0	0	0.00961538	0	0	0	0	0	0	0	0	0	0	0	0	0
15900	T	C	ORF1b	S	V811V	2	1	3	0	0.037037	0.221239	0.0167364	0	0.0384615	0.0723404	0	0.00404858	0	0	0	0	0.00436681	0	0	0	0	0	0	0	0	0	0	0	0	0	0	0	0.0104712	0	0.0425532	0.042735	0.0510204	0	0	0	0	0	0	0	0	0	0.00389105	0	0	0	0	0	0	0	0	0	0	0	0	0	0	0	0	0	0	0	0	0	0	0	0	0.0107527	0	0	0	0	0	0	0	0	0	0	0	0	0	0	0	0	0	0	0	0	0.00833333	0	0.00934579	0	0	0	0	0	0	0	0	0	0	0	0	0	0	0	0	0	0.376238	0	0	0	0	0	0	0	0	0	0	0	0	0	0	0	0	0	0	0	0	0	0	0	0	0	0	0	0	0	0	0	0	0	0	0	0	0	0	0	0	0	0	0	0.00847458	0	0	0	0	0	0	0	0
16733	C	T	ORF1b	N	S1089L	1	0	1	0	0	0	0	0	0	0	0	0	0	0	0	0	0	0	0	0	0	0	0	0	0	0	0	0	0	0	0	0	0.00423729	0	0	0	0	0	0	0	0	0	0	0	0	0	0	0	0	0	0	0	0	0	0	0	0	NULL	0	NULL	0	0	0	0.0070922	0.0078125	NULL	0.00763359	0	0	0	0	0	0	0	0	0	0	0	0	0	0	0	0	0	0	0	0	0	0	0	0	0	0	0	0	0	0	0	0	0.0935252	0	0	0	0	0	0	0	0	0	0	0	0	0	0	0	0.219512	0	0	0	0	0	0	0	0.00714286	0	0	0.00552486	0	0	0	0	0	0	0	0	0	0	0	0	0	0	0	0	0	0	0	0	0	0	0	0	0	0	0	0	0	0	0	0	0	0	0	0	0	0
17247	T	C	ORF1b	S	R1260R	0	19	19	109	0	0.0121951	0	0	0	0	0	0.00384615	0	0	0	0	0.00403226	0	0	0	0	0.00431034	0	0.00393701	0	0	0	0	0	0	0	0.00609756	0	0	0	0.004329	0.0128205	0	0	0	0	0	0	0	0	0	0	0	0	0	0	0	0.00416667	0	0	0	0	0	0	0.004329	0	0	0	0	0	NULL	0	0	0	0	0	0.0233918	0	0	0	0	0	0	0	0	0	0	0	0	0	0	0.935252	0	0	0	0	0.00490196	0	0	0	0.0511628	0	0	0.995327	1	0	0	0	0	0	0.00429185	0	0	0	0	0	0	0	0	0	0	1	0	0	0	1	0	0	1	0	0	0	0	0	0	0	0	0	0	0	0	0	0	0	0	0	0	0	0	0	0	0	0.0046729	0	0	1	0	0.00483092	0	0	0	0	0	0	0	0	0	0	0	0
17304	C	T	ORF1b	S	V1279V	1	0	1	4	0	0	0	0	0.00416667	0	0.00406504	0.00378788	0	0	0	0.00423729	0	0	0	0	0	0.00438596	0.0688259	0.00401606	0	0	0	0	0	0	0	0	0	0	0	0	0	0	0	0	0	0	0	0.0041841	0	0	0	0	0	0	0.00416667	0	0	0.00429185	0.172414	0	0	0	0	0	0	0	0	0	0	0	0	0	0.005	0	0	0.00571429	0	0	0.00444444	0.00478469	0	0	0	0	0.00429185	0	0	0	0	0	0	0	0	0	0	0	0	0.00462963	0	0	0	0	0	0	0	0	0	0	0	0	0	0	0	0	0	0	0	0	0	0	0	0	0	0	0	0.004329	0	0	0	0	0	0	0	0	0.0688073	0	0	0	0	0	0	0	0	0.00930233	0	0	0.0046729	0	0	0	0	0	0	0	0	0	0	0	0	0	0.00507614	0	0	0.00446429	0	0	0	0	0
17550	C	T	ORF1b	S	L1361L	3	0	3	0	0	0	0	0	0	0.00869565	0	0	0	0	0	0	0	0	0	0	0	0	0	0.0034965	0	0	0	0	0	0	0	0	0	0	0	0	0	0	0	0	0	0	0	0.0041841	0	0	0	0	0	0	0	0	0.0732759	0	0	0	0	0	0	0	0	0	0	0.225352	0	0	0	0	0	0	0	0	0	0	0	0	0	0	0	0	0	0.00714286	0	0	0	0	0	0	0	0	0.00561798	0	0	0.015	0.00431034	0	0	0	0	0	0	0	0	0	0	0	0	0	0	0	0	0	0	0	0	0	0	0	0	0	0	0	0	0	0	0	0	0	0	0	0	0	0	0	0.221053	0	0	0	0	0	0	0	0	0	0	0.00595238	0	0	0	0	0	0.106145	0	0	0	0	0	0	0	0	0	0	0	0	0
17615	A	G	ORF1b	N	K1383R	1	2	3	2	0	0.00483092	0	0	0	0	0	0	0	0	0	0	0	0	0	0	0	0	0	0	0	0	0	0	0	0	0	0	0	0	0	0	0	0	1	0	0	0	0	1	0	0	0	0	0	0	0	0	0	0	0	0	0	0	0	0.768559	0	0	0	0	0	0	0	0	0	0	0	0	0	0	0	0	0	0	0	0	0	0	0	0	0	0.00543478	0	0	0	0.00787402	0	0	0	0	0	0	0	0	0	0	0	0	0.00507614	0	0	0	0	0	0	0	0	0	0	0	0	0	0	0	0	0	0	0	0	0	0	0	0	0	0	0	0	0	0	0	0	0	0	0	0	0	0	0	0	0	0	0	0	0	0	0	0	0	0	0	0	0	0	0	0	0	0	0	0	0	0
17688	T	C	ORF1b	S	V1407V	2	0	2	0	0	0.00406504	0	0	0.00413223	0	0	0	0	0	0	0	0	0	0	0	0	0	0	0.00404858	0	0	0	0	0	0	0	0	0	0	0	0.00873362	0	0	0	0	0	0	0	0	0.00429185	0	0	0	0	0	0.0192308	0	0	0	0	0	0	0	0	0	0	0.0105263	0	0	0	0	0	0	0	0	0	0	0	0	0	0	0	0	0	0	0	0	0	0	0	0	0	0	0	0	0	0	0	0	0	0	0	0	0	0.00740741	0	0	0	0	0	0	0	0	0	0	0	0	0	0	0	0	0	0	0	0.0070922	0	0	0	0	0	0	0	0	0	0	0	0	0	0	0.00854701	0	0	0	0	0	0	0	0	0	0	0	0	0	0	0	0	0	0	0	0	0	0	0.829457	0	0.811024	0	0	0	0	0
17747	C	T	ORF1b	N	P1427L	39	14	53	344	0	0	0	0	0	0	0	0	0	1	1	1	0.995614	1	1	1	1	0.757848	0	0.813333	0	0	1	0	0	0	0	0	0	0	0	0	0.00438596	0	0	0.744681	0.765217	0	0	0	0	0	0	0	0.938053	0	0	0	0	0	0	0	0	0	0	0	0.137255	0	0	0.878261	0.818182	0.568966	0.804878	0	0	0.75	0	0	0.0108696	0.666667	0	0.708333	0	0	0	0.78125	0	0.62963	0.666667	0.76	0	0	0.263158	0	0.733333	0.795455	0	0.843478	0	0.772727	0	0	0	0	0	0	0	0	0.808333	0.830882	0.801418	0	0	0	0	0	0.809859	0	0	0	0.757143	0.00699301	0	0	0.796992	0.825175	0	0	0	0	0.859259	0.940678	0	0	0.825243	0	0	0	0	0	0	0	0	0	0	0.874016	0	0.864407	0	0	0	0.86087	0	0	0	0	0	0.828829	0.920792	0.782609	0	0.873786	0.827273	0	0	0	0.885417	0.842593	0	0.919643	0
17825	C	T	ORF1b	N	T1453I	1	0	1	0	0	0	0	0.0138889	0	0.00423729	0.216814	0.00373134	0	0	0	0	0	0	0	0	0	0	0	0	0	0	0	0	0	0	0	0	0	0	0.0663717	0.0343348	0	0	0	0	0	0	0	0	0	0	0	0	0	0	0	0	0	0	0	0	0	0	0	0	0	0	0	0	0	0	0	0	0	0	0	0	0	0	0	0	0	0	0	0	0	0	0	0	0	0	0	0	0	0	0	0.00534759	0	0	0	0	0	0	0	0	0	0	0.00546448	0	0	0	0	0	0	0	0	0	0	0	0	0	0	0	0	0	0	0	0	0	0	0	0	0	0	0	0	0	0	0.00980392	0	0	0	0	0	0	0	0	0	0	0	0	0	0	0	0.0049505	0	0	0	0	0	0	0	0	0	0	0	0	0	0	0
17858	A	G	ORF1b	N	Y1464C	2	51	53	362	0	0	0	0	0	0	0	0	0	0.992	1	0.973404	0.981395	1	0.901235	0.929577	1	0.995745	0	1	0	0	0.992063	0	0	0	0	0	0	0	0.00423729	0	0	0	0	0.995475	1	0	0	0	0	0	0	0	1	0	0	0	0	0	0	0	0	0	0	0	0.14978	0	0	1	1	1	1	0	0	1	0	0	0	1	0	1	0	0	0	1	0	1	1	1	0	0	0.666667	0	1	0.971429	0	1	0	1	0	0	0	0	0	0.00578035	0	0	1	1	1	0	0	0	0	0	1	0	0.0060241	0	1	0	0	0	1	1	0	0	0	0	1	1	0	0	1	0	0	0	0	0	0	0	0	0	0	1	0	1	0	0	0	1	0	0	0	0	0	1	1	1	0	1	1	0	0	0	1	1	0	1	0
18060	C	T	ORF1b	S	L1531L	2	53	55	367	0	0	0	0	0	0	0	0.00408163	0	1	1	1	1	1	1	0.985294	0.982143	0.981132	0	0.994792	0	0	0.991489	0.00420168	0	0.00414938	0	0	0	0	0	0	0	1	0	1	0.991453	0	0	0	0	0	0	0	0.992593	0	0	0	0	0.0285714	0	0	0	NULL	0	0	0	0	0	1	0.991304	1	1	0	0	1	0	0	0	0.990476	0	1	0	0	0	1	0	1	1	1	0	0	0.206897	0.00869565	0.99187	0.99115	0	1	0	1	0	0	0	0	0	0	0	0	1	1	1	0	0	0	0	0	0.992647	0	0	0.832168	1	0	0	0	1	1	0	0	0	0	1	1	0.037037	0	1	0	0	0	0.00641026	0	0	0	0	0	0	1	0	0.992063	0	0	0	1	0	0	0	0	0	1	1	1	0	0.990909	1	0	0	0	1	1	0	1	0
18334	G	A	ORF1b	N	E1623K	1	0	1	0	0	0	0.00414938	0	0	0	0	0.00324675	0	0	0	0	0	0	0	0	0	0.00429185	0	0	0	0	0	0	0	0	0	0	0.00416667	0	0	0	0	0	0	0	0	0	0	0	0	0	0	0	0	0	0	0	0	0	0	0	0	0	0	0	0	0.00813008	0	0	0	0	0	0	0	0	0	0	0	0	0	0	0	0	0	0	0	0	0	0	0	0	0	0	0	0	0	0	0	0	0.258065	0	0	0	0	0	0.0666667	0	0	0	0	0	0	0	0	0	0	0	0	0	0	0.00645161	0	0	0	0.00641026	0.00645161	0	0	0	0.00617284	0.02	0	0	0	0	0	0	0	0	0	0	0	0	0	0	0	0	0.00666667	0	0	0	0	0	0	0.0121212	0	0	0	0	0	0	0	0.0125	0.0151515	0.00649351	0	0.00694444	0	0	0
18736	T	C	ORF1b	N	F1757L	1	23	24	5	0	0	0	0	0	0	0	0.00738007	0	0	0	0	0	0	0	0	0	0	0.00353357	0	0	0	0	0	0	0	0	0	0	0	0	0	0	0	0	0	0	0	0	0	0	0	0.738806	0	0	0	0	0	0	0	0	0	0	0	0	0	0	0	1	0	0	0	0	0	0	0	0	0	0	0	1	0	0	0	0	0	0	0	0	0	0	0	0	1	0	0	0	0	0.00497512	0	0	0	0	1	0	0	1	0	0	0	0	0	0	0	0	0	0	0	1	0	0	0	0	0	0	0	0	0	0	0	0	0	0	0	0	0	0	0	0	0	0.99422	0	0	0	0	0	0	0	0	0	0	0	0	0	0	0	0	0	0	0	0	0	0	0	0	0	0	0	0	0	0
19684	G	T	ORF1b	N	V2073L	1	22	23	5	0	0	0	0	0	0	0	0	0	0	0	0	0	0	0	0	0	0	0	0	0	0	0	0	0	0	0	0	0	0	0	0	0.00421941	0	0	0.00340136	0.003367	0.00322581	0	0.00315457	0	0	0.815574	0	0	0	0	0	0	0	0.012987	0	0	0	0	0	0	0	0	0	0	0	0	0	0	0	0	0	0	0	1	0.00649351	0	0	0	0.0141844	0	0	0	0	0	0	0	1	0.00595238	0	0	0	0	0	0	0	0	1	0	0	1	0	0	0	0	0	0	0	0	0	0	0	1	0	0	0	0	0	0	0	0	0	0.00564972	0	0	0	0	0	0	0	0	0	0	0	1	0	0	0	0	0	0	0	0	0	0	0	0	0	0	0	0	0	0	0	0	0	0	0	0	0	0	0	0	0	0
20268	A	G	ORF1b	S	L2267L	0	13	13	86	0	0	0	0	0	NULL	0	0	0	0	0	0	0	0	0	0	0	0	0	0	0	0	0	0	0	0	0	0	0	0	0	0	0.00413223	0	0	0	0	0	0	0	0	0	0	0	0	0	0	0	0	0	0	0	0	0	0	0	0	1	0	0	0	0	0	0	0	0	0	0	0	0	0	0	0	0	0	0	1	0	0	0	0	1	0	0	0	0	0	0	0	0	0	0.929825	0	0	0	0	0	0	0	0	0	0	0	0	0	0	0	0	0	0	0	0	0	0	0	0	0	0	0	0	0	0	0	0	0	0	0	0	0	0	0	1	0	0	0	0	0	0	0	0	0	0	0	0	0	0	0	0	0	0	0	0	0.0119048	0	0	0	0	0	0	0	0
21417	A	T	ORF1b	N	K2650N	3	0	3	0	0.00584795	0.00819672	0.0124481	0.00840336	0.0121951	0	0	0.00384615	0	0.0206897	0	0.0619469	0.0170213	0.0263158	0.133333	0.261146	0.186047	0.00404858	0	0.00465116	0	0	0.018018	0	0	0.00429185	0	0	0.0123457	0	0	0.00421941	0	0	0	0	0	0	0	0	0.00865801	0	0	0	0	0	0	0	0	0	0	0	0	0	0	0	0	0	0	0	0	0	0	0	0	0	0	0	0	0	0	0	0	0	0	0	0	0	0	0	0	0	0	0	0	0	0	0	0	0	0	0	0	0	0	0	0	0	0	0	0	0	0	0.0117647	0	0	0.0123457	0	0	0	0	0	0.0125	0	0	0	0	0	0	0	0	0	0	0	0	0	0.0103093	0	0	0	0	0	0.0102041	0	0	0	0	0	0	0	0	0	0	0	0	0	0	0	0	0	0	0	0	0	0	0.0106383	0	0	0	0	0
21642	C	T	S	N	A27V	1	1	2	0	0	0	0	0	0	0	0	0	0	0	0	0	0	0	0	0	0	0	0	0	0	0	0	0	0	0	0	0	0	0	0	0	0	0	0	0	0	0	0	0	0	0	0	0	0	0	0	0	0	0	0	0	0	0	0	0	0	0	0	0	0	NULL	0	0	0	1	0	0	0	0	0	0	0	0	0	0	0	0	0	0	0	0	0	0	0	0	0	0.00877193	0	0	0	0	0	0.15493	0	0	0	0	0	0	0	0	0	0	0	0	0	0	0	0	0.0108696	0	0	0	0	0	0	0	0	0	0.0283019	0	0	0	0	0	0	0	0	0.0588235	0	0	0	0	0	0	0	0	0	0	0	0	0	0	0	0	0	0	0	0	0	0	0	0	0	0	0	0	0	0	0
22335	G	T	S	N	W258L	1	2	3	1	0	0	0	0	0	0	0	0	0	0	0	0	0	0	0	0	0	0	0	0	0	0	0	0	0	0	0	0	0	0	0	0	0	0	0	0	0	0	0	0	0	0	0	0	0	0	0	0	0	0	0	0	0	0	0	NULL	0.916667	0	0	0	0	0	0	0	0	0	0.806452	0	0	0	0	0	0	0	0	0	0	0	0	0	0	0	0	0	0	0	0	0	0	0	0	0	0	0	0	0	0	0	0	0.025	0	0	0	0	0	0	0	0	0	0	0	0	0	0	0	0	0	0	0	0	0	0	0	0	0	0	0	0	0.0238095	0	0	0	0	0	0.0185185	0	0.037037	0.0285714	0	0	0	0	0.037037	0	0.030303	0.0344828	0	0	0	0	0	0	0	0	0	0	0	0	0	0	0
22915	C	T	S	S	Y451Y	3	0	3	0	0.0327869	0.361809	0	0.277311	0	NULL	0	0	0	0	0.008	0	0.00411523	0.0120482	0	0	0	0	NULL	0	NULL	0	0	0	0	0	0	0.0208333	0	0	0.00442478	0	0	0	0	0	0	0	NULL	0	0	0	0	0	0	0	0	0	0.00787402	0	0	0	0	0	0	NULL	0	NULL	0	0	0	0	0	0	0	0	0	NULL	0	NULL	0	0	NULL	0	NULL	NULL	NULL	0	0	0	NULL	0	0	0	0	0	0	0	0.0232558	0	NULL	0	0	0	0	0	NULL	0	0	0	0	0	NULL	0	0	0	0.015625	0	0	NULL	0	0	NULL	0	0	0	0	0	0	0	0	0	0	0	NULL	0	0	0	0	0	0	0	0	0	0	0	0	0	0	0	0	0	0	0	0	0	0	0	0	NULL	0	0	0	0	0	0	0	0	0	0	0
22918	G	T	S	S	L452L	1	1	2	0	0	0	0	0	0	NULL	0	0	0	0	0	0	0	0	0	0	0	0	NULL	0	NULL	0.0041841	0	0	0	0	0	0	0	0	0	0	0	0	0	0	0	0	NULL	0	0	0	0	0	0	0	0	0	0	0	0	0	0	0	0	NULL	0	NULL	0	0	0	0	0	0	0	0	0	NULL	0	NULL	0	0	NULL	0	NULL	NULL	NULL	0	0	0	NULL	0	0	0	0	0	0	0	0	0	NULL	0	0	0	0	0	NULL	0	0	0	0	0	NULL	0	0	0	0	0	0	NULL	0	0	NULL	0	0	0	0	0	0	0	0	0	0	0.6	NULL	0	0	0.0625	1	0	0	0	0	0	0	0	0	0	0	0	0	0	0	0	0	0	0	0	0	NULL	0	0	0	0	0	0	0	0	0	0	0
23010	T	C	S	N	V483A	1	1	2	14	0	NULL	0	0	0.0041841	NULL	0	0.00378788	0	0	0	0	0	0	0	0.848101	0.907895	0	NULL	0	NULL	0	0	0	0	0	0	0	0	0	0.0042735	0	0	0	0	0	0	0	NULL	0	0	0	0	0	0	0	0	0	0	0	0	0	0	0.00529101	0	NULL	0	0	0	0	0	0	0	0	0	0	0	0	0	NULL	0	0	0	0	0	0	NULL	0	0	0	0	0	0	0	0	0	0	0	0	0	NULL	NULL	0	0	0	0	NULL	0	0	0	0	0	NULL	0	0	0	0	0	0	0	0	0	NULL	0	0	0	0	0	0	0	0	0	0	0	NULL	0	0.028169	0	0	0	0	0	0	0	0	0	0	0	0	0	0	0	0	0	0	0	0	0	0	NULL	0	0	0	0	0	0	0	0	0	0	0
23403	A	G	S	N	D614G	6	184	190	1277	0	0	0.00423729	0.00543478	0.00408163	0	0	0	0	0	0	0	0	0	0	0	0	0	0	0	0	1	0	0	0	0	0	0.844595	0.00408163	0	0.0041841	0.00421941	0	0	1	0	0	1	1	1	0.0336134	1	0.0657895	1	0.026455	1	1	1	1	1	1	1	1	1	1	0.945701	0.797101	1	0	0	0	0	0	0	1	0	0	0.963964	1	0	0	0	0	0	1	0	1	0	0	0	0	1	0	0	0	0	1	0	1	0	0	0.870588	0	0	0	0	0	1	0.010582	0	0	1	1	1	0	0	0	1	0	1	0	1	0	1	0	0.00526316	0	0	0	0	0	0.00617284	0	1	0	1	0	1	1	0	0	1	0	1	0	0	1	0	0.00537634	1	0	0	1	0	0.00531915	1	0	0	0	0	1	0	0	1	0.57764	1	0.00621118	0	0.896825	0	0
23525	C	T	S	N	H655Y	2	1	3	2	0	0	0	0	0	0	0	0.00727273	0	0.00555556	1	0	0	0	0	0	0	0	0	0	0	0	0	0	0.205761	0.00401606	0	0.0958904	0	0	0	0.0042735	0.00452489	0	0	0	0.00408163	0	0	0.00409836	0	0	0	0	0	0	0	0.149171	0.0763889	0.0909091	0	0	0	NULL	0	0	0	0	0	0	0	0	0	0.0136986	0	0	0	0	0	0	0	0	0	0	0	0	0	0	0	0	0	0	0	0	0	0	0	0	0	0	0	0	0	0	0	0	0	0	0	0	0	0	0	0	0	0	0	0	0	0	0	0	0	0	0	0	0	0	0	0	0	0	0	0	0	0	0	0	0	0	0	0	0	0	0	0	0	0	0	0	0	0	0	0	0	0	0	0	0	0	0	0	0	0	0	0	0	0	0	0	0.0104167
23557	C	T	S	S	P665P	1	0	1	0	0	0	0	0	0	0	0	0.00362319	0	0	0	0	0	0	0	0	0.00409836	0	0	0	0	0	0	0	0	0	0	0	0	0	0	0	0	0	0	0.00404858	0	0	0	0	0	0	0	0.00387597	0	0	0	0	0	0	0	0	0	NULL	0	0	0	0	0	0	0	0	0	0	0	0	0	0.0887097	0	0	0	0	0	0	0	0	0	0	0	0	0	0	0	0.00694444	0	0	0	0	0	0	0	0	0	0	0	0.00574713	0	0	0	0	0	0	0	0	0	0	0	0	0	0	0	0	0	0	0	0	0.00636943	0	0	0	0	0	0	0.884892	0	0.00662252	0	0	0	0	0	0	0	0	0	0	0	0	0	0	0	0	0	0	0	0	0	0	0	0	0	0	0	0	0	0	0	0	0	0	0
23606	C	T	S	N	R682W	1	0	1	0	0	0	0	0.00414938	0	0	0	0	0	0	0	0	0	0	0	0	0	0	0	0	0	0	0	0	0.00809717	0.743802	0.0823045	0	0	0	0	0	0.004329	0	0	0	0	0	0	0	0	0	0	0	0	0	0	0	0	0	0	0	0	NULL	0	0	0	0	0	0	0	0	0	0	0	0	0	0	0	0	0	0	0	0	0	0	0	0	0	0	0	0	0	0	0	0	0	0	0	0.00480769	0	0	0	0	0	0	0	0	0	0	0	0	0	0	0	0	0	0	0	0	0	0	0	0	0	0	0	0	0	0	0	0	0	0	0	0	0	0	0	0	0	0	0.00497512	0	0	0	0	0	0	0	0	0	0	0	0	0	0	0	0	0	0	0	0	0	0	0	0	0	0	0	0
24034	C	T	S	S	N824N	1	24	25	21	0.00613497	0	0	0.0108696	0	0	0	0.666667	0	0	0.00943396	0.00458716	0	0	0.0142857	0	0	0	0	0	0	0	0	0	0	0	0	0	0.00409836	0.0294118	0	0	0	0	0	0	0	0	0	0	0.00406504	0	1	0	0	0	0	0	0	0	0	0	0	NULL	0.00420168	NULL	0	0	0.985915	0	0.00675676	NULL	0	0	0	0	0	0	0	0	1	0	0	0	0	0	0	0	0	0	0	0	0	1	0	0	0	0	0	0	0	0	0	1	0	0	1	0	0	0	0	0	0	0	0	0	0.00625	0	1	0	0	0	0	0	0	0	0	0	0	0	0	0	0	0	0	0	0	0	0	0	1	0	0	0	0	0	0	0	0	0	0	0	0	0	0	0	0	0	0	0	0	0	0	0	0	0	0	0	0	0	0
24933	G	T	S	N	G1124V	2	0	2	0	0	0	0.00420168	0	0	0	0.010101	0	0	0	0	0	0	0	0	0	0	0	0	0.00840336	0.0699588	0	0	0	0.00423729	NULL	0	0	0.00423729	0	0	0	0	0.00434783	0	0	0	0	0.5	0	0	0.0083682	0	0	0	0	0.0313901	0	0	0	0	0	0	NULL	0	0	0.00425532	0	0	0	0	0	0.0047619	0.0130719	0	0	0	0	0.00434783	0	0.0045045	0	0	0	0	0	0	0	0	0	0	0	0	0	0	0.00531915	0	0	0	0	0	0	0	0	0	0	0	0	0	0	0	0	0	0	0	0	0	0	0	0	0	0	0	0	0	0	0.00961538	0	0	0	0	0	0	0	0	0	0.00471698	0	0	0	0	0.00483092	0	0.134328	0	0.00930233	0.0653266	0	0	0	0	0	0	0	0.0138889	0	0	0	0	0	0	0	0	0	0	0	0	0	0	0	0
25049	G	T	S	N	D1163Y	1	0	1	0	0	0	0	0	0	NULL	0	0	0	0	0	0	0	0	0	0	0	0.50431	0	0	0	0	0	0	0	NULL	0	0	0	0	0	0	0	0	0	0	0	0	0	0	0	0	0	0	0	0	0	0	0	0	0	0	0	0	0	0	0	0	0	0	0	0	0	0	0	0	0	0	0	0	0	0	0	0	0	0	0	0	0	0	0	0	0	0	0	0	0	0	0	0	0	0	0.0583942	0	0	0	0	0	0	0	0	0	0	0	0	0	0	0	0	0	0	0	0	0	0	0	0	0	0.00775194	0	0	0	0	0	0	0	0	0	0	0	0	0	0	0	0	0	0	0	0	0	0	0	0	0	0	0	0	0	0	0	0	0	0	0	0	0	0	0	0	0	0
25174	A	C	S	S	G1204G	2	0	2	0	0.0123457	0.356643	0.0220264	0.135021	0	NULL	0	0	0	0	0	0	0.00423729	0	0	0	0	0	0	0	0	0	0	0	0	NULL	0	0	0.00442478	0	0.037037	0.041841	0.0083682	0	0	0	0	0	0	0	0	0	0	0	0	0	0	0	0	0	0	0	0	NULL	0	0	0	0	0	0	0	NULL	0	0	0	0	0	0	0	0	0	0	0	0	0.0046729	0	0	0	0	0	0	0	0	0	0	0	0	0	0	0	0	0	0	0	0	0	0	0	0	0	0	0	0	0	0	0	0	0	0	0	0	0	0.00518135	0	0	0	0	0	0	0	0	0	0	0	0	0	0	0	0	0	0	0	0	0	0	0	0	0	0	0	0	0	0	0	0	0	0	0	0	0	0	0	0	0	0	0	0	0	0	0.00552486	0
25250	G	T	S	N	V1230L	2	1	3	0	0	0	0	0	0	NULL	0	0	0	0	0	0	0	0	0	0	0	0	0	0	0	0	0	0.00414938	0	NULL	0	0	0	0	0	0	0	0	0	0	0	0	0	0.00411523	0	0.865217	0	0.00436681	0	0	0.0103627	0	0.171717	0	0	0	0	NULL	0	0	0	0	0	0	0	NULL	0	0	0	0	0	0	0	0	0	0	0	0	0	0	0	0	0	0	0	0	0	0	0	0	0	0	0	0	0	0	0	0	0	0	0	0	0	0	0	0	0	0	0	0	0	0	0	0	0	0	0	0	0	0	0	0	0.00806452	0	0	0	0	0	0	0	0	0	0	0	0	0	0	0	0	0	0	0	0	0	0	0	0	0	0	0	0	0	0	0	0	0	0	0	0	0	0	0	0	0	0
25563	G	T	ORF3a	N	Q57H	3	84	87	379	0	0	0	0	0	0	0	0	0	0	0	0	0	0	0	0	0	0	0	0.00816327	0.00438596	1	0.221106	0	0	NULL	0	0	0	0	0	0	0	0	1	0.0042735	0	0	1	1	0.0305677	1	0	0	0	1	0	1	1	0.0411765	0	1	1	NULL	1	NULL	1	0	0	0	0.0142857	0	0	0	0.00666667	0	0.00666667	0	1	0	0	0	0	0.00671141	1	0	0	0	0.00689655	0	0.00581395	0.00671141	0	0	0.00657895	0	0	0	0	0	0	0	0	0	0	0	0.0119048	0	0	0	0	0.88764	0	0.00649351	0	0	0	0.00598802	0	1	0	0	0	0	0	0	0.0070922	0	0	0	0.0125786	0	0	0	0	1	0	0	0.0125786	0	0	0	0	1	0	0	0	0	0.00613497	0	0.0125	0.00699301	0.00657895	0	0.0189873	0.00628931	0	0	0	0	0	0	0.0070922	0	0.755556	0	0	0.00684932	0	0	0
25916	C	T	ORF3a	N	T175I	1	1	2	1	0	0.00408163	0.00858369	0	0	0	0	0	0	0.00763359	0	0	0	0	0	0	0	0	0	0	0	0	0	0	0	NULL	0	0	0	0	0	0	0.00411523	0	0	0	0	0.00409836	0	0	0	0	0	0	0	0	0	0	0	0	0	0	0	0	0	0	0	0	0	0	0	0	0	0	0	0	0	0	0	0	0	0	0	0	0	0	0	0	0	0	0	0	0	0	0	0	0	0	0	0	0	0	0	0	0	0	0	0	0	0	0	0	0	0	0	0	0	0	0	0	0	0	0	0	0	0	0	0	0	0.0075188	0	0	0	0	0	0	0	0.925532	0	0	0	0	0	0	0	0	0	0	0	0.798611	0	0	0	0	0	0	0	0	0	0	0	0	0	0	0	0	0	0	0	0	0
25979	G	T	ORF3a	N	G196V	0	8	8	30	0	0	0.00425532	0	0	0	0	0	0	0	0	0	0	0	0	0	0	0	0	0	0	0	0.00462963	0	0	NULL	0	0	0	0	0	0	0	0	0	0	0	0	0	0	0	0	0	0	0	0	0	0	0	0	0	0	0	NULL	0	0	0	0	0	0	0	0	0	0	0	0	0	0	0	0	0	0	0	0	0	0	0	0	0	0	0	0	0	0	0	0	0	0	0	0	0	0	0	0	0	0	0	0	0	0	0	0	0	0	0	0	0	0	0	0	0	0	0	0	0	0	0	0	0	0	0	0	0	0	0	0	0.939394	0	0.00662252	0	0	0	0.00662252	0	0.915584	0.00680272	0	0	0.918367	0.00729927	0	0	0	0	0.948529	0	0	0	0	0	0	0	0	0.00694444	0	0.00653595	0	0	0	0	0
26144	G	T	ORF3a	N	G251V	3	49	52	324	0	0	0	0	0	NULL	0	0	1	0	0.00699301	0	0	0	0	0	0	0	0	0.00406504	1	0	0.00471698	0	0	NULL	0	0	0	0	0	0	0	0.00348432	0	0	0	0	0	0	0	0	0	0	0	0	0	0	0.00900901	0	0	0	0	NULL	0	0	0	0	0	0	0	0	0	0	0	0	0	0.0331492	0.0047619	0	0	0	0.995146	1	0	0	0	0	0	0	0	0	0.900826	0	0	0	0	0	0	0	0	0.0925926	1	0	0.995215	1	0	0	0	0	0	0	0	0	0.124444	0	0	0	0	0	0	0	1	0	0	0	1	0	0.71564	1	0	0	0	0	0	0	0	0	0	0.984375	0	0	1	0	0	0	0	0	0	0	0	0	0.00440529	0.00434783	0	0	0.989899	0	0	0	0	0	0	0	0.389671	0	0	0	0.0847458	0	0
26530	A	G	M	N	D3G	7	0	7	34	0	NULL	0	0	0	0.00724638	0	0.00390625	0	0	0	0	0	0	0	0	0	0	0	0	0	0	0	0	0	NULL	0	0	0	0	0	0.00431034	0	0	0.00423729	0	0	0	0	0	0	0	0	0	0	0	0	0	0	0	0	0	0	0	0	0	0	0	0	0	0	0	0	0	0.891304	0	0	0	0	0	0	0	0	0	0	0	0	0	0	0	0	0	0	0	0	0	0	0	0.821429	0	0	0	0.012987	0	0	0	0	0.834951	0	0	0	0	0.793478	0.802083	0	0	0	0.802326	0	0	0	0	0	0.802326	0	0	0	0	0	0	0	0	0	0	0	0	0	0	0	0	0	0	0	0	0	0	0	0	0	0	0	0	0	0	0	0	0	0	0	0	0	0	0	0	0	0	0	0	0	0	0
26570	C	T	M	S	L16L	2	0	2	0	0	NULL	0	0	0.00420168	0	0	0	0	0	0	0	0	0	0	0	0	0	0	0	0	0	0	0	0	NULL	0	0	0	0	0	0	0	0.00478469	0	0	0	0	0	0	0	0	0	0	0	0	0	0	0	0	0	0	0	0	0.004329	0	0	0	0	0	0	0.00862069	0	0	0	0	0	0	0	0	0	0	0	0	0	0	0	0	0	0	0	0	0	0	0	0	0.278481	0	0	0	0	0	0	0	0	0	0	0	0	0	0	0	0	0	0.00925926	0	0	0	0	0	0	0	0	0	0	0	0	0.00833333	0	0	0	0	0	0	0	0	0	0	0	0	0	0	0.17757	0	0	0	0	0	0	0	0	0	0	0	0	0	0	0	0	0	0	0	0	0	0	0.00943396	0	0	0	0	0
26729	T	C	M	S	A69A	2	23	25	20	0	NULL	0	0	0	0	0	0	0	0	0	0	0	0	0	0	0	0	0	0	0	0	0	0	0	NULL	0	0	0	0.111111	0.00413223	0	0	0	0	0	0	0	0	0	0	0	0.893519	0	0	0	0	0	0	0	0	0	0	0.0045045	0	NULL	0	0	1	0	0	0	0.00440529	0	0.0049505	0	0	0	0	0	1	0	0	0	0	0	0	0	0	0	0	0	0	1	0	0	0	0	0	0	0	0	0	1	0	0	1	0	0	0	0	0	0	0	0	0	0	0	0.994924	0	0	0	0	0	0	0	0.00497512	0	0	0	0	0	0	0	0	0	0	0	0	0.00869565	1	0.00507614	0	0	0	0	0	0	0	0	0	0	0	0	0	0	0	0	0	0	0	0	0.0103093	0	0.00552486	0.00492611	0	0	0	0	0
27493	C	T	ORF7a	N	P34S	1	0	1	1	0	0	0.468085	0.00406504	0.0753138	0	0	0.00326797	0	0	0	0	0	0	0	0	0	0	0	0	0	0	0	0	0	NULL	0	0	0	0	0	0	0	0	0	0	0	0	0	0	0	0	0	0	0.0416667	0	0	0	0	0	0	0.0131004	0	0	0	0	0	0	0	0	0	0	0	0	0	0	0	0	0	0	0	0	0	0	0	0.00943396	0	0	0	0	0	0	0	0	0	0	0	0	0	0	0	0	0	0	0	0	0	0	0	0	0	0	0	0	0	0	0	0	0	0	0	0	0	0	0	0	0	0.00729927	0	0	0	0	0	0	0	0	0	0	0	0	0	0	0	0	0.0070922	0	0.00769231	0	0	0	0	0	0	0	0	0	0	0	0	0	0	0	0	0	0.00943396	0	0	0	0	0	0
27676	G	T	ORF7a	N	E95*	2	0	2	0	0.00636943	0.00724638	0	0	0	0	0	0	0	0	0	0	0	0	0	0	0	0.00431034	0.00413223	0	0	0	0	0.646341	0.525316	NULL	0	0	0	0	0	0	0	0	0	0	0	0	0	0	0	0	0	0	0	0	0	0	NULL	NULL	NULL	0	0	0	0.00423729	NULL	NULL	0	0	0	0.00625	0	0	0	0.00724638	0	0.0118343	0	0	0	0.00653595	0	0	0	0	0	0	0	0	0	0	0	0	0	0	0	0	0	0	0	0	0	0	0	0	0	0	0	0	0	0	0	0	0	0	0	0	0	0	0.00746269	0	0	0	0	0	0.00625	0	0	0	0	0	0	0.005	0	0	0	0.0108696	0	0.00529101	0	0	0	0	0	0.00552486	0.00568182	0	0	0.00578035	0.0108108	0	0.00584795	0.00591716	0	0.00578035	0	0	0	0	0	0	0	0.00588235	0.00574713	0	0.00555556	0	0	0	0	0
27911	C	T	ORF8	S	F6F	0	0	0	2	0	0	0	0	0.00409836	0.057554	0	0	0	0	0	0	0.00406504	0	0	0	0	0.00348432	0	0	0	0	0	0	0	NULL	0	0	0	0	0	0	0	0	0.00404858	0	0	0	0	0	0	0	0	0	0	0.0560748	0	0	0	0	0	0	0	0	0	NULL	0	0	0	0	0	0	0	0.020979	0	0	0	0	0	0	0	0.00625	0	0	0	0	0	0	0	0	0	0	0	0	0	0	0	0	0	0	0	0	0	0	0	0	0	0	0	0	0	0	0	0	0	0	0	0	0	0	0	0	0	0	0	0	0	0	0	0	0	0	0	0	0	0	0	0	0	0	0	0	0	0	0	0	0	0	0	0	0	0	0	0	0	0	0	0	0	0	0	0	0	0	0	0	0	0	0	0	0
28077	G	C	ORF8	N	V62L	1	24	25	20	0	0	0	0	0	0	0	0	0	0	0	0	0	0	0	0	0	0	0	0	0	0	0	0	0	NULL	0	0	0	0.190476	0	0	0	0	0	0	0	0	0	0	0	0	0.933962	0	0	0	0	0	0	0	0	0	0	0	0	NULL	0	0	0.992308	0	0	0	0	0	0	0	0	0	0	0	1	0	0	0.0070922	0	0	0	0	0	0	0.00632911	0	0	1	0	0	0	0	0	0	0	0	0	1	0	0	1	0	0	0	0	0	0	0	0	0	0	0	1	0	0	0	0	0	0	0	0	0	0	0	0	0	0	0	0	0	0	0	0	0	1	0	0	0	0	0	0	0	0	0	0	0	0	0	0	0	0	0	0	0	0	0	0	0	0.00833333	0	0	0	0	0	0
28144	T	C	ORF8	N	L84S	4	92	96	532	0	0	0	0	0.004	NULL	0	0	0	1	1	1	0.995413	1	1	0.984615	0.985294	0.986301	0	0.981481	0	0	1	0	0	NULL	0	1	0	1	0	0	0	1	0	1	1	0	0	0	0	0	0.946667	0	1	0	0	0	0	0	0	0	0	0	0	0.130435	0.231293	0	0.99187	1	1	1	1	0	0	1	0	0	0	1	1	1	0	0	0	1	0	1	1	0.991071	0	0	0.0958904	1	1	0.992308	0	1	0	1	0	0	0	1	0	0	1	0	1	1	0.992701	0	0	0	0.868056	0	1	0	1	0	1	0	0	0	1	1	0	0	0	0	1	1	0	0	1	0	1	0	0	0.0266667	1	0	0	0	1	1	0	1	1	0	0	1	0	0	1	0	0	1	1	1	0	1	1	0	0	0	1	1	0	1	0
28253	C	T	ORF8	S	F120F	2	0	2	2	0	0.00411523	0.157025	0	0.00409836	0	0.00409836	0	0	0	0	0	0	0	0	0	0	0	0	0.00398406	0	0	0	0.00840336	0	NULL	0	0	0.00425532	0	0	0	0.00865801	0	0	0	0	0	0	0.00414938	0	0	0	0	0	0	0	0	0.288136	0	0	0	0	0	0.00414938	0	0	0.0585106	0	0	0	NULL	0	0	0.010989	0.0208333	0	0	0	0	0	0	0	0	0.079646	0	0	0	0	0	0	0	0	0.0689655	0	0	0	0.00505051	0	0	0	0.02	0	0	0	0	0	0	0.00925926	0	0	0	0	0	0	0	0	0	0	0.00483092	0	0	0	0	0	0	0	0	0	0	0	0	0	0	0	0	0	0	0	0.0857143	0	0	0.00966184	0	0	0	0	0	0	0	0.0117647	0.00546448	0	0	0.00502513	0	0	0	0	0	0.0755814	0	0	0	0	0.00497512	0	0.00531915	0	0	0
28688	T	C	N	S	L139L	2	8	10	72	0	NULL	0	0	0	0	0	0	0	0	0	0	0	0	0	0	0	0	0.895833	0	0	0	0	0	0	NULL	0	0	0	0	0.00409836	0	0	0	0	0	0	0	0	0	0	0	0	0.00421941	0	0	0	0	0	0	0	0	0	0	0	0	0	0	0	0	0	0	0	0	0	0	0	0	0	0	0	0	0	0	0	0	0	0	0	0.00884956	0	0	0	0	0	0	0	0	0	0	0	0	0	0	0	0	0	0	0	0	0	0	0	0	0	0.945578	0	0	0	0	0	0	0	0	0	0	0	0.942446	0	0	0	0	0.275862	0	0	0	0	0	0	0	0	0	0	0	0	0	0	0	0	0	0.977011	0	0	0	0	0	0	0	0.00746269	0	0	0	0	0	0	0	0	0	0	0.00653595	0
28690	G	T	N	N	L139F	0	2	2	1	0	NULL	0	0	0	0	0	0	0	0	0	0	0	0	0	0	0	0	0	0	0.00456621	0	0	0	0	NULL	0	0	0	0.00869565	0.00414938	0	0	0.00851064	0	0	0	0	0	0	0	0	0	0	0	0	0	0	0	0	0	0	0	0	0.004329	0	0	0	0	0	0	0	0	0	0	0	0	0	0	0	0	0	0	0	0	0	0	0	0	0	0	0	0	0	0	0	0	0	0	0	0	0.00763359	0	0	0	0.00649351	0	0	0	0.00699301	0	0	0	0	0	0	0	0	0	0	0	0	0	0	0	0	0	0	0	0	0	0	0	0.907801	0	0	0	0	0.943262	0	0	0	0	0	0.00645161	0	0	0	0.00675676	0	0	0	0.00699301	0.00714286	0	0	0	0	0	0	0	0	0	0	0	0	0	0.00826446	0	0	0
28854	C	T	N	N	S194L	0	5	5	17	0	0	0	0	0	0	0	0	0.00628931	0	0	0	0.0083682	0	0	0	0	0	0.00411523	0	0	0	0	0	0	NULL	0	0	0	0	0	0	0	0	0	0	0	0	0	0	0	0	0	0	0	0	0	0	0	0	0	0	0	0	0	0	0	1	0	0	0	0	0	0	0	0	0	0	0	0	0	0	0	0	0	0	0	0	0	0	0	0	0	0	0	0.0117647	0.00884956	0	0	0	0	0.923077	0	0	0	0	0.00990099	0	0	0	0	0	0	0	0	0	0	0	0	0	0	0	0	0	0	0	0	0	0	0	0	0	0	0	0	0	0	0	0	0	0.00689655	0	0	0	0	0	0	0	0	0.00662252	0	0	0	0	0	0	0	0	0	0	0	0	0	0	0	0.008	0	0	0	0	0
28882	G	A	N	S	R203R	0	40	40	401	0	0	0	0	0	0	0	0.00369004	0	0	0	0	0	0	0	0	0	0	0	0	0	0	0	0	0	NULL	0	0.008	0	0	0.00434783	0	0	0	0	0	0	0	0	0	0	0	0	1	0	0	0	0	0	0	0	0	0	NULL	0	0	0	0	0	0	0	0	0	0	0	0	0	0.962963	0	0	0	0	0	0	0	0	0	0	0	0	0	0	0	0	0	0	1	0	0	0	0	0	0	0	0	0	0	0	0	0	0	0	0	0	0	0	0	0	0	0	0	1	0	0	0	0	0	0	0	0	0	0	0	0.0465116	0	0	0	0.0116279	0	0	0	0	0	0	0	0	0	0	0	0	0	0	0	0	0	1	0	0	0	0	1	0	0	1	0	1	0	0	0.944954	0	0
29039	A	T	N	N	K256*	8	0	8	0	0.00490196	0.00823045	0.0425532	0.0686695	0.161572	0.5	0	0	0.138728	0.0957447	0.0909091	0.0823045	0.102128	0.146667	0.24	0.368	0.384106	0.00819672	0	0.00413223	0.00917431	0.0125523	0.00534759	0.00444444	0	NULL	0	0.0147059	0.0290456	0	0.00411523	0.00416667	0.00829876	0.0083682	0.00858369	0.00873362	0.00884956	0	0	0.0131579	0.00925926	0.0165975	0.00816327	0.0291667	0	0	0.00854701	0	0	0.0224719	0	0.0224215	0.0583333	0	0	0	0	0	0	0	0.0119048	0	0	0	0	0.0142857	0	0	0	0	0.0365854	0.0176991	0	0	0	0	0.0121951	0.0144928	0	0	0	0	0	0	0	0	0	0	0.010989	0	0	0	0.0107527	0	0	0	0.046875	0	0	0	0.020202	0	0	0	0	0	0.0104167	0.0131579	0.0163934	0	0	0	0	0.0133333	0	0	0	0	0	0.0108696	0	0.0107527	0.0128205	0	0	0.00581395	0	0	0.0107527	0	0.00970874	0.0117647	0.0212766	0	0.0148148	0.0253165	0.0128205	0.00813008	0.00877193	0.00884956	0	0.0243902	0.01	0	0	0.0392157	0	0	0.0121951	0.015873	0.0121951	0	0	0	0	0	0	0.0315789	0	0.026087	0
29353	C	T	N	S	Y360Y	1	8	9	2	0	0	0	0	0	0	0	0.00359712	0	0	0	0	0	0	0	0	0	0	0	0	0.00408163	0	0	NULL	0	NULL	NULL	0	0	0	0.0041841	0	0	0	0	0.00425532	0	0	0	0	0	0.920635	0	0	0	0	0	0	0	0	0	0	0	0	0	0	0	0	0	0	0	0	0.0108696	0	0	0	0	0	0	0	0	0	0	0	0	0	0	0	0	0	0	0	0	0	0	0	0	0	0	0	0	0	0	0	0	0	0	0	0	0	0	0	0	0	0	0	0	0	0	0	0	0	0	0	0	0.00952381	0	0	0	0	0	0.650943	0	0	0	0	0	0	0	0	0	0	0	0	0	0	0	0	0	0	0	0	0	0	0	0	0	0	0	0	0	0	0	0.00862069	0	0	0	0	0	0	0
29642	C	T	ORF10	N	Q29*	2	0	2	0	0	0	0	0.0196078	0	0	0	0	0	0	0	0	0	0	0	0	0	0	0	0	0	0	0	NULL	0	NULL	NULL	0	0	0	0	0	0	0.00420168	0.00416667	0	0	0	0	0	0	0	0	0	0	0	0	0	0	0	0	0	0.0327869	0.817308	0	0	0	0	0	0	0	0	0	0	0	0	0	0	0.0552147	0	0	0.00757576	0	0	0	0	0	0	0	0	0	0	0	0	0	0	0	0	0	0	0	0	0	0	0	0	0	0	0	0	0	0	0	0	0	0	0	0	0	0	0	0	0	0	0	0	0	0	0	0.00625	0	0	0	0	0	0	0.00609756	0	0	0	0	0	0	0	0	0	0	0	0	0	0	0	0	0	0	0.00555556	0	0.100559	0.00877193	0	0	0	0	0	0	0	0	0	0	0	0
29724	C	T	noncoding	N/A	N/A	1	0	1	0	0	0	0	0	0	0	0	0.00411523	0	0	0	0	0	0	0	0	0	0	0	0	0	0	0	NULL	0	NULL	NULL	0	0	0	0	0.00858369	0.0042735	0	0	0	0	0.00421941	0	0	0	0	0	0	0	0	0	0	0	0	0	0	0	0	0	0	0	0	0	0	0	0	0	0.0892857	0	0	0	0	0	0	0	0	0	0	0	0	0	0	0	0	0	0	0	0	0	0	0	0	0	0	0	0	0	0	0	0	0	0	0	0	0	0	0	0	0	0	0	0	0	0	0	0	0	0	0	0.00724638	0	0	0	0	0	0	NULL	0	0	0.0897436	0	0	0	0	0.00862069	0	0	0	0	0	0	0	0	0	0	0	0	0	0	0.173333	0	0	0	0	0	0	0	0	0	0	0	0	0	0	0
29774	C	T	noncoding	N/A	N/A	1	1	2	3	0	0	0	0	0	0	0	0	0	0	0	0	0	0	0	0	0	0	0	0	0	0	0.99505	NULL	0	NULL	NULL	0	0	0	0.00452489	0.00471698	0	0	0	0	0	0	0	0	0	0	0	0	0	0	0	0	0	0	0	0.00429185	0	0	0	0.00442478	0	0	0	0	0	0	0	0	0	0	0	0	0	0	0	0	0	0	0	0	0	0	0	0	0.29	0	0	0	0	0	0	0	0	0	0	0	0	0	0	0	0	0	0	0	0	0	0	0	0	0	0	0	0	0	0	0	0	0	0	0	0	0	0	0	0	0	NULL	0	0	0	0	0.0196078	0	0	0	0	0	0	0	0	0	0	0	0	0	0	0	0	0	0	0	0	0	0	0	0	0	0	0	0	0	0	0	0	0
