sample	country	location	nstrains	nclades	nmuts	muts	strains	clades	strain_muts	error	adjusted_error	recomb	nrecomb	missing
SRR11059940	China	China:Wuhan	1	1	0	[]	['strain4']	[0]	[]	0.008843500179555604	0.0	0	0	0
SRR11059942	China	China:Wuhan	1	1	0	[]	['strain4']	[0]	[]	0.01636884886560139	0.0	0	0	6
SRR11059944	China	China:Wuhan	1	1	0	[]	['strain4']	[0]	[]	0.018073558472016516	0.0	0	0	0
SRR11059945	China	China:Wuhan	1	1	0	[]	['strain4']	[0]	[]	0.021536260855378308	0.0	0	0	0
SRR11059946	China	China:Wuhan	2	1	1	[1440]	['strain4', 'strain3-0']	[0]	[1440]	0.009129838496539793	0.0	0	0	0
SRR11059947	China	China:Wuhan	1	1	0	[]	['strain4']	[0]	[]	0.020083064575868396	0.0	0	0	4
SRR11092062	China	China: Wuhan	1	1	0	[]	['strain4']	[0]	[]	0.041666699999999994	0.0	0	0	0
SRR11177792	Nepal	Nepal: Kathmandu	3	2	1	[24034]	['strain4', 'strain19', 'anc-strain-1']	[0, 2]	[24034, 11083]	0.019258485800410167	0.010937500000000003	0	0	0
SRR11241254	USA	USA: Seattle\, WA	1	1	3	[26144, 11083, 14805]	['strain23']	[2]	[26144, 11083, 14805]	0.00628931	0.0	0	0	0
SRR11241255	USA	USA: Seattle\, WA	1	1	5	[17858, 18060, 8782, 28144, 17747]	['strain7']	[1]	[28144, 17858, 17747, 18060, 8782]	0.00973982786878701	0.008000000000000007	0	0	0
SRR11247076	USA	USA: WA	1	1	6	[17858, 23525, 18060, 8782, 28144, 17747]	['strain0']	[1]	[28144, 17858, 17747, 23525, 18060, 8782]	0.011743159291336382	0.0	0	0	0
SRR11247077	USA	USA: WA	2	1	5	[17858, 18060, 8782, 28144, 17747]	['strain7-5', 'strain7']	[1]	[17858, 18060, 8782, 28144, 17747]	0.024840985597729494	0.02340400000000009	0	0	0
SRR11247078	USA	USA: WA	1	1	5	[17858, 18060, 8782, 28144, 17747]	['strain7']	[1]	[28144, 17858, 17747, 18060, 8782]	0.02242541241733809	0.01965765983020363	0	0	0
SRR11278091	USA	USA:WA	1	1	5	[17858, 18060, 8782, 28144, 17747]	['strain7']	[1]	[28144, 17858, 17747, 18060, 8782]	0.0	0.0	0	0	0
SRR11278164	USA	USA:WA	2	1	5	[17858, 18060, 8782, 28144, 17747]	['strain7-5', 'strain7']	[1]	[17858, 18060, 8782, 28144, 17747]	0.014285700022400021	8.000000000230045e-07	0	0	0
SRR11278166	USA	USA:WA	3	1	6	[23010, 17858, 18060, 8782, 28144, 17747]	['strain12', 'strain7-5', 'strain7']	[1]	[17858, 23010, 18060, 8782, 28144, 17747]	0.021282542301144434	0.021282542301144434	0	0	0
SRR11278167	USA	USA:WA	2	1	6	[23010, 17858, 18060, 8782, 28144, 17747]	['strain12', 'strain7']	[1]	[17858, 23010, 18060, 8782, 28144, 17747]	0.02313349137614147	0.02313349137614147	0	0	0
SRR11397717	Australia	Australia: Melbourne\, Victoria	2	1	5	[17858, 18060, 8782, 28144, 17747]	['strain7-4', 'strain7']	[1]	[17858, 18060, 8782, 28144, 17747]	0.024472987390819278	0.023701667662845993	0	0	0
SRR11397719	Australia	Australia: Melbourne\, Victoria	2	1	2	[28688, 11083]	['anc-strain-1', 'strain8']	[2]	[28688, 11083]	0.008716090919701332	0.0	0	0	1
SRR11397720	Australia	Australia: Melbourne\, Victoria	2	1	5	[17858, 18060, 8782, 28144, 17747]	['strain7-4', 'strain7']	[1]	[17858, 18060, 8782, 28144, 17747]	0.022784759409278463	0.019718439745578336	0	0	0
SRR11397728	Australia	Australia: Melbourne\, Victoria	1	1	3	[26144, 11083, 14805]	['strain23']	[2]	[26144, 11083, 14805]	0.011635926459255408	0.004425000000000012	0	0	1
SRR11410528	USA	USA	1	1	7	[1059, 25563, 14408, 23403, 241, 379, 3037]	['strain22-0']	[3]	[241, 1059, 379, 25563, 14408, 23403, 3037]	0.04267567346814807	0.011897799670527225	0	0	0
SRR11410536	USA	USA	2	2	8	[17858, 1059, 25563, 18060, 8782, 28144, 17747, 379]	['strain22-0', 'strain7']	[1, 3]	[17858, 1059, 25563, 14408, 23403, 18060, 8782, 28144, 241, 17747, 379, 3037]	0.23659440481834582	0.23650206979451574	15	5	0
SRR11426414	Germany	Germany: Starnberg	2	1	1	[27676]	['strain4', 'strain14']	[0]	[27676]	0.00420168	0.0	0	0	0
SRR11426415	Germany	Germany: Starnberg	4	3	2	[27676, 23525]	['strain4', 'strain0', 'strain14', 'anc-strain-1']	[0, 1, 2]	[28144, 17858, 17747, 23525, 11083, 18060, 27676, 8782]	0.19241113943586763	0.19224068876541198	0	0	0
SRR11426417	Germany	Germany: Starnberg	2	2	1	[23606]	['anc-strain-0-0', 'strain1']	[0, 1]	[28144, 23606]	0.008334690900165405	0.0	0	0	11
SRR11426418	Germany	Germany: Starnberg	2	1	1	[23606]	['strain4', 'strain1']	[0]	[23606]	0.012987	0.0	0	0	0
SRR11454607	China	China: Hubei	2	2	4	[28144, 23403, 23525, 8782]	['strain24-2', 'anc-strain-0']	[1, 3]	[28144, 23403, 8782]	0.696316469047741	0.6962438113399358	2	1	0
SRR11454608	China	China: Hubei	1	1	0	[]	['strain4']	[0]	[]	0.005784138496483292	0.0	0	0	0
SRR11454609	China	China: Hubei	4	1	4	[28144, 26729, 28077, 8782]	['anc-strain-0', 'strain10-5', 'strain10-3', 'strain10-1']	[1]	[28144, 24034, 26729, 28077, 8782]	0.0263176279858197	0.020588200000000004	0	0	0
SRR11454613	China	China: Hubei	1	1	0	[]	['strain4']	[0]	[]	0.011896002710440175	0.0	0	0	0
SRR11454614	China	China: Hubei	1	1	0	[]	['strain4']	[0]	[]	0.019837942655431786	0.0	0	0	0
SRR11454615	China	China: Hubei	1	1	0	[]	['strain4']	[0]	[]	0.020624640352345545	0.0	0	0	0
SRR11476445	USA	USA: Washington	2	1	3	[28144, 18060, 8782]	['anc-strain-0-0', 'strain7-2']	[1]	[28144, 18060, 8782]	0.19954049090364742	0.1991849091924386	0	0	0
SRR11479027	USA	USA	1	1	7	[1059, 14408, 23403, 17615, 241, 25563, 3037]	['strain22-1']	[3]	[241, 1059, 25563, 14408, 23403, 3037, 17615]	0.00827313944595399	0.005717236132957941	0	0	0
SRR11479029	USA	USA	2	1	5	[17858, 18060, 8782, 28144, 17747]	['strain7-4', 'strain7']	[1]	[17858, 18060, 8782, 28144, 17747]	0.00820871499520479	0.004525000000000001	0	0	0
SRR11479031	USA	USA	2	1	5	[17858, 18060, 8782, 28144, 17747]	['strain7-4', 'strain7']	[1]	[17858, 18060, 8782, 28144, 17747]	0.011023757365658023	0.009670927256473368	0	0	0
SRR11479037	USA	USA	1	1	5	[14408, 11083, 23403, 241, 3037]	['strain24']	[3]	[14408, 241, 23403, 3037]	0.05394929098038362	0.05255199312147924	0	0	0
SRR11479040	USA	USA	2	2	7	[1059, 14408, 23403, 241, 11671, 25563, 3037]	['strain13', 'strain5']	[2, 3]	[1059, 14408, 11083, 23403, 241, 11671, 25563, 3037]	0.2548923339863324	0.2548923339863324	6	2	1
SRR11479044	USA	USA	1	1	7	[1059, 14408, 23403, 17615, 241, 25563, 3037]	['strain22-1']	[3]	[241, 1059, 25563, 14408, 23403, 3037, 17615]	0.010709247084277217	0.00436700000000001	0	0	0
SRR11479046	USA	USA	3	2	4	[1440, 2891, 7011, 14408]	['strain13', 'strain3', 'strain3-4']	[0, 3]	[1440, 7011, 1059, 14408, 2891, 23403, 241, 25563, 3037]	0.046069674004769044	0.04566223865449429	2	0	0
SRR11491744	USA	USA	1	1	6	[1059, 14408, 23403, 241, 25563, 3037]	['strain13']	[3]	[241, 1059, 25563, 14408, 23403, 3037]	0.020198232890864483	0.019703186671196103	0	0	0
SRR11491746	USA	USA	7	3	10	[24034, 1059, 19684, 26729, 490, 23403, 28077, 8782, 18736, 28144]	['strain10-61', 'strain19', 'strain10-57', 'strain10', 'strain10-52', 'strain13-0', 'strain10-59']	[0, 1, 3]	[24034, 1059, 19684, 14408, 26729, 490, 23403, 28077, 8782, 28144, 18736, 241, 3037]	0.38421597583346273	0.38421597583346273	10	5	0
SRR11491747	USA	USA	1	1	5	[14408, 23403, 241, 28882, 3037]	['strain17']	[3]	[241, 28882, 14408, 23403, 3037]	0.012391011619500633	0.010151754232643721	0	0	0
SRR11491748	USA	USA	2	1	5	[17858, 18060, 8782, 28144, 17747]	['strain7-4', 'strain7']	[1]	[17858, 18060, 8782, 28144, 17747]	0.02991287096100941	0.007406900002025133	0	0	0
SRR11491753	USA	USA	1	1	6	[1059, 14408, 23403, 241, 25563, 3037]	['strain13']	[3]	[241, 1059, 25563, 14408, 23403, 3037]	0.0203252	0.0	0	0	0
SRR11491756	USA	USA	1	1	4	[14408, 241, 23403, 3037]	['strain24']	[3]	[14408, 241, 23403, 3037]	0.00952381	0.0	0	0	0
SRR11491757	USA	USA	1	1	7	[1059, 23525, 14408, 23403, 241, 25563, 3037]	['strain13']	[3]	[241, 1059, 25563, 14408, 23403, 3037]	0.149171	0.149171	0	0	0
SRR11491758	USA	USA	1	1	7	[1059, 23525, 14408, 23403, 241, 25563, 3037]	['strain13']	[3]	[241, 1059, 25563, 14408, 23403, 3037]	0.07703108102109822	0.0763889	0	0	1
SRR11491759	USA	USA	3	1	6	[1059, 23525, 14408, 23403, 241, 3037]	['strain24', 'strain13-0', 'strain13-1']	[3]	[1059, 14408, 23403, 241, 25563, 3037]	0.09570080205087103	0.09133629407426164	0	0	1
SRR11491762	USA	USA	2	2	5	[14408, 11083, 23403, 241, 3037]	['strain24', 'anc-strain-1']	[2, 3]	[241, 11083, 14408, 23403, 3037]	0.8945214710497451	0.8944271909999159	4	1	1
SRR11491765	USA	USA	1	1	6	[1059, 14408, 23403, 241, 25563, 3037]	['strain13']	[3]	[241, 1059, 25563, 14408, 23403, 3037]	0.0626592362322116	0.0625	0	0	0
SRR11491766	USA	USA	1	1	6	[1059, 14408, 23403, 241, 25563, 3037]	['strain13']	[3]	[241, 1059, 25563, 14408, 23403, 3037]	0.0218341	0.0	0	0	0
SRR11491767	USA	USA	1	1	2	[14408, 23403]	['strain24-12']	[3]	[14408, 23403, 3037]	0.006948762988482194	0.0	0	0	12
SRR11491769	USA	USA	1	1	6	[1059, 14408, 23403, 241, 25563, 3037]	['strain13']	[3]	[241, 1059, 25563, 14408, 23403, 3037]	0.06396845339651884	0.06353963533889695	0	0	0
SRR11491771	USA	USA	4	2	9	[1059, 14408, 23403, 8782, 17615, 28144, 241, 379, 3037]	['strain22-1', 'anc-strain-0', 'strain22', 'strain13-0']	[1, 3]	[1059, 14408, 23403, 8782, 17615, 28144, 241, 379, 25563, 3037]	0.3498552342913279	0.3489771666799992	10	2	9
SRR11491772	USA	USA	3	2	12	[17858, 1059, 25563, 14408, 23403, 8782, 28144, 241, 17747, 379, 3037, 22335]	['strain21', 'strain13', 'strain22-0']	[2, 3]	[1059, 14408, 11083, 23403, 241, 379, 25563, 3037, 22335]	0.919923427322079	0.919923427322079	27	0	1
SRR11494453	Australia	Australia: Victoria	1	1	6	[14408, 23403, 20268, 241, 28854, 3037]	['strain6']	[3]	[241, 28854, 14408, 23403, 20268, 3037]	0.0107527	0.0	0	0	0
SRR11494456	Australia	Australia: Victoria	2	1	7	[24034, 26729, 490, 28077, 8782, 18736, 28144]	['anc-strain-0-0', 'strain10-59']	[1]	[28144, 18736, 24034, 26729, 490, 28077, 8782]	0.1865822977060782	0.18325249350008854	0	0	0
SRR11494460	Australia	Australia: Victoria	2	1	5	[17858, 18060, 8782, 28144, 17747]	['strain7-4', 'strain7']	[1]	[17858, 18060, 8782, 28144, 17747]	0.00540541	0.0	0	0	0
SRR11494461	Australia	Australia: Victoria	2	1	5	[17858, 18060, 8782, 28144, 17747]	['strain7-4', 'strain7']	[1]	[17858, 18060, 8782, 28144, 17747]	0.022444772545766614	0.008695999999999926	0	0	0
SRR11494466	Australia	Australia: Victoria	2	1	4	[28144, 17858, 17747, 18060]	['strain7-4', 'strain7']	[1]	[17858, 18060, 8782, 28144, 17747]	0.0	0.0	0	0	6
SRR11494467	Australia	Australia: Victoria	2	1	5	[17858, 18060, 8782, 28144, 17747]	['strain7-4', 'strain7']	[1]	[17858, 18060, 8782, 28144, 17747]	0.00440529	0.0	0	0	0
SRR11494474	Australia	Australia: Victoria	2	1	3	[1440, 2891, 7011]	['strain3', 'strain3-4']	[0]	[1440, 7011, 2891]	0.015449015867025316	5.656854249655047e-07	0	0	0
SRR11494475	Australia	Australia: Victoria	2	1	5	[26530, 14408, 23403, 241, 3037]	['strain18', 'strain24']	[3]	[26530, 14408, 23403, 241, 3037]	0.018291163113793543	0.00558700000000012	0	0	0
SRR11494479	Australia	Australia: Victoria	2	1	5	[17858, 18060, 8782, 28144, 17747]	['strain7-4', 'strain7']	[1]	[17858, 18060, 8782, 28144, 17747]	0.0392157	0.0	0	0	0
SRR11494480	Australia	Australia: Victoria	2	1	2	[11083, 22335]	['strain21', 'anc-strain-1']	[2]	[11083, 22335]	0.015639300468451266	0.0	0	0	0
SRR11494485	Australia	Australia: Victoria	2	1	5	[14408, 23403, 241, 28882, 3037]	['strain24-6', 'strain17']	[3]	[241, 28882, 14408, 23403, 3037]	0.05004012834239737	0.028353182361068402	0	0	0
SRR11494486	Australia	Australia: Victoria	1	1	7	[1059, 25563, 14408, 23403, 241, 379, 3037]	['strain22-0']	[3]	[241, 1059, 379, 25563, 14408, 23403, 3037]	0.014899199876171203	0.0	0	0	0
SRR11494493	Australia	Australia: Victoria	2	1	5	[17858, 18060, 8782, 28144, 17747]	['strain7-4', 'strain7']	[1]	[17858, 18060, 8782, 28144, 17747]	0.026707500974185127	0.009523999999999977	0	0	1
SRR11494497	Australia	Australia: Victoria	1	1	8	[24034, 19684, 26729, 490, 28077, 8782, 18736, 28144]	['strain10']	[1]	[24034, 19684, 26729, 490, 28077, 8782, 18736, 28144]	0.00653595	0.0	0	0	0
SRR11494498	Australia	Australia: Victoria	2	1	5	[17858, 18060, 8782, 28144, 17747]	['strain7-4', 'strain7']	[1]	[17858, 18060, 8782, 28144, 17747]	0.00649351	0.0	0	0	0
SRR11494499	Australia	Australia: Victoria	1	1	3	[26144, 11083, 14805]	['strain23']	[2]	[26144, 11083, 14805]	0.007548096589372802	0.004854000000000136	0	0	0
SRR11494500	Australia	Australia: Victoria	1	1	3	[26144, 11083, 14805]	['strain23']	[2]	[26144, 11083, 14805]	0.00976433945682451	0.0	0	0	0
SRR11494505	Australia	Australia: Victoria	1	1	7	[1059, 25563, 14408, 23403, 241, 379, 3037]	['strain22-0']	[3]	[241, 1059, 379, 25563, 14408, 23403, 3037]	0.012232729041375023	0.008403833886982766	0	0	0
SRR11494507	Australia	Australia: Victoria	2	1	5	[17858, 18060, 8782, 28144, 17747]	['strain7-4', 'strain7']	[1]	[17858, 18060, 8782, 28144, 17747]	0.016223359526324997	0.0	0	0	0
SRR11494509	Australia	Australia: Victoria	1	1	5	[14408, 23403, 20268, 241, 3037]	['anc-strain-2']	[3]	[241, 14408, 23403, 20268, 3037]	0.00671141	0.0	0	0	1
SRR11494511	Australia	Australia: Victoria	2	1	5	[17858, 18060, 8782, 28144, 17747]	['strain7-4', 'strain7']	[1]	[17858, 18060, 8782, 28144, 17747]	0.012838475493313059	0.0	0	0	0
SRR11494513	Australia	Australia: Victoria	2	1	5	[17858, 18060, 8782, 28144, 17747]	['strain7-4', 'strain7']	[1]	[17858, 18060, 8782, 28144, 17747]	0.00689655	0.0	0	0	0
SRR11494514	Australia	Australia: Victoria	2	1	5	[17858, 18060, 8782, 28144, 17747]	['strain7-4', 'strain7']	[1]	[17858, 18060, 8782, 28144, 17747]	0.023622907382318575	0.008929000000000076	0	0	0
SRR11494519	Australia	Australia: Victoria	2	2	4	[1440, 11083, 2891, 7011]	['strain3', 'anc-strain-1']	[0, 2]	[1440, 11083, 2891, 7011]	0.08153030285241622	0.0808492402044695	3	1	0
SRR11494520	Australia	Australia: Victoria	2	1	6	[3784, 14408, 23403, 20268, 241, 3037]	['anc-strain-2', 'strain2']	[3]	[3784, 14408, 23403, 20268, 241, 3037]	0.011665203013616931	0.005404999999999771	0	0	0
SRR11494523	Australia	Australia: Victoria	3	2	9	[26144, 17858, 11083, 18060, 8782, 28144, 17747, 14805, 17247]	['strain7-3', 'strain15-1', 'strain7']	[1, 2]	[26144, 17858, 11083, 18060, 8782, 28144, 17747, 14805, 17247]	0.6662834287766431	0.6662834287766431	16	4	0
SRR11494524	Australia	Australia: Victoria	1	1	8	[24034, 19684, 26729, 490, 28077, 8782, 18736, 28144]	['strain10']	[1]	[24034, 19684, 26729, 490, 28077, 8782, 18736, 28144]	0.011040440585452194	0.0	0	0	0
SRR11494536	Australia	Australia: Victoria	2	1	5	[17858, 18060, 8782, 28144, 17747]	['strain7-4', 'strain7']	[1]	[17858, 18060, 8782, 28144, 17747]	0.012033715584427758	0.00812999999999997	0	0	0
SRR11494538	Australia	Australia: Victoria	3	1	5	[17858, 18060, 8782, 28144, 17747]	['strain7-4', 'strain7-5', 'strain7']	[1]	[17858, 18060, 8782, 28144, 17747]	0.048755303124556774	0.04556332789645655	0	0	0
SRR11494544	Australia	Australia: Victoria	1	1	5	[14408, 23403, 241, 28882, 3037]	['strain17']	[3]	[241, 28882, 14408, 23403, 3037]	0.010951849898240943	0.006452000000000013	0	0	0
SRR11494547	Australia	Australia: Victoria	2	1	5	[17858, 18060, 8782, 28144, 17747]	['strain7-4', 'strain7']	[1]	[17858, 18060, 8782, 28144, 17747]	0.012643081005933622	0.004974999999999952	0	0	0
SRR11494551	Australia	Australia: Victoria	3	2	6	[26530, 14408, 11083, 23403, 241, 3037]	['strain18', 'strain24', 'anc-strain-1']	[2, 3]	[26530, 14408, 23403, 11083, 241, 3037]	0.2637087759586024	0.2636204292238368	5	1	0
SRR11494556	Australia	Australia: Victoria	2	1	5	[17858, 18060, 8782, 28144, 17747]	['strain7-4', 'strain7']	[1]	[17858, 18060, 8782, 28144, 17747]	0.0070102986481390735	0.005102000000000051	0	0	0
SRR11494557	Australia	Australia: Victoria	2	1	3	[1440, 2891, 7011]	['strain3', 'strain3-4']	[0]	[1440, 7011, 2891]	0.028210624714989932	0.010103894546163896	0	0	1
SRR11494559	Australia	Australia: Victoria	2	2	11	[26144, 9223, 14408, 1515, 20268, 23403, 241, 14805, 28854, 3037, 17247]	['strain15', 'strain6']	[2, 3]	[26144, 9223, 14408, 23403, 20268, 11083, 1515, 241, 14805, 28854, 3037, 17247]	0.07557401601569161	0.07557401601569161	13	6	1
SRR11494565	Australia	Australia: Victoria	1	1	3	[26144, 11083, 14805]	['strain23']	[2]	[26144, 11083, 14805]	0.012987	0.0	0	0	0
SRR11494567	Australia	Australia: Victoria	1	1	8	[24034, 19684, 26729, 490, 28077, 8782, 18736, 28144]	['strain10']	[1]	[24034, 19684, 26729, 490, 28077, 8782, 18736, 28144]	0.00746269	0.0	0	0	0
SRR11494568	Australia	Australia: Victoria	3	1	6	[26144, 9223, 11083, 1515, 14805, 17247]	['strain15', 'strain15-1', 'strain15-3']	[2]	[26144, 9223, 11083, 1515, 14805, 17247]	0.006688284832451418	0.006688284832451418	0	0	0
SRR11494569	Australia	Australia: Victoria	1	1	4	[26144, 11083, 14805, 17247]	['strain15-1']	[2]	[26144, 11083, 14805, 17247]	0.0074329294717829794	0.0	0	0	0
SRR11494577	Australia	Australia: Victoria	1	1	8	[24034, 19684, 26729, 490, 28077, 8782, 18736, 28144]	['strain10']	[1]	[24034, 19684, 26729, 490, 28077, 8782, 18736, 28144]	0.01731610146713461	0.007752000000000092	0	0	1
SRR11494578	Australia	Australia: Victoria	2	1	5	[26530, 14408, 23403, 241, 3037]	['strain18', 'strain24']	[3]	[26530, 14408, 23403, 241, 3037]	0.00833333	0.0	0	0	0
SRR11494581	Australia	Australia: Victoria	2	1	5	[17858, 18060, 8782, 28144, 17747]	['strain7-4', 'strain7']	[1]	[17858, 18060, 8782, 28144, 17747]	0.012683051858117586	0.0	0	0	0
SRR11494582	Australia	Australia: Victoria	2	1	5	[17858, 18060, 8782, 28144, 17747]	['strain7-4', 'strain7']	[1]	[17858, 18060, 8782, 28144, 17747]	0.025	0.0	0	0	0
SRR11494583	Australia	Australia: Victoria	2	1	5	[17858, 18060, 8782, 28144, 17747]	['strain7-4', 'strain7']	[1]	[17858, 18060, 8782, 28144, 17747]	0.007298999999999944	0.007298999999999944	0	0	0
SRR11494585	Australia	Australia: Victoria	3	2	9	[1440, 1059, 7011, 14408, 2891, 23403, 241, 25563, 3037]	['strain13', 'strain3', 'strain24-10']	[0, 3]	[1440, 7011, 1059, 14408, 2891, 23403, 241, 25563, 3037]	0.20852445535479158	0.20848028325141438	14	3	0
SRR11494588	Australia	Australia: Victoria	2	1	5	[26530, 14408, 23403, 241, 3037]	['strain18', 'strain24']	[3]	[26530, 14408, 23403, 241, 3037]	0.0	0.0	0	0	1
SRR11494589	Australia	Australia: Victoria	2	1	5	[26530, 14408, 23403, 241, 3037]	['strain18', 'strain24']	[3]	[26530, 14408, 23403, 241, 3037]	0.00649351	0.0	0	0	0
SRR11494591	Australia	Australia: Victoria	3	2	3	[26144, 28144, 8782]	['anc-strain-0-1', 'anc-strain-0', 'strain23-0']	[1, 2]	[26144, 28144, 11083, 8782]	0.06520153161130496	0.06520153161130496	1	0	0
SRR11494593	Australia	Australia: Victoria	2	1	2	[28688, 11083]	['anc-strain-1', 'strain8']	[2]	[28688, 11083]	0.009298922346557154	2.0000000000575113e-07	0	0	0
SRR11494594	Australia	Australia: Victoria	2	1	5	[17858, 18060, 8782, 28144, 17747]	['strain7-4', 'strain7']	[1]	[17858, 18060, 8782, 28144, 17747]	0.017113648741563	0.007353000000000054	0	0	0
SRR11494598	Australia	Australia: Victoria	2	1	5	[26530, 14408, 23403, 241, 3037]	['strain18', 'strain24']	[3]	[26530, 14408, 23403, 241, 3037]	0.0075178121300615115	0.0	0	0	0
SRR11494601	Australia	Australia: Victoria	1	1	8	[24034, 19684, 26729, 490, 28077, 8782, 18736, 28144]	['strain10']	[1]	[24034, 19684, 26729, 490, 28077, 8782, 18736, 28144]	0.01631369919117058	0.005075999999999969	0	0	0
SRR11494603	Australia	Australia: Victoria	2	2	7	[1059, 14408, 23403, 18060, 241, 25563, 3037]	['strain7-2', 'strain13']	[1, 3]	[1059, 14408, 23403, 18060, 8782, 28144, 241, 25563, 3037]	0.7846109346442135	0.7845754438046287	6	3	0
SRR11494606	Australia	Australia: Victoria	2	1	5	[17858, 18060, 8782, 28144, 17747]	['strain7-4', 'strain7']	[1]	[17858, 18060, 8782, 28144, 17747]	0.0070922	0.0	0	0	0
SRR11494607	Australia	Australia: Victoria	1	1	5	[14408, 23403, 241, 28882, 3037]	['strain17']	[3]	[241, 28882, 14408, 23403, 3037]	0.00699301	0.0	0	0	0
SRR11494608	Australia	Australia: Victoria	2	1	6	[26144, 9223, 11083, 1515, 14805, 17247]	['strain15', 'strain15-3']	[2]	[26144, 9223, 1515, 11083, 14805, 17247]	0.00552486	0.0	0	0	1
SRR11494609	Australia	Australia: Victoria	2	1	5	[26530, 14408, 23403, 241, 3037]	['strain18', 'strain24']	[3]	[26530, 14408, 23403, 241, 3037]	0.0	0.0	0	0	0
SRR11494612	Australia	Australia: Victoria	2	1	5	[17858, 18060, 8782, 28144, 17747]	['strain7-4', 'strain7']	[1]	[17858, 18060, 8782, 28144, 17747]	0.0	0.0	0	0	0
SRR11494613	Australia	Australia: Victoria	2	1	5	[17858, 18060, 8782, 28144, 17747]	['strain7-4', 'strain7']	[1]	[17858, 18060, 8782, 28144, 17747]	0.008170884480005821	0.0	0	0	0
SRR11494619	Australia	Australia: Victoria	2	1	6	[26144, 9223, 11083, 1515, 14805, 17247]	['strain15', 'strain15-3']	[2]	[26144, 9223, 1515, 11083, 14805, 17247]	0.01252799703392366	0.0	0	0	0
SRR11494620	Australia	Australia: Victoria	2	1	2	[28688, 11083]	['anc-strain-1', 'strain8']	[2]	[28688, 11083]	1.1102230246251565e-16	1.1102230246251565e-16	0	0	0
SRR11494623	Australia	Australia: Victoria	3	3	3	[26144, 11083, 14805]	['strain23', 'strain4', 'strain20-1']	[0, 1, 2]	[28144, 26144, 14805, 11083, 8782]	0.2513181695977672	0.25099802625518786	0	0	0
SRR11494626	Australia	Australia: Victoria	2	1	6	[26144, 9223, 11083, 1515, 14805, 17247]	['strain15', 'strain15-3']	[2]	[26144, 9223, 1515, 11083, 14805, 17247]	0.00446429	0.0	0	0	0
SRR11494633	Australia	Australia: Victoria	2	1	5	[17858, 18060, 8782, 28144, 17747]	['strain7-4', 'strain7']	[1]	[17858, 18060, 8782, 28144, 17747]	0.01743145576078198	0.00909099999999996	0	0	0
SRR11494634	Australia	Australia: Victoria	2	1	5	[17858, 18060, 8782, 28144, 17747]	['strain7-4', 'strain7']	[1]	[17858, 18060, 8782, 28144, 17747]	0.00617284	0.0	0	0	0
SRR11494636	Australia	Australia: Victoria	3	2	3	[14408, 28688, 11083]	['strain24-0', 'anc-strain-1', 'strain8']	[2, 3]	[28688, 11083, 14408]	0.06618855087520806	0.05439839058244283	1	1	0
SRR11494638	Australia	Australia: Victoria	2	1	4	[14408, 241, 23403, 3037]	['strain24', 'strain17']	[3]	[14408, 23403, 241, 28882, 3037]	0.008571936830471876	0.006202041483253738	0	0	0
SRR11494641	Australia	Australia: Victoria	2	1	5	[17858, 18060, 8782, 28144, 17747]	['strain7-4', 'strain7']	[1]	[17858, 18060, 8782, 28144, 17747]	0.0	0.0	0	0	1
SRR11494644	Australia	Australia: Victoria	1	1	6	[1059, 14408, 23403, 241, 25563, 3037]	['strain13']	[3]	[241, 1059, 25563, 14408, 23403, 3037]	0.0	0.0	0	0	0
SRR11494648	Australia	Australia: Victoria	2	1	4	[28144, 25979, 14805, 8782]	['strain20', 'strain20-1']	[1]	[28144, 14805, 25979, 8782]	0.03810195803616922	1.732050808580165e-07	0	0	0
SRR11494649	Australia	Australia: Victoria	1	1	4	[14408, 241, 23403, 3037]	['strain24']	[3]	[14408, 241, 23403, 3037]	0.0116279	0.0	0	0	0
SRR11494650	Australia	Australia: Victoria	1	1	4	[14408, 241, 23403, 3037]	['strain24']	[3]	[14408, 241, 23403, 3037]	0.030288136169163662	0.0	0	0	0
SRR11494651	Australia	Australia: Victoria	2	2	4	[26144, 11083, 14805, 8782]	['strain23', 'strain20-1']	[1, 2]	[28144, 26144, 14805, 11083, 8782]	0.08144068528255699	0.07980801493841326	2	3	0
SRR11494652	Australia	Australia: Victoria	1	1	8	[24034, 19684, 26729, 490, 28077, 8782, 18736, 28144]	['strain10']	[1]	[24034, 19684, 26729, 490, 28077, 8782, 18736, 28144]	0.012483514524960476	0.008348471476863245	0	0	0
SRR11494653	Australia	Australia: Victoria	2	1	7	[3784, 14408, 11083, 20268, 23403, 241, 3037]	['anc-strain-2', 'strain2']	[3]	[3784, 14408, 23403, 20268, 241, 3037]	0.10949256585129238	0.10937483613427725	0	0	0
SRR11494655	Australia	Australia: Victoria	1	1	3	[26144, 11083, 14805]	['strain23']	[2]	[26144, 11083, 14805]	0.009600755088101143	0.0	0	0	0
SRR11494656	Australia	Australia: Victoria	1	1	6	[1059, 14408, 23403, 241, 25563, 3037]	['strain13']	[3]	[241, 1059, 25563, 14408, 23403, 3037]	0.007373109672994093	0.005463999999999913	0	0	0
SRR11494659	Australia	Australia: Victoria	2	1	4	[28144, 25979, 14805, 8782]	['strain20', 'strain20-1']	[1]	[28144, 14805, 25979, 8782]	0.019325085271470345	6.928203228551772e-07	0	0	0
SRR11494668	Australia	Australia: Victoria	2	1	5	[17858, 18060, 8782, 28144, 17747]	['strain7-4', 'strain7']	[1]	[17858, 18060, 8782, 28144, 17747]	0.012679224810204323	0.005435000000000079	0	0	0
SRR11494671	Australia	Australia: Victoria	1	1	4	[14408, 241, 23403, 3037]	['strain24']	[3]	[14408, 241, 23403, 3037]	0.037037	0.0	0	0	0
SRR11494674	Australia	Australia: Victoria	2	1	5	[17858, 18060, 8782, 28144, 17747]	['strain7-4', 'strain7']	[1]	[17858, 18060, 8782, 28144, 17747]	0.029653344953984556	0.007937000000000083	0	0	0
SRR11494682	Australia	Australia: Victoria	2	1	4	[28144, 25979, 14805, 8782]	['strain20', 'strain20-1']	[1]	[28144, 14805, 25979, 8782]	0.015925667114727076	0.007414412496617611	0	0	0
SRR11494687	Australia	Australia: Victoria	1	1	4	[14408, 241, 23403, 3037]	['strain24']	[3]	[14408, 241, 23403, 3037]	0.018752270341318662	0.004974999999999952	0	0	0
SRR11494688	Australia	Australia: Victoria	1	1	2	[28688, 11083]	['strain8']	[2]	[28688, 11083]	0.03400538343100981	0.0297404698180778	0	0	0
SRR11494696	Australia	Australia: Victoria	2	1	5	[17858, 18060, 8782, 28144, 17747]	['strain7-4', 'strain7']	[1]	[17858, 18060, 8782, 28144, 17747]	0.010708053387194145	0.0	0	0	0
SRR11494698	Australia	Australia: Victoria	1	1	4	[14408, 241, 23403, 3037]	['strain24']	[3]	[14408, 241, 23403, 3037]	0.03913363649742508	0.0	0	0	0
SRR11494703	Australia	Australia: Victoria	2	1	3	[1440, 2891, 7011]	['strain3', 'strain3-4']	[0]	[1440, 7011, 2891]	0.006382759600588134	0.0	0	0	0
SRR11494709	Australia	Australia: Victoria	2	1	4	[28144, 25979, 14805, 8782]	['strain20', 'strain20-1']	[1]	[28144, 14805, 25979, 8782]	0.03813884620334627	6.928203228551772e-07	0	0	0
SRR11494714	Australia	Australia: Victoria	1	1	5	[14408, 23403, 241, 28882, 3037]	['strain17']	[3]	[241, 28882, 14408, 23403, 3037]	0.03733727649068957	0.0	0	0	0
SRR11494715	Australia	Australia: Victoria	2	1	6	[26144, 9223, 11083, 1515, 14805, 17247]	['strain15', 'strain15-3']	[2]	[26144, 9223, 1515, 11083, 14805, 17247]	0.012230920261779217	0.012230920261779217	0	0	0
SRR11494719	Australia	Australia: Victoria	2	1	5	[17858, 18060, 8782, 28144, 17747]	['strain7-4', 'strain7']	[1]	[17858, 18060, 8782, 28144, 17747]	0.0	0.0	0	0	0
SRR11494725	Australia	Australia: Victoria	2	1	5	[17858, 18060, 8782, 28144, 17747]	['strain7-4', 'strain7']	[1]	[17858, 18060, 8782, 28144, 17747]	0.010822822357781725	1.9999999989472883e-07	0	0	0
SRR11494727	Australia	Australia: Victoria	2	1	5	[17858, 18060, 8782, 28144, 17747]	['strain7-4', 'strain7']	[1]	[17858, 18060, 8782, 28144, 17747]	0.0	0.0	0	0	1
SRR11494728	Australia	Australia: Victoria	1	1	5	[14408, 23403, 241, 28882, 3037]	['strain17']	[3]	[241, 28882, 14408, 23403, 3037]	0.0	0.0	0	0	0
SRR11494730	Australia	Australia: Victoria	2	1	5	[17858, 18060, 8782, 28144, 17747]	['strain7-4', 'strain7']	[1]	[17858, 18060, 8782, 28144, 17747]	0.01149954634159536	0.00909099999999996	0	0	0
SRR11494740	Australia	Australia: Victoria	2	1	5	[17858, 18060, 8782, 28144, 17747]	['strain7-4', 'strain7']	[1]	[17858, 18060, 8782, 28144, 17747]	0.019410436446481567	2.220446049250313e-16	0	0	0
SRR11494742	Australia	Australia: Victoria	1	1	5	[14408, 23403, 241, 28882, 3037]	['strain17']	[3]	[241, 28882, 14408, 23403, 3037]	0.009014141675750386	0.0	0	0	0
SRR11494743	Australia	Australia: Victoria	3	3	9	[26144, 1059, 14408, 11083, 23403, 241, 14805, 25563, 3037]	['strain23', 'strain13', 'strain20-1']	[1, 2, 3]	[26144, 1059, 14408, 23403, 11083, 8782, 28144, 241, 14805, 25563, 3037]	0.42543670338421496	0.4253191979202444	8	3	0
SRR11494744	Australia	Australia: Victoria	1	1	5	[14408, 23403, 241, 28882, 3037]	['strain17']	[3]	[241, 28882, 14408, 23403, 3037]	0.023188982181738812	0.005618000000000012	0	0	0
SRR11494745	Australia	Australia: Victoria	2	2	6	[17858, 11083, 18060, 8782, 28144, 17747]	['anc-strain-1', 'strain7']	[1, 2]	[28144, 17858, 17747, 11083, 18060, 8782]	0.8978716510286425	0.8978196106351208	5	1	0
SRR11494748	Australia	Australia: Victoria	2	1	5	[17858, 18060, 8782, 28144, 17747]	['strain7-4', 'strain7']	[1]	[17858, 18060, 8782, 28144, 17747]	0.03706121597687399	0.005180999999999991	0	0	0
SRR11494753	Australia	Australia: Victoria	3	2	6	[26144, 14408, 23403, 241, 28882, 3037]	['strain23', 'strain24-8', 'strain17']	[2, 3]	[26144, 14408, 11083, 23403, 241, 28882, 14805, 3037]	0.07385170672570815	0.07385170672570815	4	3	0
SRR11494759	Australia	Australia: Victoria	2	1	5	[17858, 18060, 8782, 28144, 17747]	['strain7-4', 'strain7']	[1]	[17858, 18060, 8782, 28144, 17747]	0.01728347888714827	2.0000000011677344e-07	0	0	0
SRR11494762	Australia	Australia: Northern Territory	2	1	2	[11083, 11671]	['anc-strain-1', 'strain5']	[2]	[11083, 11671]	0.019200319786139033	0.01612900000000006	0	0	0
