Strains	SRR11059940|China:Wuhan	SRR11059942|China:Wuhan	SRR11059944|China:Wuhan	SRR11059945|China:Wuhan	SRR11059946|China:Wuhan	SRR11059947|China:Wuhan	SRR11092062|China: Wuhan	SRR11177792|Nepal: Kathmandu	SRR11241254|USA: Seattle\, WA	SRR11241255|USA: Seattle\, WA	SRR11247076|USA: WA	SRR11247077|USA: WA	SRR11247078|USA: WA	SRR11278091|USA:WA	SRR11278164|USA:WA	SRR11278166|USA:WA	SRR11278167|USA:WA	SRR11397717|Australia: Melbourne\, Victoria	SRR11397719|Australia: Melbourne\, Victoria	SRR11397720|Australia: Melbourne\, Victoria	SRR11397728|Australia: Melbourne\, Victoria	SRR11410528|USA	SRR11410536|USA	SRR11426414|Germany: Starnberg	SRR11426415|Germany: Starnberg	SRR11426417|Germany: Starnberg	SRR11426418|Germany: Starnberg	SRR11454607|China: Hubei	SRR11454608|China: Hubei	SRR11454609|China: Hubei	SRR11454613|China: Hubei	SRR11454614|China: Hubei	SRR11454615|China: Hubei	SRR11476445|USA: Washington	SRR11479027|USA	SRR11479029|USA	SRR11479031|USA	SRR11479037|USA	SRR11479040|USA	SRR11479044|USA	SRR11479046|USA	SRR11491744|USA	SRR11491746|USA	SRR11491747|USA	SRR11491748|USA	SRR11491753|USA	SRR11491756|USA	SRR11491757|USA	SRR11491758|USA	SRR11491759|USA	SRR11491762|USA	SRR11491765|USA	SRR11491766|USA	SRR11491767|USA	SRR11491769|USA	SRR11491771|USA	SRR11491772|USA	SRR11494453|Australia: Victoria	SRR11494456|Australia: Victoria	SRR11494460|Australia: Victoria	SRR11494461|Australia: Victoria	SRR11494466|Australia: Victoria	SRR11494467|Australia: Victoria	SRR11494474|Australia: Victoria	SRR11494475|Australia: Victoria	SRR11494479|Australia: Victoria	SRR11494480|Australia: Victoria	SRR11494485|Australia: Victoria	SRR11494486|Australia: Victoria	SRR11494493|Australia: Victoria	SRR11494497|Australia: Victoria	SRR11494498|Australia: Victoria	SRR11494499|Australia: Victoria	SRR11494500|Australia: Victoria	SRR11494505|Australia: Victoria	SRR11494507|Australia: Victoria	SRR11494509|Australia: Victoria	SRR11494511|Australia: Victoria	SRR11494513|Australia: Victoria	SRR11494514|Australia: Victoria	SRR11494519|Australia: Victoria	SRR11494520|Australia: Victoria	SRR11494523|Australia: Victoria	SRR11494524|Australia: Victoria	SRR11494536|Australia: Victoria	SRR11494538|Australia: Victoria	SRR11494544|Australia: Victoria	SRR11494547|Australia: Victoria	SRR11494551|Australia: Victoria	SRR11494556|Australia: Victoria	SRR11494557|Australia: Victoria	SRR11494559|Australia: Victoria	SRR11494565|Australia: Victoria	SRR11494567|Australia: Victoria	SRR11494568|Australia: Victoria	SRR11494569|Australia: Victoria	SRR11494577|Australia: Victoria	SRR11494578|Australia: Victoria	SRR11494581|Australia: Victoria	SRR11494582|Australia: Victoria	SRR11494583|Australia: Victoria	SRR11494585|Australia: Victoria	SRR11494588|Australia: Victoria	SRR11494589|Australia: Victoria	SRR11494591|Australia: Victoria	SRR11494593|Australia: Victoria	SRR11494594|Australia: Victoria	SRR11494598|Australia: Victoria	SRR11494601|Australia: Victoria	SRR11494603|Australia: Victoria	SRR11494606|Australia: Victoria	SRR11494607|Australia: Victoria	SRR11494608|Australia: Victoria	SRR11494609|Australia: Victoria	SRR11494612|Australia: Victoria	SRR11494613|Australia: Victoria	SRR11494619|Australia: Victoria	SRR11494620|Australia: Victoria	SRR11494623|Australia: Victoria	SRR11494626|Australia: Victoria	SRR11494633|Australia: Victoria	SRR11494634|Australia: Victoria	SRR11494636|Australia: Victoria	SRR11494638|Australia: Victoria	SRR11494641|Australia: Victoria	SRR11494644|Australia: Victoria	SRR11494648|Australia: Victoria	SRR11494649|Australia: Victoria	SRR11494650|Australia: Victoria	SRR11494651|Australia: Victoria	SRR11494652|Australia: Victoria	SRR11494653|Australia: Victoria	SRR11494655|Australia: Victoria	SRR11494656|Australia: Victoria	SRR11494659|Australia: Victoria	SRR11494668|Australia: Victoria	SRR11494671|Australia: Victoria	SRR11494674|Australia: Victoria	SRR11494682|Australia: Victoria	SRR11494687|Australia: Victoria	SRR11494688|Australia: Victoria	SRR11494696|Australia: Victoria	SRR11494698|Australia: Victoria	SRR11494703|Australia: Victoria	SRR11494709|Australia: Victoria	SRR11494714|Australia: Victoria	SRR11494715|Australia: Victoria	SRR11494719|Australia: Victoria	SRR11494725|Australia: Victoria	SRR11494727|Australia: Victoria	SRR11494728|Australia: Victoria	SRR11494730|Australia: Victoria	SRR11494740|Australia: Victoria	SRR11494742|Australia: Victoria	SRR11494743|Australia: Victoria	SRR11494744|Australia: Victoria	SRR11494745|Australia: Victoria	SRR11494748|Australia: Victoria	SRR11494753|Australia: Victoria	SRR11494759|Australia: Victoria	SRR11494762|Australia: Northern Territory
Strain 1-5	0	0	0	0	0.0	0	0	0.0	0	0	1	0.0	0	0	0.0	0.0	0.0	0.0	0.0	0.0	0	0	0.0	0.0	0.05	0.0	0.0	0.0	0	0.0	0	0	0	0.0	0	0.0	0.0	0	0.0	0	0.0	0	0.0	0	0.0	0	0	0	0	0.0	0.0	0	0	0	0	0.0	0.0	0	0.0	0.0	0.0	0.0	0.0	0.0	0.0	0.0	0.0	0.0	0	0.0	0	0.0	0	0	0	0.0	0	0.0	0.0	0.0	0.0	0.0	0.0	0	0.0	0.0	0	0.0	0.0	0.0	0.0	0.0	0	0	0.0	0	0	0.0	0.0	0.0	0.0	0.0	0.0	0.0	0.0	0.0	0.0	0.0	0	0.0	0.0	0	0.0	0.0	0.0	0.0	0.0	0.0	0.0	0.0	0.0	0.0	0.0	0.0	0.0	0	0.0	0	0	0.0	0	0.0	0	0	0.0	0.0	0	0.0	0.0	0	0	0.0	0	0.0	0.0	0	0.0	0.0	0.0	0.0	0	0.0	0.0	0	0.0	0	0.0	0.0	0.0	0.0	0.0
Strain 0-4	0	0	0	0	0.0	0	0	0.0	0	0	0	0.0	0	0	0.0	0.0	0.0	0.0	0.0	0.0	0	0	0.0	0.0	0.0	0.7438020000000001	0.0823045	0.0	0	0.0	0	0	0	0.0	0	0.0	0.0	0	0.0	0	0.0	0	0.0	0	0.0	0	0	0	0	0.0	0.0	0	0	0	0	0.0	0.0	0	0.0	0.0	0.0	0.0	0.0	0.0	0.0	0.0	0.0	0.0	0	0.0	0	0.0	0	0	0	0.0	0	0.0	0.0	0.0	0.0	0.0	0.0	0	0.0	0.0	0	0.0	0.0	0.0	0.0	0.0	0	0	0.0	0	0	0.0	0.0	0.0	0.0	0.0	0.0	0.0	0.0	0.0	0.0	0.0	0	0.0	0.0	0	0.0	0.0	0.0	0.0	0.0	0.0	0.0	0.0	0.0	0.0	0.0	0.0	0.0	0	0.0	0	0	0.0	0	0.0	0	0	0.0	0.0	0	0.0	0.0	0	0	0.0	0	0.0	0.0	0	0.0	0.0	0.0	0.0	0	0.0	0.0	0	0.0	0	0.0	0.0	0.0	0.0	0.0
Strain 3-7	0	0	0	0	0.0	0	0	0.0	0	0	0	0.0	0	0	0.0	0.0	0.0	0.0	0.0	0.0	0	0	0.0	0.0	0.0	0.0	0.0	0.0	0	0.0	0	0	0	0.0	0	0.0	0.0	0	0.0	0	0.0	0	0.0	0	0.0	0	0	0	0	0.0	0.0	0	0	0	0	0.0	0.0	0	0.0	0.0	0.0	0.0	0.0	0.0	0.0	0.0	0.0	0.0	0	0.0	0	0.0	0	0	0	0.0	0	0.0	0.0	0.0	0.0	0.8787879999999999	0.0	0	0.0	0.0	0	0.0	0.0	0.0	0.0	0.0	0	0	0.0	0	0	0.0	0.0	0.0	0.0	0.0	0.0	0.0	0.0	0.0	0.0	0.0	0	0.0	0.0	0	0.0	0.0	0.0	0.0	0.0	0.0	0.0	0.0	0.0	0.0	0.0	0.0	0.0	0	0.0	0	0	0.0	0	0.9193549999999999	0	0	0.0	0.0	0	0.0	0.0	0	0	0.0	0	0.0	0.0	0	0.0	0.0	0.0	0.0	0	0.0	0.0	0	0.0	0	0.0	0.0	0.0	0.0	0.0
Strain 0-1-0	0	0	0	0	0.061983500000000004	0	0	0.0	0	0	0	0.0	0	0	0.0	0.0	0.0	0.0	0.0	0.0	0	0	0.0	0.0	0.0	0.0	0.0	0.0	0	0.0	0	0	0	0.0	0	0.0	0.0	0	0.0	0	0.0	0	0.0	0	0.0	0	0	0	0	0.0	0.0	0	0	0	0	0.0	0.0	0	0.0	0.0	0.0	0.0	0.0	0.0	0.0	0.0	0.0	0.0	0	0.0	0	0.0	0	0	0	0.0	0	0.0	0.0	0.0	0.0	0.0	0.0	0	0.0	0.0	0	0.0	0.0	0.0	0.0	0.0	0	0	0.0	0	0	0.0	0.0	0.0	0.0	0.0	0.0	0.0	0.0	0.0	0.0	0.0	0	0.0	0.0	0	0.0	0.0	0.0	0.0	0.0	0.0	0.0	0.0	0.0	0.0	0.0	0.0	0.0	0	0.0	0	0	0.0	0	0.0	0	0	0.0	0.0	0	0.0	0.0	0	0	0.0	0	0.0	0.0	0	0.0	0.0	0.0	0.0	0	0.0	0.0	0	0.0	0	0.0	0.0	0.0	0.0	0.0
Strain 0-1-1	0	0	0	0	0.0	0	0	0.0	0	0	0	0.0	0	0	0.0	0.0	0.0	0.0	0.0	0.0	0	0	0.0	0.0	0.0	0.0	0.0	0.0	0	0.0	0	0	0	0.0	0	0.0	0.0	0	0.0	0	0.0	0	0.0	0	0.0	0	0	0	0	0.0	0.0	0	0	0	0	0.0	0.0	0	0.0	0.0	0.0	0.0	0.0	0.0	0.0	0.0	0.0	0.0	0	0.0	0	0.0	0	0	0	0.0	0	0.0	0.0	0.0	0.0	0.0	0.0	0	0.0	0.0	0	0.0	0.0	0.0	0.0	0.0	0	0	0.0	0	0	0.0	0.0	0.0	0.0	0.0	0.0	0.0	0.0	0.0	0.0	0.0	0	0.0	0.0	0	0.0	0.0	0.0	0.0	0.0	0.0	0.0	0.0	0.0	0.0	0.0	0.0	0.0	0	0.0	0	0	0.0	0	0.0	0	0	0.0	0.0	0	0.0	0.0	0	0	0.0	0	0.0	0.0	0	0.0	0.0	0.0	0.0	0	0.0	0.0	0	0.0	0	0.0	0.0	0.0	0.0	0.0
Strain 0-1-2	0	0	0	0	0.0	0	0	0.0	0	0	0	0.0	0	0	0.0	0.0	0.0	0.0	0.0	0.0	0	0	0.0	0.0	0.0	0.0	0.0	0.0	0	0.0	0	0	0	0.0	0	0.0	0.0	0	0.0	0	0.0	0	0.0	0	0.0	0	0	0	0	0.0	0.0	0	0	0	0	0.0	0.0	0	0.0	0.0	0.0	0.0	0.0	0.0	0.0	0.0	0.0	0.0	0	0.0	0	0.0	0	0	0	0.0	0	0.0	0.0	0.0	0.0	0.0	0.0	0	0.0	0.0	0	0.0	0.0	0.0	0.0	0.0	0	0	0.0	0	0	0.0	0.0	0.0	0.0	0.0	0.0	0.0	0.0	0.0	0.0	0.0	0	0.0	0.0	0	0.0	0.0	0.0	0.0	0.0	0.0	0.0	0.0	0.0	0.0	0.0	0.0	0.0	0	0.0	0	0	0.0	0	0.0	0	0	0.0	0.0	0	0.0	0.0	0	0	0.0	0	0.0	0.0	0	0.0	0.0	0.0	0.0	0	0.0	0.0	0	0.0	0	0.0	0.0	0.0	0.0	0.0
Strain 0-1-3	0	0	0	0	0.0	0	0	0.0	0	0	0	0.0	0	0	0.0	0.0	0.0	0.0	0.0	0.0	0	0	0.0	0.0	0.0	0.0	0.0	0.0	0	0.0	0	0	0	0.0	0	0.0	0.0	0	0.0	0	0.0	0	0.0	0	0.0	0	0	0	0	0.0	0.0	0	0	0	0	0.0	0.0	0	0.0	0.0	0.0	0.0	0.0	0.0	0.0	0.0	0.0	0.0	0	0.0	0	0.0	0	0	0	0.0	0	0.0	0.0	0.0	0.0	0.0	0.0	0	0.0	0.0	0	0.0	0.0	0.0	0.0	0.0	0	0	0.0	0	0	0.0	0.0	0.0	0.0	0.0	0.0	0.0	0.0	0.0	0.0	0.0	0	0.0	0.0	0	0.0	0.0	0.0	0.0	0.0	0.0	0.0	0.0	0.0	0.0	0.0	0.0	0.0	0	0.0	0	0	0.0	0	0.0	0	0	0.0	0.0	0	0.0	0.0	0	0	0.0	0	0.0	0.0	0	0.0	0.0	0.0	0.0	0	0.0	0.0	0	0.0	0	0.0	0.0	0.0	0.0	0.0
Strain 0-1-4	0	0	0	0	0.0	0	0	0.0	0	0	0	0.0	0	0	0.0	0.0	0.0	0.0	0.0	0.0	0	0	0.0	0.0	0.0	0.0	0.0	0.0	0	0.0	0	0	0	0.0	0	0.0	0.0	0	0.0	0	0.103191	0	0.0	0	0.0	0	0	0	0	0.0	0.0	0	0	0	0	0.0	0.0	0	0.0	0.0	0.0	0.0	0.0	0.07142860000000001	0.0	0.0	0.0	0.0	0	0.0	0	0.0	0	0	0	0.0	0	0.0	0.0	0.0	0.0	0.0	0.0	0	0.0	0.0	0	0.0	0.0	0.0	0.05	0.0	0	0	0.0	0	0	0.0	0.0	0.0	0.0	0.0	0.0	0.0	0.0	0.0	0.0	0.0	0	0.0	0.0	0	0.0	0.0	0.0	0.0	0.0	0.0	0.0	0.0	0.0	0.0	0.0	0.0	0.0	0	0.0	0	0	0.0	0	0.0	0	0	0.0	0.0	0	0.0	0.0	0	0	0.0	0	0.140625	0.0	0	0.0	0.0	0.0	0.0	0	0.0	0.0	0	0.0	0	0.0	0.0	0.0	0.0	0.0
Strain 0-1-5	0	0	0	0	0.0	0	0	0.0	0	0	0	0.0	0	0	0.0	0.0	0.0	0.0	0.0	0.0	0	0	0.0	0.0	0.0	0.0	0.0	0.0	0	0.0	0	0	0	0.0	0	0.0	0.0	0	0.0	0	0.0	0	0.0	0	0.0	0	0	0	0	0.0	0.0	0	0	0	0	0.0	0.0	0	0.0	0.0	0.0	0.0	0.0	0.0	0.0	0.0	0.0	0.0	0	0.0	0	0.0	0	0	0	0.0	0	0.0	0.0	0.0	0.0	0.0	0.0	0	0.0	0.0	0	0.0	0.0	0.0	0.0	0.0	0	0	0.0	0	0	0.0	0.0	0.0	0.0	0.0	0.0	0.0	0.0	0.0	0.0	0.0	0	0.0	0.0	0	0.0	0.0	0.0	0.0	0.0	0.0	0.0	0.0	0.0	0.0	0.0	0.0	0.0	0	0.0	0	0	0.0	0	0.0	0	0	0.0	0.0	0	0.0	0.0	0	0	0.0	0	0.0	0.0	0	0.0	0.0	0.0	0.0	0	0.0	0.0	0	0.0	0	0.0	0.0	0.0	0.0	0.0
Strain 0-1	0	0	0	0	0.0	0	0	0.0	0	0	0	0.0	0	0	0.0	0.0	0.0	0.0	0.0	0.0	0	0	0.0	0.0	0.0	0.0	0.0	0.0	0	0.0	0	0	0	0.0	0	0.0	0.0	0	0.0	0	0.846809	0	0.0	0	0.0	0	0	0	0	0.0	0.0	0	0	0	0	0.0	0.0	0	0.0	0.0	0.0	0.0	0.0	0.9285709999999999	0.0	0.0	0.0	0.0	0	0.0	0	0.0	0	0	0	0.0	0	0.0	0.0	0.0	0.95	0.0	0.0	0	0.0	0.0	0	0.0	0.0	0.0	0.95	0.0	0	0	0.0	0	0	0.0	0.0	0.0	0.0	0.0731053	0.0	0.0	0.0	0.0	0.0	0.0	0	0.0	0.0	0	0.0	0.0	0.0	0.0	0.0	0.0	0.0	0.0	0.0	0.0	0.0	0.0	0.0	0	0.0	0	0	0.0	0	0.0	0	0	0.0	0.0	0	0.0	0.0	0	0	0.0	0	0.859375	0.0	0	0.0	0.0	0.0	0.0	0	0.0	0.0	0	0.0	0	0.0	0.0	0.0	0.0	0.0
Strain 0	1	1	1	1	0.938017	1	1	0.283333	0	0	0	0.0	0	0	0.0	0.0	0.0	0.0	0.0	0.0	0	0	0.0	0.353659	0.374684	0.0	0.917695	0.0	1	0.0	1	1	1	0.0	0	0.0	0.0	0	0.0	0	0.0	0	0.0	0	0.0	0	0	0	0	0.0	0.0	0	0	0	0	0.0	0.0	0	0.0	0.0	0.0	0.0	0.0	0.0	0.0	0.0	0.0	0.0	0	0.0	0	0.0	0	0	0	0.0	0	0.0	0.0	0.0	0.0	0.0	0.0	0	0.0	0.0	0	0.0	0.0	0.0	0.0	0.0	0	0	0.0	0	0	0.0	0.0	0.0	0.0	0.0	0.0	0.0	0.0	0.0	0.0	0.0	0	0.0	0.0	0	0.0	0.0	0.0	0.0	0.0	0.0	0.350468	0.0	0.0	0.0	0.0	0.0	0.0	0	0.0	0	0	0.0	0	0.0	0	0	0.0	0.0	0	0.0	0.0	0	0	0.0	0	0.0	0.0	0	0.0	0.0	0.0	0.0	0	0.0	0.0	0	0.0	0	0.0	0.0	0.0	0.0	0.0
Strain 2-5	0	0	0	0	0.0	0	0	0.0	0	0	0	0.0	0	0	0.0	0.0	0.0	0.0	0.0	0.0	0	0	0.0	0.0	0.0	0.0	0.0	0.0	0	0.0	0	0	0	0.0	0	0.0	0.0	0	0.05	0	0.0	0	0.0	0	0.0	0	0	0	0	0.0	0.0	0	0	0	0	0.0	0.0	0	0.0	0.0	0.0	0.0	0.0	0.0	0.0	0.0	0.0	0.0	0	0.0	0	0.0	0	0	0	0.0	0	0.0	0.0	0.0	0.0	0.0	0.0	0	0.0	0.0	0	0.0	0.0	0.0	0.0	0.0	0	0	0.0	0	0	0.0	0.0	0.0	0.0	0.0	0.0	0.0	0.0	0.0	0.0	0.0	0	0.0	0.0	0	0.0	0.0	0.0	0.0	0.0	0.0	0.0	0.0	0.0	0.0	0.0	0.0	0.0	0	0.0	0	0	0.0	0	0.0	0	0	0.0	0.0	0	0.0	0.0	0	0	0.0	0	0.0	0.0	0	0.0	0.0	0.0	0.0	0	0.0	0.0	0	0.0	0	0.0	0.0	0.0	0.0	0.852941
Strain 3-3	0	0	0	0	0.0	0	0	0.0	0	0	0	0.0	0	0	0.0	0.0	0.0	0.0	0.0	0.0	0	0	0.0	0.0	0.0	0.0	0.0	0.0	0	0.0	0	0	0	0.0	0	0.0	0.0	0	0.0	0	0.0	0	0.0	0	0.0	0	0	0	0	0.0	0.0	0	0	0	0	0.0	0.0	1	0.0	0.0	0.0	0.0	0.0	0.0	0.0	0.0	0.0	0.0	0	0.0	0	0.0	0	0	0	0.0	0	0.0	0.0	0.0	0.0	0.0	0.0	0	0.0	0.0	0	0.0	0.0	0.0	0.0	0.924201	0	0	0.0	0	0	0.0	0.0	0.0	0.0	0.0	0.0	0.0	0.0	0.0	0.0	0.0	0	0.0	0.0	0	0.0	0.0	0.0	0.0	0.0	0.0	0.0	0.0	0.0	0.0	0.0	0.0	0.0	0	0.0	0	0	0.0	0	0.0	0	0	0.0	0.0	0	0.0	0.0	0	0	0.0	0	0.0	0.0	0	0.0	0.0	0.0	0.0	0	0.0	0.0	0	0.0	0	0.0	0.0	0.0	0.0	0.0
Strain 1-3-0	0	0	0	0	0.0	0	0	0.0	0	0	0	0.0	0	0	0.0	0.0	0.0	0.0	0.0	0.0	0	0	0.0	0.0	0.0	0.0	0.0	0.0	0	0.0	0	0	0	0.0	0	0.0	0.0	0	0.0	0	0.0	0	0.0	0	0.0	0	0	0	0	0.0	0.0	0	0	0	0	0.0	0.0	0	0.0	0.0	0.0	0.0	0.0	0.0	0.0	0.0	0.0	0.0	0	0.0	0	0.0	0	0	0	0.0	0	0.0	0.0	0.0	0.0	0.0	0.0	0	0.0	0.0	0	0.0	0.0	0.0	0.0	0.0	0	0	0.0	0	0	0.0	0.0	0.0	0.0	0.0	0.0	0.0	0.0	0.0	0.0	0.0	0	0.0	0.0	0	0.0	0.0	0.0	0.0	0.0	0.0	0.0	0.0	0.0	0.0	0.0	0.0	0.0	0	0.0	0	0	0.0	0	0.0	0	0	0.0	0.0	0	0.0	0.0	0	0	0.0	0	0.0	0.0	0	0.0	0.0	0.0	0.0	0	0.0	0.0	0	0.0	0	0.0	0.0	0.0	0.0	0.0
Strain 1-3-1	0	0	0	0	0.0	0	0	0.0	0	0	0	0.0	0	0	0.0	0.0	0.0	0.0	0.0	0.0	0	0	0.0	0.0	0.0	0.0	0.0	0.0	0	0.0	0	0	0	0.0	0	0.0	0.0	0	0.0	0	0.0	0	0.0	0	0.0	0	0	0	0	0.0	0.0	0	0	0	0	0.0	0.0	0	0.0	0.0	0.0	0.0	0.0	0.0	0.0	0.0	0.0	0.0	0	0.0	0	0.0	0	0	0	0.0	0	0.0	0.0	0.0	0.0	0.0	0.0	0	0.0	0.0	0	0.0	0.0	0.0	0.0	0.0	0	0	0.0	0	0	0.0	0.0	0.0	0.0	0.0	0.0	0.0	0.0	0.0	0.0	0.0	0	0.0	0.0	0	0.0	0.0	0.0	0.0	0.0	0.0	0.0	0.0	0.0	0.0	0.0	0.0	0.0	0	0.0	0	0	0.0	0	0.0	0	0	0.0	0.0	0	0.0	0.0	0	0	0.0	0	0.0	0.0	0	0.0	0.0	0.0	0.0	0	0.0	0.0	0	0.0	0	0.0	0.0	0.0	0.0	0.0
Strain 1-3-2	0	0	0	0	0.0	0	0	0.0	0	0	0	0.0	0	0	0.0	0.0	0.0	0.0	0.0	0.0	0	0	0.0	0.0	0.0	0.0	0.0	0.0	0	0.0	0	0	0	0.8591549999999999	0	0.0	0.0	0	0.0	0	0.0	0	0.0	0	0.0	0	0	0	0	0.0	0.0	0	0	0	0	0.0	0.0	0	0.0	0.0	0.0	0.0	0.0	0.0	0.0	0.0	0.0	0.0	0	0.0	0	0.0	0	0	0	0.0	0	0.0	0.0	0.0	0.0	0.0	0.0	0	0.0	0.0	0	0.0	0.0	0.0	0.0	0.0	0	0	0.0	0	0	0.0	0.0	0.0	0.0	0.0	0.0	0.0	0.0	0.0	0.0	0.0	0	0.0924631	0.0	0	0.0	0.0	0.0	0.0	0.0	0.0	0.0	0.0	0.0	0.0	0.0	0.0	0.0	0	0.0	0	0	0.0	0	0.0	0	0	0.0	0.0	0	0.0	0.0	0	0	0.0	0	0.0	0.0	0	0.0	0.0	0.0	0.0	0	0.0	0.0	0	0.0	0	0.0	0.0	0.0	0.0	0.0
Strain 1-3-3	0	0	0	0	0.0	0	0	0.0	0	0	0	0.0	0	0	0.0	0.0	0.0	0.0	0.0	0.0	0	0	0.0	0.0	0.0	0.0	0.0	0.0	0	0.0	0	0	0	0.0	0	0.0	0.0	0	0.0	0	0.0	0	0.0	0	0.0	0	0	0	0	0.0	0.0	0	0	0	0	0.0	0.0	0	0.0	0.0	0.0	0.0	0.0	0.0	0.0	0.0	0.0	0.0	0	0.0	0	0.0	0	0	0	0.0	0	0.0	0.0	0.0	0.0	0.0	0.0737552	0	0.0	0.0	0	0.0	0.0	0.0	0.0	0.0	0	0	0.0	0	0	0.0	0.0	0.0	0.0	0.0	0.0	0.0	0.0	0.0	0.0	0.0	0	0.0	0.0	0	0.0	0.0	0.0	0.0	0.0	0.0	0.0	0.0	0.0	0.0	0.0	0.0	0.0	0	0.0	0	0	0.0	0	0.0	0	0	0.0	0.0	0	0.0	0.0	0	0	0.0	0	0.0	0.0	0	0.0	0.0	0.0	0.0	0	0.0	0.0	0	0.0	0	0.0	0.0	0.0	0.0	0.0
Strain 1-3-4	0	0	0	0	0.0	0	0	0.0	0	0	0	0.0	0	0	0.0	0.0	0.0	0.242152	0.0	0.186667	0	0	0.0	0.0	0.0	0.0	0.0	0.0	0	0.0	0	0	0	0.0	0	0.255319	0.234783	0	0.0	0	0.0	0	0.0	0	0.061946900000000006	0	0	0	0	0.0	0.0	0	0	0	0	0.0	0.0	0	0.0	0.12173900000000001	0.181818	0.43103400000000003	0.195122	0.0	0.0	0.25	0.0	0.0	0	0.333333	0	0.291667	0	0	0	0.21875	0	0.37037	0.333333	0.24	0.0	0.0	0.0	0	0.266667	0.204545	0	0.156522	0.0	0.227273	0.0	0.0	0	0	0.0	0	0	0.0	0.191667	0.16911800000000002	0.19858199999999998	0.0	0.0	0.0	0.0	0.0	0.190141	0.0	0	0.0	0.24285700000000002	0	0.0	0.0	0.203008	0.174825	0.0	0.0	0.0	0.0	0.140741	0.059322	0.0	0.0	0.174757	0	0.0	0	0	0.0	0	0.0	0	0	0.0	0.12598399999999998	0	0.13559300000000002	0.0	0	0	0.13913	0	0.0	0.0	0	0.0	0.171171	0.0792079	0.21739099999999997	0	0.12621400000000002	0.172727	0	0.0	0	0.0	0.157407	0.0	0.0803571	0.0
Strain 1-3-5	0	0	0	0	0.0	0	0	0.0	0	0	0	0.05	0	0	0.0987654	0.0704225	0.0	0.0	0.0	0.0	0	0	0.0	0.0	0.0	0.0	0.0	0.0	0	0.0	0	0	0	0.0	0	0.0	0.0	0	0.0	0	0.0	0	0.0	0	0.0	0	0	0	0	0.0	0.0	0	0	0	0	0.0	0.0	0	0.0	0.0	0.0	0.0	0.0	0.0	0.0	0.0	0.0	0.0	0	0.0	0	0.0	0	0	0	0.0	0	0.0	0.0	0.0	0.0	0.0	0.0	0	0.0	0.05	0	0.0	0.0	0.0	0.0	0.0	0	0	0.0	0	0	0.0	0.0	0.0	0.0	0.0	0.0	0.0	0.0	0.0	0.0	0.0	0	0.0	0.0	0	0.0	0.0	0.0	0.0	0.0	0.0	0.0	0.0	0.0	0.0	0.0	0.0	0.0	0	0.0	0	0	0.0	0	0.0	0	0	0.0	0.0	0	0.0	0.0	0	0	0.0	0	0.0	0.0	0	0.0	0.0	0.0	0.0	0	0.0	0.0	0	0.0	0	0.0	0.0	0.0	0.0	0.0
Strain 1-3	0	0	0	0	0.0	0	0	0.0	0	1	0	0.95	1	1	0.901235	0.0814762	0.0921053	0.757848	0.0	0.813333	0	0	0.95	0.0	0.0	0.0	0.0	0.0	0	0.0	0	0	0	0.0	0	0.744681	0.765217	0	0.0	0	0.0	0	0.0	0	0.938053	0	0	0	0	0.0	0.0	0	0	0	0	0.0	0.0	0	0.0	0.8782610000000001	0.818182	0.568966	0.804878	0.0	0.0	0.75	0.0	0.0	0	0.666667	0	0.708333	0	0	0	0.78125	0	0.62963	0.666667	0.76	0.0	0.0	0.20689699999999997	0	0.733333	0.745455	0	0.8434780000000001	0.0	0.772727	0.0	0.0	0	0	0.0	0	0	0.0	0.808333	0.830882	0.8014180000000001	0.0	0.0	0.0	0.0	0.0	0.809859	0.0	0	0.0	0.757143	0	0.0	0.0	0.796992	0.825175	0.0	0.0	0.0	0.0	0.859259	0.940678	0.0	0.0	0.8252430000000001	0	0.0	0	0	0.0	0	0.0	0	0	0.0	0.874016	0	0.8644069999999999	0.0	0	0	0.86087	0	0.0	0.0	0	0.0	0.828829	0.920792	0.782609	0	0.8737860000000001	0.8272729999999999	0	0.0	0	0.814236	0.842593	0.0	0.919643	0.0
Strain 2-3	0	0	0	0	0.0	0	0	0.0	0	0	0	0.0	0	0	0.0	0.0	0.0	0.0	0.895833	0.0	0	0	0.0	0.0	0.0	0.0	0.0	0.0	0	0.0	0	0	0	0.0	0	0.0	0.0	0	0.0	0	0.0	0	0.0	0	0.0	0	0	0	0	0.0	0.0	0	0	0	0	0.0	0.0	0	0.0	0.0	0.0	0.0	0.0	0.0	0.0	0.0	0.0	0.0	0	0.0	0	0.0	0	0	0	0.0	0	0.0	0.0	0.0	0.0	0.0	0.0	0	0.0	0.0	0	0.0	0.0	0.0	0.0	0.0	0	0	0.0	0	0	0.0	0.0	0.0	0.0	0.0	0.0	0.0	0.0	0.945578	0.0	0.0	0	0.0	0.0	0	0.0	0.0	0.0	0.0	0.0	0.9424459999999999	0.0	0.0	0.0	0.0	0.275862	0.0	0.0	0	0.0	0	0	0.0	0	0.0	0	0	0.0	0.0	0	0.0	0.0	0	1	0.0	0	0.0	0.0	0	0.0	0.0	0.0	0.0	0	0.0	0.0	0	0.0	0	0.0	0.0	0.0	0.0	0.0
Strain 1-1-0	0	0	0	0	0.0	0	0	0.0	0	0	0	0.0	0	0	0.0	0.0	0.0	0.0	0.0	0.0	0	0	0.0	0.0	0.0	0.0	0.0	0.0	0	0.0	0	0	0	0.0	0	0.0	0.0	0	0.0	0	0.0	0	0.0	0	0.0	0	0	0	0	0.0	0.0	0	0	0	0	0.0	0.0	0	0.0	0.0	0.0	0.0	0.0	0.0	0.0	0.0	0.0	0.0	0	0.0	0	0.0	0	0	0	0.0	0	0.0	0.0	0.0	0.0	0.0	0.0	0	0.0	0.0	0	0.0	0.0	0.0	0.0	0.0	0	0	0.0	0	0	0.0	0.0	0.0	0.0	0.0	0.0	0.0	0.0	0.0	0.0	0.0	0	0.0	0.0	0	0.0	0.0	0.0	0.0	0.0	0.0	0.0	0.0	0.0	0.0	0.0	0.0	0.0	0	0.0	0	0	0.0	0	0.0	0	0	0.0	0.0	0	0.0	0.0	0	0	0.0	0	0.0	0.0	0	0.0	0.0	0.0	0.0	0	0.0	0.0	0	0.0	0	0.0	0.0	0.0	0.0	0.0
Strain 1-1-1	0	0	0	0	0.0	0	0	0.0	0	0	0	0.0	0	0	0.0	0.0	0.0	0.0	0.0	0.0	0	0	0.0	0.0	0.0	0.0	0.0	0.0	0	0.05	0	0	0	0.0	0	0.0	0.0	0	0.0	0	0.0	0	0.0	0	0.0	0	0	0	0	0.0	0.0	0	0	0	0	0.0	0.0	0	0.0	0.0	0.0	0.0	0.0	0.0	0.0	0.0	0.0	0.0	0	0.0	0	0.0	0	0	0	0.0	0	0.0	0.0	0.0	0.0	0.0	0.0	0	0.0	0.0	0	0.0	0.0	0.0	0.0	0.0	0	0	0.0	0	0	0.0	0.0	0.0	0.0	0.0	0.0	0.0	0.0	0.0	0.0	0.0	0	0.0	0.0	0	0.0	0.0	0.0	0.0	0.0	0.0	0.0	0.0	0.0	0.0	0.0	0.0	0.0	0	0.0	0	0	0.0	0	0.0	0	0	0.0	0.0	0	0.0	0.0	0	0	0.0	0	0.0	0.0	0	0.0	0.0	0.0	0.0	0	0.0	0.0	0	0.0	0	0.0	0.0	0.0	0.0	0.0
Strain 1-1-2	0	0	0	0	0.0	0	0	0.0	0	0	0	0.0	0	0	0.0	0.0	0.0	0.0	0.0	0.0	0	0	0.0	0.0	0.0	0.0	0.0	0.0	0	0.0	0	0	0	0.0	0	0.0	0.0	0	0.0	0	0.0	0	0.0	0	0.0	0	0	0	0	0.0	0.0	0	0	0	0	0.0	0.0	0	0.0	0.0	0.0	0.0	0.0	0.0	0.0	0.0	0.0	0.0	0	0.0	0	0.0	0	0	0	0.0	0	0.0	0.0	0.0	0.0	0.0	0.0	0	0.0	0.0	0	0.0	0.0	0.0	0.0	0.0	0	0	0.0	0	0	0.0	0.0	0.0	0.0	0.0	0.0	0.0	0.0	0.0	0.0	0.0	0	0.0	0.0	0	0.0	0.0	0.0	0.0	0.0	0.0	0.0	0.0	0.0	0.0	0.0	0.0	0.0	0	0.0	0	0	0.0	0	0.0	0	0	0.0	0.0	0	0.0	0.0	0	0	0.0	0	0.0	0.0	0	0.0	0.0	0.0	0.0	0	0.0	0.0	0	0.0	0	0.0	0.0	0.0	0.0	0.0
Strain 1-1-3	0	0	0	0	0.0	0	0	0.0	0	0	0	0.0	0	0	0.0	0.0	0.0	0.0	0.0	0.0	0	0	0.0	0.0	0.0	0.0	0.0	0.0	0	0.11111099999999999	0	0	0	0.0	0	0.0	0.0	0	0.0	0	0.0	0	0.0	0	0.0	0	0	0	0	0.0	0.0	0	0	0	0	0.0	0.0	0	0.0	0.0	0.0	0.0	0.0	0.0	0.0	0.0	0.0	0.0	0	0.0	0	0.0	0	0	0	0.0	0	0.0	0.0	0.0	0.0	0.0	0.0	0	0.0	0.0	0	0.0	0.0	0.0	0.0	0.0	0	0	0.0	0	0	0.0	0.0	0.0	0.0	0.0	0.0	0.0	0.0	0.0	0.0	0.0	0	0.0	0.0	0	0.0	0.0	0.0	0.0	0.0	0.0	0.0	0.0	0.0	0.0	0.0	0.0	0.0	0	0.0	0	0	0.0	0	0.0	0	0	0.0	0.0	0	0.0	0.0	0	0	0.0	0	0.0	0.0	0	0.0	0.0	0.0	0.0	0	0.0	0.0	0	0.0	0	0.0	0.0	0.0	0.0	0.0
Strain 1-1-4	0	0	0	0	0.0	0	0	0.0	0	0	0	0.0	0	0	0.0	0.0	0.0	0.0	0.0	0.0	0	0	0.0	0.0	0.0	0.0	0.0	0.0	0	0.0	0	0	0	0.0	0	0.0	0.0	0	0.0	0	0.0	0	0.0	0	0.0	0	0	0	0	0.0	0.0	0	0	0	0	0.0	0.0	0	0.0	0.0	0.0	0.0	0.0	0.0	0.0	0.0	0.0	0.0	0	0.0	0	0.0	0	0	0	0.0	0	0.0	0.0	0.0	0.0	0.0	0.0	0	0.0	0.0	0	0.0	0.0	0.0	0.0	0.0	0	0	0.0	0	0	0.0	0.0	0.0	0.0	0.0	0.0	0.0	0.0	0.0	0.0	0.0	0	0.0	0.0	0	0.0	0.0	0.0	0.0	0.0	0.0	0.0	0.0	0.0	0.0	0.0	0.0	0.0	0	0.0	0	0	0.0	0	0.0	0	0	0.0	0.0	0	0.0	0.0	0	0	0.0	0	0.0	0.0	0	0.0	0.0	0.0	0.0	0	0.0	0.0	0	0.0	0	0.0	0.0	0.0	0.0	0.0
Strain 1-1-5	0	0	0	0	0.0	0	0	0.0	0	0	0	0.0	0	0	0.0	0.0	0.0	0.0	0.0	0.0	0	0	0.0	0.0	0.0	0.0	0.0	0.0	0	0.190476	0	0	0	0.0	0	0.0	0.0	0	0.0	0	0.0	0	0.0	0	0.0	0	0	0	0	0.0	0.0	0	0	0	0	0.0	0.0	0	0.0	0.0	0.0	0.0	0.0	0.0	0.0	0.0	0.0	0.0	0	0.0	0	0.0	0	0	0	0.0	0	0.0	0.0	0.0	0.0	0.0	0.0	0	0.0	0.0	0	0.0	0.0	0.0	0.0	0.0	0	0	0.0	0	0	0.0	0.0	0.0	0.0	0.0	0.0	0.0	0.0	0.0	0.0	0.0	0	0.0	0.0	0	0.0	0.0	0.0	0.0	0.0	0.0	0.0	0.0	0.0	0.0	0.0	0.0	0.0	0	0.0	0	0	0.0	0	0.0	0	0	0.0	0.0	0	0.0	0.0	0	0	0.0	0	0.0	0.0	0	0.0	0.0	0.0	0.0	0	0.0	0.0	0	0.0	0	0.0	0.0	0.0	0.0	0.0
Strain 1-1-6	0	0	0	0	0.0	0	0	0.0	0	0	0	0.0	0	0	0.0	0.0	0.0	0.0	0.0	0.0	0	0	0.0	0.0	0.0	0.0	0.0	0.0	0	0.0	0	0	0	0.0	0	0.0	0.0	0	0.0	0	0.0	0	0.0	0	0.0	0	0	0	0	0.0	0.0	0	0	0	0	0.0	0.0	0	0.0	0.0	0.0	0.0	0.0	0.0	0.0	0.0	0.0	0.0	0	0.0	0	0.0	0	0	0	0.0	0	0.0	0.0	0.0	0.0	0.0	0.0	0	0.0	0.0	0	0.0	0.0	0.0	0.0	0.0	0	0	0.0	0	0	0.0	0.0	0.0	0.0	0.0	0.0	0.0	0.0	0.0	0.0	0.0	0	0.0	0.0	0	0.0	0.0	0.0	0.0	0.0	0.0	0.0	0.0	0.0	0.0	0.0	0.0	0.0	0	0.0	0	0	0.0	0	0.0	0	0	0.0	0.0	0	0.0	0.0	0	0	0.0	0	0.0	0.0	0	0.0	0.0	0.0	0.0	0	0.0	0.0	0	0.0	0	0.0	0.0	0.0	0.0	0.0
Strain 1-1-7	0	0	0	0	0.0	0	0	0.0	0	0	0	0.0	0	0	0.0	0.0	0.0	0.0	0.0	0.0	0	0	0.0	0.0	0.0	0.0	0.0	0.0	0	0.0	0	0	0	0.0	0	0.0	0.0	0	0.0	0	0.0	0	0.0	0	0.0	0	0	0	0	0.0	0.0	0	0	0	0	0.0	0.0	0	0.0	0.0	0.0	0.0	0.0	0.0	0.0	0.0	0.0	0.0	0	0.0	0	0.0	0	0	0	0.0	0	0.0	0.0	0.0	0.0	0.0	0.0	0	0.0	0.0	0	0.0	0.0	0.0	0.0	0.0	0	0	0.0	0	0	0.0	0.0	0.0	0.0	0.0	0.0	0.0	0.0	0.0	0.0	0.0	0	0.0	0.0	0	0.0	0.0	0.0	0.0	0.0	0.0	0.0	0.0	0.0	0.0	0.0	0.0	0.0	0	0.0	0	0	0.0	0	0.0	0	0	0.0	0.0	0	0.0	0.0	0	0	0.0	0	0.0	0.0	0	0.0	0.0	0.0	0.0	0	0.0	0.0	0	0.0	0	0.0	0.0	0.0	0.0	0.0
Strain 1-1-8	0	0	0	0	0.0	0	0	0.0	0	0	0	0.0	0	0	0.0	0.0	0.0	0.0	0.0	0.0	0	0	0.0	0.0	0.0	0.0	0.0	0.0	0	0.0	0	0	0	0.0	0	0.0	0.0	0	0.0	0	0.0	0	0.0	0	0.0	0	0	0	0	0.0	0.0	0	0	0	0	0.0	0.0	0	0.0	0.0	0.0	0.0	0.0	0.0	0.0	0.0	0.0	0.0	0	0.0	0	0.0	0	0	0	0.0	0	0.0	0.0	0.0	0.0	0.0	0.0	0	0.0	0.0	0	0.0	0.0	0.0	0.0	0.0	0	0	0.0	0	0	0.0	0.0	0.0	0.0	0.0	0.0	0.0	0.0	0.0	0.0	0.0	0	0.0	0.0	0	0.0	0.0	0.0	0.0	0.0	0.0	0.0	0.0	0.0	0.0	0.0	0.0	0.0	0	0.0	0	0	0.0	0	0.0	0	0	0.0	0.0	0	0.0	0.0	0	0	0.0	0	0.0	0.0	0	0.0	0.0	0.0	0.0	0	0.0	0.0	0	0.0	0	0.0	0.0	0.0	0.0	0.0
Strain 1-1-9	0	0	0	0	0.0	0	0	0.0	0	0	0	0.0	0	0	0.0	0.0	0.0	0.0	0.0	0.0	0	0	0.0	0.0	0.0	0.0	0.0	0.0	0	0.0	0	0	0	0.0	0	0.0	0.0	0	0.0	0	0.0	0	0.0	0	0.0	0	0	0	0	0.0	0.0	0	0	0	0	0.0	0.0	0	0.0	0.0	0.0	0.0	0.0	0.0	0.0	0.0	0.0	0.0	0	0.0	0	0.0	0	0	0	0.0	0	0.0	0.0	0.0	0.0	0.0	0.0	0	0.0	0.0	0	0.0	0.0	0.0	0.0	0.0	0	0	0.0	0	0	0.0	0.0	0.0	0.0	0.0	0.0	0.0	0.0	0.0	0.0	0.0	0	0.0	0.0	0	0.0	0.0	0.0	0.0	0.0	0.0	0.0	0.0	0.0	0.0	0.0	0.0	0.0	0	0.0	0	0	0.0	0	0.0	0	0	0.0	0.0	0	0.0	0.0	0	0	0.0	0	0.0	0.0	0	0.0	0.0	0.0	0.0	0	0.0	0.0	0	0.0	0	0.0	0.0	0.0	0.0	0.0
Strain 1-1-10	0	0	0	0	0.0	0	0	0.0	0	0	0	0.0	0	0	0.0	0.0	0.0	0.0	0.0	0.0	0	0	0.0	0.0	0.0	0.0	0.0	0.0	0	0.0	0	0	0	0.0	0	0.0	0.0	0	0.0	0	0.0	0	0.0	0	0.0	0	0	0	0	0.0	0.0	0	0	0	0	0.0	0.0	0	0.0	0.0	0.0	0.0	0.0	0.0	0.0	0.0	0.0	0.0	0	0.0	0	0.0	0	0	0	0.0	0	0.0	0.0	0.0	0.0	0.0	0.0	0	0.0	0.0	0	0.0	0.0	0.0	0.0	0.0	0	0	0.0	0	0	0.0	0.0	0.0	0.0	0.0	0.0	0.0	0.0	0.0	0.0	0.0	0	0.0	0.0	0	0.0	0.0	0.0	0.0	0.0	0.0	0.0	0.0	0.0	0.0	0.0	0.0	0.0	0	0.0	0	0	0.0	0	0.0	0	0	0.0	0.0	0	0.0	0.0	0	0	0.0	0	0.0	0.0	0	0.0	0.0	0.0	0.0	0	0.0	0.0	0	0.0	0	0.0	0.0	0.0	0.0	0.0
Strain 1-1-11	0	0	0	0	0.0	0	0	0.0	0	0	0	0.0	0	0	0.0	0.0	0.0	0.0	0.0	0.0	0	0	0.0	0.0	0.0	0.0	0.0	0.0	0	0.0	0	0	0	0.0	0	0.0	0.0	0	0.0	0	0.0	0	0.0	0	0.0	0	0	0	0	0.0	0.0	0	0	0	0	0.0	0.0	0	0.0	0.0	0.0	0.0	0.0	0.0	0.0	0.0	0.0	0.0	0	0.0	0	0.0	0	0	0	0.0	0	0.0	0.0	0.0	0.0	0.0	0.0	0	0.0	0.0	0	0.0	0.0	0.0	0.0	0.0	0	0	0.0	0	0	0.0	0.0	0.0	0.0	0.0	0.0	0.0	0.0	0.0	0.0	0.0	0	0.0	0.0	0	0.0	0.0	0.0	0.0	0.0	0.0	0.0	0.0	0.0	0.0	0.0	0.0	0.0	0	0.0	0	0	0.0	0	0.0	0	0	0.0	0.0	0	0.0	0.0	0	0	0.0	0	0.0	0.0	0	0.0	0.0	0.0	0.0	0	0.0	0.0	0	0.0	0	0.0	0.0	0.0	0.0	0.0
Strain 1-1-12	0	0	0	0	0.0	0	0	0.0	0	0	0	0.0	0	0	0.0	0.0	0.0	0.0	0.0	0.0	0	0	0.0	0.0	0.0	0.0	0.0	0.0	0	0.0	0	0	0	0.0	0	0.0	0.0	0	0.0	0	0.0	0	0.0	0	0.0	0	0	0	0	0.0	0.0	0	0	0	0	0.0	0.0	0	0.0	0.0	0.0	0.0	0.0	0.0	0.0	0.0	0.0	0.0	0	0.0	0	0.0	0	0	0	0.0	0	0.0	0.0	0.0	0.0	0.0	0.0	0	0.0	0.0	0	0.0	0.0	0.0	0.0	0.0	0	0	0.0	0	0	0.0	0.0	0.0	0.0	0.0	0.0	0.0	0.0	0.0	0.0	0.0	0	0.0	0.0	0	0.0	0.0	0.0	0.0	0.0	0.0	0.0	0.0	0.0	0.0	0.0	0.0	0.0	0	0.0	0	0	0.0	0	0.0	0	0	0.0	0.0	0	0.0	0.0	0	0	0.0	0	0.0	0.0	0	0.0	0.0	0.0	0.0	0	0.0	0.0	0	0.0	0	0.0	0.0	0.0	0.0	0.0
Strain 1-1-13	0	0	0	0	0.0	0	0	0.0	0	0	0	0.0	0	0	0.0	0.0	0.0	0.0	0.0	0.0	0	0	0.0	0.0	0.0	0.0	0.0	0.0	0	0.0	0	0	0	0.0	0	0.0	0.0	0	0.0	0	0.0	0	0.0	0	0.0	0	0	0	0	0.0	0.0	0	0	0	0	0.0	0.0	0	0.0	0.0	0.0	0.0	0.0	0.0	0.0	0.0	0.0	0.0	0	0.0	0	0.0	0	0	0	0.0	0	0.0	0.0	0.0	0.0	0.0	0.0	0	0.0	0.0	0	0.0	0.0	0.0	0.0	0.0	0	0	0.0	0	0	0.0	0.0	0.0	0.0	0.0	0.0	0.0	0.0	0.0	0.0	0.0	0	0.0	0.0	0	0.0	0.0	0.0	0.0	0.0	0.0	0.0	0.0	0.0	0.0	0.0	0.0	0.0	0	0.0	0	0	0.0	0	0.0	0	0	0.0	0.0	0	0.0	0.0	0	0	0.0	0	0.0	0.0	0	0.0	0.0	0.0	0.0	0	0.0	0.0	0	0.0	0	0.0	0.0	0.0	0.0	0.0
Strain 1-1-14	0	0	0	0	0.0	0	0	0.0	0	0	0	0.0	0	0	0.0	0.0	0.0	0.0	0.0	0.0	0	0	0.0	0.0	0.0	0.0	0.0	0.0	0	0.0	0	0	0	0.0	0	0.0	0.0	0	0.0	0	0.0	0	0.0	0	0.0	0	0	0	0	0.0	0.0	0	0	0	0	0.0	0.0	0	0.0	0.0	0.0	0.0	0.0	0.0	0.0	0.0	0.0	0.0	0	0.0	0	0.0	0	0	0	0.0	0	0.0	0.0	0.0	0.0	0.0	0.0	0	0.0	0.0	0	0.0	0.0	0.0	0.0	0.0	0	0	0.0	0	0	0.0	0.0	0.0	0.0	0.0	0.0	0.0	0.0	0.0	0.0	0.0	0	0.0	0.0	0	0.0	0.0	0.0	0.0	0.0	0.0	0.0	0.0	0.0	0.0	0.0	0.0	0.0	0	0.0	0	0	0.0	0	0.0	0	0	0.0	0.0	0	0.0	0.0	0	0	0.0	0	0.0	0.0	0	0.0	0.0	0.0	0.0	0	0.0	0.0	0	0.0	0	0.0	0.0	0.0	0.0	0.0
Strain 1-1-15	0	0	0	0	0.0	0	0	0.0	0	0	0	0.0	0	0	0.0	0.0	0.0	0.0	0.0	0.0	0	0	0.0	0.0	0.0	0.0	0.0	0.0	0	0.0	0	0	0	0.0	0	0.0	0.0	0	0.0	0	0.0	0	0.0	0	0.0	0	0	0	0	0.0	0.0	0	0	0	0	0.0	0.0	0	0.0	0.0	0.0	0.0	0.0	0.0	0.0	0.0	0.0	0.0	0	0.0	0	0.0	0	0	0	0.0	0	0.0	0.0	0.0	0.0	0.0	0.0	0	0.0	0.0	0	0.0	0.0	0.0	0.0	0.0	0	0	0.0	0	0	0.0	0.0	0.0	0.0	0.0	0.0	0.0	0.0	0.0	0.0	0.0	0	0.0	0.0	0	0.0	0.0	0.0	0.0	0.0	0.0	0.0	0.0	0.0	0.0	0.0	0.0	0.0	0	0.0	0	0	0.0	0	0.0	0	0	0.0	0.0	0	0.0	0.0	0	0	0.0	0	0.0	0.0	0	0.0	0.0	0.0	0.0	0	0.0	0.0	0	0.0	0	0.0	0.0	0.0	0.0	0.0
Strain 1-1-16	0	0	0	0	0.0	0	0	0.0	0	0	0	0.0	0	0	0.0	0.0	0.0	0.0	0.0	0.0	0	0	0.0	0.0	0.0	0.0	0.0	0.0	0	0.0	0	0	0	0.0	0	0.0	0.0	0	0.0	0	0.0	0	0.0	0	0.0	0	0	0	0	0.0	0.0	0	0	0	0	0.0	0.0	0	0.0	0.0	0.0	0.0	0.0	0.0	0.0	0.0	0.0	0.0	0	0.0	0	0.0	0	0	0	0.0	0	0.0	0.0	0.0	0.0	0.0	0.0	0	0.0	0.0	0	0.0	0.0	0.0	0.0	0.0	0	0	0.0	0	0	0.0	0.0	0.0	0.0	0.0	0.0	0.0	0.0	0.0	0.0	0.0	0	0.0	0.0	0	0.0	0.0	0.0	0.0	0.0	0.0	0.0	0.0	0.0	0.0	0.0	0.0	0.0	0	0.0	0	0	0.0	0	0.0	0	0	0.0	0.0	0	0.0	0.0	0	0	0.0	0	0.0	0.0	0	0.0	0.0	0.0	0.0	0	0.0	0.0	0	0.0	0	0.0	0.0	0.0	0.0	0.0
Strain 1-1-17	0	0	0	0	0.0	0	0	0.0	0	0	0	0.0	0	0	0.0	0.0	0.0	0.0	0.0	0.0	0	0	0.0	0.0	0.0	0.0	0.0	0.0	0	0.0	0	0	0	0.0	0	0.0	0.0	0	0.0	0	0.0	0	0.0	0	0.0	0	0	0	0	0.0	0.0	0	0	0	0	0.0	0.0	0	0.0	0.0	0.0	0.0	0.0	0.0	0.0	0.0	0.0	0.0	0	0.0	0	0.0	0	0	0	0.0	0	0.0	0.0	0.0	0.0	0.0	0.0	0	0.0	0.0	0	0.0	0.0	0.0	0.0	0.0	0	0	0.0	0	0	0.0	0.0	0.0	0.0	0.0	0.0	0.0	0.0	0.0	0.0	0.0	0	0.0	0.0	0	0.0	0.0	0.0	0.0	0.0	0.0	0.0	0.0	0.0	0.0	0.0	0.0	0.0	0	0.0	0	0	0.0	0	0.0	0	0	0.0	0.0	0	0.0	0.0	0	0	0.0	0	0.0	0.0	0	0.0	0.0	0.0	0.0	0	0.0	0.0	0	0.0	0	0.0	0.0	0.0	0.0	0.0
Strain 1-1-18	0	0	0	0	0.0	0	0	0.0	0	0	0	0.0	0	0	0.0	0.0	0.0	0.0	0.0	0.0	0	0	0.0	0.0	0.0	0.0	0.0	0.0	0	0.0	0	0	0	0.0	0	0.0	0.0	0	0.0	0	0.0	0	0.0	0	0.0	0	0	0	0	0.0	0.0	0	0	0	0	0.0	0.0	0	0.0	0.0	0.0	0.0	0.0	0.0	0.0	0.0	0.0	0.0	0	0.0	0	0.0	0	0	0	0.0	0	0.0	0.0	0.0	0.0	0.0	0.0	0	0.0	0.0	0	0.0	0.0	0.0	0.0	0.0	0	0	0.0	0	0	0.0	0.0	0.0	0.0	0.0	0.0	0.0	0.0	0.0	0.0	0.0	0	0.0	0.0	0	0.0	0.0	0.0	0.0	0.0	0.0	0.0	0.0	0.0	0.0	0.0	0.0	0.0	0	0.0	0	0	0.0	0	0.0	0	0	0.0	0.0	0	0.0	0.0	0	0	0.0	0	0.0	0.0	0	0.0	0.0	0.0	0.0	0	0.0	0.0	0	0.0	0	0.0	0.0	0.0	0.0	0.0
Strain 1-1-19	0	0	0	0	0.0	0	0	0.0	0	0	0	0.0	0	0	0.0	0.0	0.0	0.0	0.0	0.0	0	0	0.0	0.0	0.0	0.0	0.0	0.0	0	0.0	0	0	0	0.0	0	0.0	0.0	0	0.0	0	0.0	0	0.0	0	0.0	0	0	0	0	0.0	0.0	0	0	0	0	0.0	0.0	0	0.0	0.0	0.0	0.0	0.0	0.0	0.0	0.0	0.0	0.0	0	0.0	0	0.0	0	0	0	0.0	0	0.0	0.0	0.0	0.0	0.0	0.0	0	0.0	0.0	0	0.0	0.0	0.0	0.0	0.0	0	0	0.0	0	0	0.0	0.0	0.0	0.0	0.0	0.0	0.0	0.0	0.0	0.0	0.0	0	0.0	0.0	0	0.0	0.0	0.0	0.0	0.0	0.0	0.0	0.0	0.0	0.0	0.0	0.0	0.0	0	0.0	0	0	0.0	0	0.0	0	0	0.0	0.0	0	0.0	0.0	0	0	0.0	0	0.0	0.0	0	0.0	0.0	0.0	0.0	0	0.0	0.0	0	0.0	0	0.0	0.0	0.0	0.0	0.0
Strain 1-1-20	0	0	0	0	0.0	0	0	0.0	0	0	0	0.0	0	0	0.0	0.0	0.0	0.0	0.0	0.0	0	0	0.0	0.0	0.0	0.0	0.0	0.0	0	0.0	0	0	0	0.0	0	0.0	0.0	0	0.0	0	0.0	0	0.0	0	0.0	0	0	0	0	0.0	0.0	0	0	0	0	0.0	0.0	0	0.0	0.0	0.0	0.0	0.0	0.0	0.0	0.0	0.0	0.0	0	0.0	0	0.0	0	0	0	0.0	0	0.0	0.0	0.0	0.0	0.0	0.0	0	0.0	0.0	0	0.0	0.0	0.0	0.0	0.0	0	0	0.0	0	0	0.0	0.0	0.0	0.0	0.0	0.0	0.0	0.0	0.0	0.0	0.0	0	0.0	0.0	0	0.0	0.0	0.0	0.0	0.0	0.0	0.0	0.0	0.0	0.0	0.0	0.0	0.0	0	0.0	0	0	0.0	0	0.0	0	0	0.0	0.0	0	0.0	0.0	0	0	0.0	0	0.0	0.0	0	0.0	0.0	0.0	0.0	0	0.0	0.0	0	0.0	0	0.0	0.0	0.0	0.0	0.0
Strain 1-1-21	0	0	0	0	0.0	0	0	0.0	0	0	0	0.0	0	0	0.0	0.0	0.0	0.0	0.0	0.0	0	0	0.0	0.0	0.0	0.0	0.0	0.0	0	0.0	0	0	0	0.0	0	0.0	0.0	0	0.0	0	0.0	0	0.0	0	0.0	0	0	0	0	0.0	0.0	0	0	0	0	0.0	0.0	0	0.0	0.0	0.0	0.0	0.0	0.0	0.0	0.0	0.0	0.0	0	0.0	0	0.0	0	0	0	0.0	0	0.0	0.0	0.0	0.0	0.0	0.0	0	0.0	0.0	0	0.0	0.0	0.0	0.0	0.0	0	0	0.0	0	0	0.0	0.0	0.0	0.0	0.0	0.0	0.0	0.0	0.0	0.0	0.0	0	0.0	0.0	0	0.0	0.0	0.0	0.0	0.0	0.0	0.0	0.0	0.0	0.0	0.0	0.0	0.0	0	0.0	0	0	0.0	0	0.0	0	0	0.0	0.0	0	0.0	0.0	0	0	0.0	0	0.0	0.0	0	0.0	0.0	0.0	0.0	0	0.0	0.0	0	0.0	0	0.0	0.0	0.0	0.0	0.0
Strain 1-1-22	0	0	0	0	0.0	0	0	0.0	0	0	0	0.0	0	0	0.0	0.0	0.0	0.0	0.0	0.0	0	0	0.0	0.0	0.0	0.0	0.0	0.0	0	0.0	0	0	0	0.0	0	0.0	0.0	0	0.0	0	0.0	0	0.0	0	0.0	0	0	0	0	0.0	0.0	0	0	0	0	0.0	0.0	0	0.0	0.0	0.0	0.0	0.0	0.0	0.0	0.0	0.0	0.0	0	0.0	0	0.0	0	0	0	0.0	0	0.0	0.0	0.0	0.0	0.0	0.0	0	0.0	0.0	0	0.0	0.0	0.0	0.0	0.0	0	0	0.0	0	0	0.0	0.0	0.0	0.0	0.0	0.0	0.0	0.0	0.0	0.0	0.0	0	0.0	0.0	0	0.0	0.0	0.0	0.0	0.0	0.0	0.0	0.0	0.0	0.0	0.0	0.0	0.0	0	0.0	0	0	0.0	0	0.0	0	0	0.0	0.0	0	0.0	0.0	0	0	0.0	0	0.0	0.0	0	0.0	0.0	0.0	0.0	0	0.0	0.0	0	0.0	0	0.0	0.0	0.0	0.0	0.0
Strain 1-1-23	0	0	0	0	0.0	0	0	0.0	0	0	0	0.0	0	0	0.0	0.0	0.0	0.0	0.0	0.0	0	0	0.0	0.0	0.0	0.0	0.0	0.0	0	0.0	0	0	0	0.0	0	0.0	0.0	0	0.0	0	0.0	0	0.0	0	0.0	0	0	0	0	0.0	0.0	0	0	0	0	0.0	0.0	0	0.0	0.0	0.0	0.0	0.0	0.0	0.0	0.0	0.0	0.0	0	0.0	0	0.0	0	0	0	0.0	0	0.0	0.0	0.0	0.0	0.0	0.0	0	0.0	0.0	0	0.0	0.0	0.0	0.0	0.0	0	0	0.0	0	0	0.0	0.0	0.0	0.0	0.0	0.0	0.0	0.0	0.0	0.0	0.0	0	0.0	0.0	0	0.0	0.0	0.0	0.0	0.0	0.0	0.0	0.0	0.0	0.0	0.0	0.0	0.0	0	0.0	0	0	0.0	0	0.0	0	0	0.0	0.0	0	0.0	0.0	0	0	0.0	0	0.0	0.0	0	0.0	0.0	0.0	0.0	0	0.0	0.0	0	0.0	0	0.0	0.0	0.0	0.0	0.0
Strain 1-1-24	0	0	0	0	0.0	0	0	0.0	0	0	0	0.0	0	0	0.0	0.0	0.0	0.0	0.0	0.0	0	0	0.0	0.0	0.0	0.0	0.0	0.0	0	0.0	0	0	0	0.0	0	0.0	0.0	0	0.0	0	0.0	0	0.0	0	0.0	0	0	0	0	0.0	0.0	0	0	0	0	0.0	0.0	0	0.0	0.0	0.0	0.0	0.0	0.0	0.0	0.0	0.0	0.0	0	0.0	0	0.0	0	0	0	0.0	0	0.0	0.0	0.0	0.0	0.0	0.0	0	0.0	0.0	0	0.0	0.0	0.0	0.0	0.0	0	0	0.0	0	0	0.0	0.0	0.0	0.0	0.0	0.0	0.0	0.0	0.0	0.0	0.0	0	0.0	0.0	0	0.0	0.0	0.0	0.0	0.0	0.0	0.0	0.0	0.0	0.0	0.0	0.0	0.0	0	0.0	0	0	0.0	0	0.0	0	0	0.0	0.0	0	0.0	0.0	0	0	0.0	0	0.0	0.0	0	0.0	0.0	0.0	0.0	0	0.0	0.0	0	0.0	0	0.0	0.0	0.0	0.0	0.0
Strain 1-1-25	0	0	0	0	0.0	0	0	0.0	0	0	0	0.0	0	0	0.0	0.0	0.0	0.0	0.0	0.0	0	0	0.0	0.0	0.0	0.0	0.0	0.0	0	0.0	0	0	0	0.0	0	0.0	0.0	0	0.0	0	0.0	0	0.0	0	0.0	0	0	0	0	0.0	0.0	0	0	0	0	0.0	0.0	0	0.0	0.0	0.0	0.0	0.0	0.0	0.0	0.0	0.0	0.0	0	0.0	0	0.0	0	0	0	0.0	0	0.0	0.0	0.0	0.0	0.0	0.0	0	0.0	0.0	0	0.0	0.0	0.0	0.0	0.0	0	0	0.0	0	0	0.0	0.0	0.0	0.0	0.0	0.0	0.0	0.0	0.0	0.0	0.0	0	0.0	0.0	0	0.0	0.0	0.0	0.0	0.0	0.0	0.0	0.0	0.0	0.0	0.0	0.0	0.0	0	0.0	0	0	0.0	0	0.0	0	0	0.0	0.0	0	0.0	0.0	0	0	0.0	0	0.0	0.0	0	0.0	0.0	0.0	0.0	0	0.0	0.0	0	0.0	0	0.0	0.0	0.0	0.0	0.0
Strain 1-1-26	0	0	0	0	0.0	0	0	0.0	0	0	0	0.0	0	0	0.0	0.0	0.0	0.0	0.0	0.0	0	0	0.0	0.0	0.0	0.0	0.0	0.0	0	0.0	0	0	0	0.0	0	0.0	0.0	0	0.0	0	0.0	0	0.0	0	0.0	0	0	0	0	0.0	0.0	0	0	0	0	0.0	0.0	0	0.0	0.0	0.0	0.0	0.0	0.0	0.0	0.0	0.0	0.0	0	0.0	0	0.0	0	0	0	0.0	0	0.0	0.0	0.0	0.0	0.0	0.0	0	0.0	0.0	0	0.0	0.0	0.0	0.0	0.0	0	0	0.0	0	0	0.0	0.0	0.0	0.0	0.0	0.0	0.0	0.0	0.0	0.0	0.0	0	0.0	0.0	0	0.0	0.0	0.0	0.0	0.0	0.0	0.0	0.0	0.0	0.0	0.0	0.0	0.0	0	0.0	0	0	0.0	0	0.0	0	0	0.0	0.0	0	0.0	0.0	0	0	0.0	0	0.0	0.0	0	0.0	0.0	0.0	0.0	0	0.0	0.0	0	0.0	0	0.0	0.0	0.0	0.0	0.0
Strain 1-1-27	0	0	0	0	0.0	0	0	0.0	0	0	0	0.0	0	0	0.0	0.0	0.0	0.0	0.0	0.0	0	0	0.0	0.0	0.0	0.0	0.0	0.0	0	0.0	0	0	0	0.0	0	0.0	0.0	0	0.0	0	0.0	0	0.0	0	0.0	0	0	0	0	0.0	0.0	0	0	0	0	0.0	0.0	0	0.0	0.0	0.0	0.0	0.0	0.0	0.0	0.0	0.0	0.0	0	0.0	0	0.0	0	0	0	0.0	0	0.0	0.0	0.0	0.0	0.0	0.0	0	0.0	0.0	0	0.0	0.0	0.0	0.0	0.0	0	0	0.0	0	0	0.0	0.0	0.0	0.0	0.0	0.0	0.0	0.0	0.0	0.0	0.0	0	0.0	0.0	0	0.0	0.0	0.0	0.0	0.0	0.0	0.0	0.0	0.0	0.0	0.0	0.0	0.0	0	0.0	0	0	0.0	0	0.0	0	0	0.0	0.0	0	0.0	0.0	0	0	0.0	0	0.0	0.0	0	0.0	0.0	0.0	0.0	0	0.0	0.0	0	0.0	0	0.0	0.0	0.0	0.0	0.0
Strain 1-1-28	0	0	0	0	0.0	0	0	0.0	0	0	0	0.0	0	0	0.0	0.0	0.0	0.0	0.0	0.0	0	0	0.0	0.0	0.0	0.0	0.0	0.0	0	0.0	0	0	0	0.0	0	0.0	0.0	0	0.0	0	0.0	0	0.0	0	0.0	0	0	0	0	0.0	0.0	0	0	0	0	0.0	0.0	0	0.0	0.0	0.0	0.0	0.0	0.0	0.0	0.0	0.0	0.0	0	0.0	0	0.0	0	0	0	0.0	0	0.0	0.0	0.0	0.0	0.0	0.0	0	0.0	0.0	0	0.0	0.0	0.0	0.0	0.0	0	0	0.0	0	0	0.0	0.0	0.0	0.0	0.0	0.0	0.0	0.0	0.0	0.0	0.0	0	0.0	0.0	0	0.0	0.0	0.0	0.0	0.0	0.0	0.0	0.0	0.0	0.0	0.0	0.0	0.0	0	0.0	0	0	0.0	0	0.0	0	0	0.0	0.0	0	0.0	0.0	0	0	0.0	0	0.0	0.0	0	0.0	0.0	0.0	0.0	0	0.0	0.0	0	0.0	0	0.0	0.0	0.0	0.0	0.0
Strain 1-1-29	0	0	0	0	0.0	0	0	0.0	0	0	0	0.0	0	0	0.0	0.0	0.0	0.0	0.0	0.0	0	0	0.0	0.0	0.0	0.0	0.0	0.0	0	0.0	0	0	0	0.0	0	0.0	0.0	0	0.0	0	0.0	0	0.0	0	0.0	0	0	0	0	0.0	0.0	0	0	0	0	0.0	0.0	0	0.0	0.0	0.0	0.0	0.0	0.0	0.0	0.0	0.0	0.0	0	0.0	0	0.0	0	0	0	0.0	0	0.0	0.0	0.0	0.0	0.0	0.0	0	0.0	0.0	0	0.0	0.0	0.0	0.0	0.0	0	0	0.0	0	0	0.0	0.0	0.0	0.0	0.0	0.0	0.0	0.0	0.0	0.0	0.0	0	0.0	0.0	0	0.0	0.0	0.0	0.0	0.0	0.0	0.0	0.0	0.0	0.0	0.0	0.0	0.0	0	0.0	0	0	0.0	0	0.0	0	0	0.0	0.0	0	0.0	0.0	0	0	0.0	0	0.0	0.0	0	0.0	0.0	0.0	0.0	0	0.0	0.0	0	0.0	0	0.0	0.0	0.0	0.0	0.0
Strain 1-1-30	0	0	0	0	0.0	0	0	0.0	0	0	0	0.0	0	0	0.0	0.0	0.0	0.0	0.0	0.0	0	0	0.0	0.0	0.0	0.0	0.0	0.0	0	0.0	0	0	0	0.0	0	0.0	0.0	0	0.0	0	0.0	0	0.0	0	0.0	0	0	0	0	0.0	0.0	0	0	0	0	0.0	0.0	0	0.0	0.0	0.0	0.0	0.0	0.0	0.0	0.0	0.0	0.0	0	0.0	0	0.0	0	0	0	0.0	0	0.0	0.0	0.0	0.0	0.0	0.0	0	0.0	0.0	0	0.0	0.0	0.0	0.0	0.0	0	0	0.0	0	0	0.0	0.0	0.0	0.0	0.0	0.0	0.0	0.0	0.0	0.0	0.0	0	0.0	0.0	0	0.0	0.0	0.0	0.0	0.0	0.0	0.0	0.0	0.0	0.0	0.0	0.0	0.0	0	0.0	0	0	0.0	0	0.0	0	0	0.0	0.0	0	0.0	0.0	0	0	0.0	0	0.0	0.0	0	0.0	0.0	0.0	0.0	0	0.0	0.0	0	0.0	0	0.0	0.0	0.0	0.0	0.0
Strain 1-1-31	0	0	0	0	0.0	0	0	0.0	0	0	0	0.0	0	0	0.0	0.0	0.0	0.0	0.0	0.0	0	0	0.0	0.0	0.0	0.0	0.0	0.0	0	0.0	0	0	0	0.0	0	0.0	0.0	0	0.0	0	0.0	0	0.0	0	0.0	0	0	0	0	0.0	0.0	0	0	0	0	0.0	0.0	0	0.0	0.0	0.0	0.0	0.0	0.0	0.0	0.0	0.0	0.0	0	0.0	0	0.0	0	0	0	0.0	0	0.0	0.0	0.0	0.0	0.0	0.0	0	0.0	0.0	0	0.0	0.0	0.0	0.0	0.0	0	0	0.0	0	0	0.0	0.0	0.0	0.0	0.0	0.0	0.0	0.0	0.0	0.0	0.0	0	0.0	0.0	0	0.0	0.0	0.0	0.0	0.0	0.0	0.0	0.0	0.0	0.0	0.0	0.0	0.0	0	0.0	0	0	0.0	0	0.0	0	0	0.0	0.0	0	0.0	0.0	0	0	0.0	0	0.0	0.0	0	0.0	0.0	0.0	0.0	0	0.0	0.0	0	0.0	0	0.0	0.0	0.0	0.0	0.0
Strain 1-1-32	0	0	0	0	0.0	0	0	0.0	0	0	0	0.0	0	0	0.0	0.0	0.0	0.0	0.0	0.0	0	0	0.0	0.0	0.0	0.0	0.0	0.0	0	0.0	0	0	0	0.0	0	0.0	0.0	0	0.0	0	0.0	0	0.0	0	0.0	0	0	0	0	0.0	0.0	0	0	0	0	0.0	0.0	0	0.0	0.0	0.0	0.0	0.0	0.0	0.0	0.0	0.0	0.0	0	0.0	0	0.0	0	0	0	0.0	0	0.0	0.0	0.0	0.0	0.0	0.0	0	0.0	0.0	0	0.0	0.0	0.0	0.0	0.0	0	0	0.0	0	0	0.0	0.0	0.0	0.0	0.0	0.0	0.0	0.0	0.0	0.0	0.0	0	0.0	0.0	0	0.0	0.0	0.0	0.0	0.0	0.0	0.0	0.0	0.0	0.0	0.0	0.0	0.0	0	0.0	0	0	0.0	0	0.0	0	0	0.0	0.0	0	0.0	0.0	0	0	0.0	0	0.0	0.0	0	0.0	0.0	0.0	0.0	0	0.0	0.0	0	0.0	0	0.0	0.0	0.0	0.0	0.0
Strain 1-1-33	0	0	0	0	0.0	0	0	0.0	0	0	0	0.0	0	0	0.0	0.0	0.0	0.0	0.0	0.0	0	0	0.0	0.0	0.0	0.0	0.0	0.0	0	0.0	0	0	0	0.0	0	0.0	0.0	0	0.0	0	0.0	0	0.0	0	0.0	0	0	0	0	0.0	0.0	0	0	0	0	0.0	0.0	0	0.0	0.0	0.0	0.0	0.0	0.0	0.0	0.0	0.0	0.0	0	0.0	0	0.0	0	0	0	0.0	0	0.0	0.0	0.0	0.0	0.0	0.0	0	0.0	0.0	0	0.0	0.0	0.0	0.0	0.0	0	0	0.0	0	0	0.0	0.0	0.0	0.0	0.0	0.0	0.0	0.0	0.0	0.0	0.0	0	0.0	0.0	0	0.0	0.0	0.0	0.0	0.0	0.0	0.0	0.0	0.0	0.0	0.0	0.0	0.0	0	0.0	0	0	0.0	0	0.0	0	0	0.0	0.0	0	0.0	0.0	0	0	0.0	0	0.0	0.0	0	0.0	0.0	0.0	0.0	0	0.0	0.0	0	0.0	0	0.0	0.0	0.0	0.0	0.0
Strain 1-1-34	0	0	0	0	0.0	0	0	0.0	0	0	0	0.0	0	0	0.0	0.0	0.0	0.0	0.0	0.0	0	0	0.0	0.0	0.0	0.0	0.0	0.0	0	0.0	0	0	0	0.0	0	0.0	0.0	0	0.0	0	0.0	0	0.0	0	0.0	0	0	0	0	0.0	0.0	0	0	0	0	0.0	0.0	0	0.0	0.0	0.0	0.0	0.0	0.0	0.0	0.0	0.0	0.0	0	0.0	0	0.0	0	0	0	0.0	0	0.0	0.0	0.0	0.0	0.0	0.0	0	0.0	0.0	0	0.0	0.0	0.0	0.0	0.0	0	0	0.0	0	0	0.0	0.0	0.0	0.0	0.0	0.0	0.0	0.0	0.0	0.0	0.0	0	0.0	0.0	0	0.0	0.0	0.0	0.0	0.0	0.0	0.0	0.0	0.0	0.0	0.0	0.0	0.0	0	0.0	0	0	0.0	0	0.0	0	0	0.0	0.0	0	0.0	0.0	0	0	0.0	0	0.0	0.0	0	0.0	0.0	0.0	0.0	0	0.0	0.0	0	0.0	0	0.0	0.0	0.0	0.0	0.0
Strain 1-1-35	0	0	0	0	0.0	0	0	0.0	0	0	0	0.0	0	0	0.0	0.0	0.0	0.0	0.0	0.0	0	0	0.0	0.0	0.0	0.0	0.0	0.0	0	0.0	0	0	0	0.0	0	0.0	0.0	0	0.0	0	0.0	0	0.0	0	0.0	0	0	0	0	0.0	0.0	0	0	0	0	0.0	0.0	0	0.0	0.0	0.0	0.0	0.0	0.0	0.0	0.0	0.0	0.0	0	0.0	0	0.0	0	0	0	0.0	0	0.0	0.0	0.0	0.0	0.0	0.0	0	0.0	0.0	0	0.0	0.0	0.0	0.0	0.0	0	0	0.0	0	0	0.0	0.0	0.0	0.0	0.0	0.0	0.0	0.0	0.0	0.0	0.0	0	0.0	0.0	0	0.0	0.0	0.0	0.0	0.0	0.0	0.0	0.0	0.0	0.0	0.0	0.0	0.0	0	0.0	0	0	0.0	0	0.0	0	0	0.0	0.0	0	0.0	0.0	0	0	0.0	0	0.0	0.0	0	0.0	0.0	0.0	0.0	0	0.0	0.0	0	0.0	0	0.0	0.0	0.0	0.0	0.0
Strain 1-1-36	0	0	0	0	0.0	0	0	0.0	0	0	0	0.0	0	0	0.0	0.0	0.0	0.0	0.0	0.0	0	0	0.0	0.0	0.0	0.0	0.0	0.0	0	0.0	0	0	0	0.0	0	0.0	0.0	0	0.0	0	0.0	0	0.0	0	0.0	0	0	0	0	0.0	0.0	0	0	0	0	0.0	0.0	0	0.0	0.0	0.0	0.0	0.0	0.0	0.0	0.0	0.0	0.0	0	0.0	0	0.0	0	0	0	0.0	0	0.0	0.0	0.0	0.0	0.0	0.0	0	0.0	0.0	0	0.0	0.0	0.0	0.0	0.0	0	0	0.0	0	0	0.0	0.0	0.0	0.0	0.0	0.0	0.0	0.0	0.0	0.0	0.0	0	0.0	0.0	0	0.0	0.0	0.0	0.0	0.0	0.0	0.0	0.0	0.0	0.0	0.0	0.0	0.0	0	0.0	0	0	0.0	0	0.0	0	0	0.0	0.0	0	0.0	0.0	0	0	0.0	0	0.0	0.0	0	0.0	0.0	0.0	0.0	0	0.0	0.0	0	0.0	0	0.0	0.0	0.0	0.0	0.0
Strain 1-1-37	0	0	0	0	0.0	0	0	0.0	0	0	0	0.0	0	0	0.0	0.0	0.0	0.0	0.0	0.0	0	0	0.0	0.0	0.0	0.0	0.0	0.0	0	0.0	0	0	0	0.0	0	0.0	0.0	0	0.0	0	0.0	0	0.0	0	0.0	0	0	0	0	0.0	0.0	0	0	0	0	0.0	0.0	0	0.0	0.0	0.0	0.0	0.0	0.0	0.0	0.0	0.0	0.0	0	0.0	0	0.0	0	0	0	0.0	0	0.0	0.0	0.0	0.0	0.0	0.0	0	0.0	0.0	0	0.0	0.0	0.0	0.0	0.0	0	0	0.0	0	0	0.0	0.0	0.0	0.0	0.0	0.0	0.0	0.0	0.0	0.0	0.0	0	0.0	0.0	0	0.0	0.0	0.0	0.0	0.0	0.0	0.0	0.0	0.0	0.0	0.0	0.0	0.0	0	0.0	0	0	0.0	0	0.0	0	0	0.0	0.0	0	0.0	0.0	0	0	0.0	0	0.0	0.0	0	0.0	0.0	0.0	0.0	0	0.0	0.0	0	0.0	0	0.0	0.0	0.0	0.0	0.0
Strain 1-1-38	0	0	0	0	0.0	0	0	0.0	0	0	0	0.0	0	0	0.0	0.0	0.0	0.0	0.0	0.0	0	0	0.0	0.0	0.0	0.0	0.0	0.0	0	0.0	0	0	0	0.0	0	0.0	0.0	0	0.0	0	0.0	0	0.0	0	0.0	0	0	0	0	0.0	0.0	0	0	0	0	0.0	0.0	0	0.0	0.0	0.0	0.0	0.0	0.0	0.0	0.0	0.0	0.0	0	0.0	0	0.0	0	0	0	0.0	0	0.0	0.0	0.0	0.0	0.0	0.0	0	0.0	0.0	0	0.0	0.0	0.0	0.0	0.0	0	0	0.0	0	0	0.0	0.0	0.0	0.0	0.0	0.0	0.0	0.0	0.0	0.0	0.0	0	0.0	0.0	0	0.0	0.0	0.0	0.0	0.0	0.0	0.0	0.0	0.0	0.0	0.0	0.0	0.0	0	0.0	0	0	0.0	0	0.0	0	0	0.0	0.0	0	0.0	0.0	0	0	0.0	0	0.0	0.0	0	0.0	0.0	0.0	0.0	0	0.0	0.0	0	0.0	0	0.0	0.0	0.0	0.0	0.0
Strain 1-1-39	0	0	0	0	0.0	0	0	0.0	0	0	0	0.0	0	0	0.0	0.0	0.0	0.0	0.0	0.0	0	0	0.0	0.0	0.0	0.0	0.0	0.0	0	0.0	0	0	0	0.0	0	0.0	0.0	0	0.0	0	0.0	0	0.0	0	0.0	0	0	0	0	0.0	0.0	0	0	0	0	0.0	0.0	0	0.0	0.0	0.0	0.0	0.0	0.0	0.0	0.0	0.0	0.0	0	0.0	0	0.0	0	0	0	0.0	0	0.0	0.0	0.0	0.0	0.0	0.0	0	0.0	0.0	0	0.0	0.0	0.0	0.0	0.0	0	0	0.0	0	0	0.0	0.0	0.0	0.0	0.0	0.0	0.0	0.0	0.0	0.0	0.0	0	0.0	0.0	0	0.0	0.0	0.0	0.0	0.0	0.0	0.0	0.0	0.0	0.0	0.0	0.0	0.0	0	0.0	0	0	0.0	0	0.0	0	0	0.0	0.0	0	0.0	0.0	0	0	0.0	0	0.0	0.0	0	0.0	0.0	0.0	0.0	0	0.0	0.0	0	0.0	0	0.0	0.0	0.0	0.0	0.0
Strain 1-1-40	0	0	0	0	0.0	0	0	0.0	0	0	0	0.0	0	0	0.0	0.0	0.0	0.0	0.0	0.0	0	0	0.0	0.0	0.0	0.0	0.0	0.0	0	0.0	0	0	0	0.0	0	0.0	0.0	0	0.0	0	0.0	0	0.0	0	0.0	0	0	0	0	0.0	0.0	0	0	0	0	0.0	0.0	0	0.0	0.0	0.0	0.0	0.0	0.0	0.0	0.0	0.0	0.0	0	0.0	0	0.0	0	0	0	0.0	0	0.0	0.0	0.0	0.0	0.0	0.0	0	0.0	0.0	0	0.0	0.0	0.0	0.0	0.0	0	0	0.0	0	0	0.0	0.0	0.0	0.0	0.0	0.0	0.0	0.0	0.0	0.0	0.0	0	0.0	0.0	0	0.0	0.0	0.0	0.0	0.0	0.0	0.0	0.0	0.0	0.0	0.0	0.0	0.0	0	0.0	0	0	0.0	0	0.0	0	0	0.0	0.0	0	0.0	0.0	0	0	0.0	0	0.0	0.0	0	0.0	0.0	0.0	0.0	0	0.0	0.0	0	0.0	0	0.0	0.0	0.0	0.0	0.0
Strain 1-1-41	0	0	0	0	0.0	0	0	0.0	0	0	0	0.0	0	0	0.0	0.0	0.0	0.0	0.0	0.0	0	0	0.0	0.0	0.0	0.0	0.0	0.0	0	0.0	0	0	0	0.0	0	0.0	0.0	0	0.0	0	0.0	0	0.0	0	0.0	0	0	0	0	0.0	0.0	0	0	0	0	0.0	0.0	0	0.0	0.0	0.0	0.0	0.0	0.0	0.0	0.0	0.0	0.0	0	0.0	0	0.0	0	0	0	0.0	0	0.0	0.0	0.0	0.0	0.0	0.0	0	0.0	0.0	0	0.0	0.0	0.0	0.0	0.0	0	0	0.0	0	0	0.0	0.0	0.0	0.0	0.0	0.0	0.0	0.0	0.0	0.0	0.0	0	0.0	0.0	0	0.0	0.0	0.0	0.0	0.0	0.0	0.0	0.0	0.0	0.0	0.0	0.0	0.0	0	0.0	0	0	0.0	0	0.0	0	0	0.0	0.0	0	0.0	0.0	0	0	0.0	0	0.0	0.0	0	0.0	0.0	0.0	0.0	0	0.0	0.0	0	0.0	0	0.0	0.0	0.0	0.0	0.0
Strain 1-1-42	0	0	0	0	0.0	0	0	0.0	0	0	0	0.0	0	0	0.0	0.0	0.0	0.0	0.0	0.0	0	0	0.0	0.0	0.0	0.0	0.0	0.0	0	0.0	0	0	0	0.0	0	0.0	0.0	0	0.0	0	0.0	0	0.0	0	0.0	0	0	0	0	0.0	0.0	0	0	0	0	0.0	0.0	0	0.0	0.0	0.0	0.0	0.0	0.0	0.0	0.0	0.0	0.0	0	0.0	0	0.0	0	0	0	0.0	0	0.0	0.0	0.0	0.0	0.0	0.0	0	0.0	0.0	0	0.0	0.0	0.0	0.0	0.0	0	0	0.0	0	0	0.0	0.0	0.0	0.0	0.0	0.0	0.0	0.0	0.0	0.0	0.0	0	0.0	0.0	0	0.0	0.0	0.0	0.0	0.0	0.0	0.0	0.0	0.0	0.0	0.0	0.0	0.0	0	0.0	0	0	0.0	0	0.0	0	0	0.0	0.0	0	0.0	0.0	0	0	0.0	0	0.0	0.0	0	0.0	0.0	0.0	0.0	0	0.0	0.0	0	0.0	0	0.0	0.0	0.0	0.0	0.0
Strain 1-1-43	0	0	0	0	0.0	0	0	0.0	0	0	0	0.0	0	0	0.0	0.0	0.0	0.0	0.0	0.0	0	0	0.0	0.0	0.0	0.0	0.0	0.0	0	0.0	0	0	0	0.0	0	0.0	0.0	0	0.0	0	0.0	0	0.0	0	0.0	0	0	0	0	0.0	0.0	0	0	0	0	0.0	0.0	0	0.0	0.0	0.0	0.0	0.0	0.0	0.0	0.0	0.0	0.0	0	0.0	0	0.0	0	0	0	0.0	0	0.0	0.0	0.0	0.0	0.0	0.0	0	0.0	0.0	0	0.0	0.0	0.0	0.0	0.0	0	0	0.0	0	0	0.0	0.0	0.0	0.0	0.0	0.0	0.0	0.0	0.0	0.0	0.0	0	0.0	0.0	0	0.0	0.0	0.0	0.0	0.0	0.0	0.0	0.0	0.0	0.0	0.0	0.0	0.0	0	0.0	0	0	0.0	0	0.0	0	0	0.0	0.0	0	0.0	0.0	0	0	0.0	0	0.0	0.0	0	0.0	0.0	0.0	0.0	0	0.0	0.0	0	0.0	0	0.0	0.0	0.0	0.0	0.0
Strain 1-1-44	0	0	0	0	0.0	0	0	0.0	0	0	0	0.0	0	0	0.0	0.0	0.0	0.0	0.0	0.0	0	0	0.0	0.0	0.0	0.0	0.0	0.0	0	0.0	0	0	0	0.0	0	0.0	0.0	0	0.0	0	0.0	0	0.0	0	0.0	0	0	0	0	0.0	0.0	0	0	0	0	0.0	0.0	0	0.0	0.0	0.0	0.0	0.0	0.0	0.0	0.0	0.0	0.0	0	0.0	0	0.0	0	0	0	0.0	0	0.0	0.0	0.0	0.0	0.0	0.0	0	0.0	0.0	0	0.0	0.0	0.0	0.0	0.0	0	0	0.0	0	0	0.0	0.0	0.0	0.0	0.0	0.0	0.0	0.0	0.0	0.0	0.0	0	0.0	0.0	0	0.0	0.0	0.0	0.0	0.0	0.0	0.0	0.0	0.0	0.0	0.0	0.0	0.0	0	0.0	0	0	0.0	0	0.0	0	0	0.0	0.0	0	0.0	0.0	0	0	0.0	0	0.0	0.0	0	0.0	0.0	0.0	0.0	0	0.0	0.0	0	0.0	0	0.0	0.0	0.0	0.0	0.0
Strain 1-1-45	0	0	0	0	0.0	0	0	0.0	0	0	0	0.0	0	0	0.0	0.0	0.0	0.0	0.0	0.0	0	0	0.0	0.0	0.0	0.0	0.0	0.0	0	0.0	0	0	0	0.0	0	0.0	0.0	0	0.0	0	0.0	0	0.0	0	0.0	0	0	0	0	0.0	0.0	0	0	0	0	0.0	0.0	0	0.0	0.0	0.0	0.0	0.0	0.0	0.0	0.0	0.0	0.0	0	0.0	0	0.0	0	0	0	0.0	0	0.0	0.0	0.0	0.0	0.0	0.0	0	0.0	0.0	0	0.0	0.0	0.0	0.0	0.0	0	0	0.0	0	0	0.0	0.0	0.0	0.0	0.0	0.0	0.0	0.0	0.0	0.0	0.0	0	0.0	0.0	0	0.0	0.0	0.0	0.0	0.0	0.0	0.0	0.0	0.0	0.0	0.0	0.0	0.0	0	0.0	0	0	0.0	0	0.0	0	0	0.0	0.0	0	0.0	0.0	0	0	0.0	0	0.0	0.0	0	0.0	0.0	0.0	0.0	0	0.0	0.0	0	0.0	0	0.0	0.0	0.0	0.0	0.0
Strain 1-1-46	0	0	0	0	0.0	0	0	0.0	0	0	0	0.0	0	0	0.0	0.0	0.0	0.0	0.0	0.0	0	0	0.0	0.0	0.0	0.0	0.0	0.0	0	0.0	0	0	0	0.0	0	0.0	0.0	0	0.0	0	0.0	0	0.0	0	0.0	0	0	0	0	0.0	0.0	0	0	0	0	0.0	0.0	0	0.0	0.0	0.0	0.0	0.0	0.0	0.0	0.0	0.0	0.0	0	0.0	0	0.0	0	0	0	0.0	0	0.0	0.0	0.0	0.0	0.0	0.0	0	0.0	0.0	0	0.0	0.0	0.0	0.0	0.0	0	0	0.0	0	0	0.0	0.0	0.0	0.0	0.0	0.0	0.0	0.0	0.0	0.0	0.0	0	0.0	0.0	0	0.0	0.0	0.0	0.0	0.0	0.0	0.0	0.0	0.0	0.0	0.0	0.0	0.0	0	0.0	0	0	0.0	0	0.0	0	0	0.0	0.0	0	0.0	0.0	0	0	0.0	0	0.0	0.0	0	0.0	0.0	0.0	0.0	0	0.0	0.0	0	0.0	0	0.0	0.0	0.0	0.0	0.0
Strain 1-1-47	0	0	0	0	0.0	0	0	0.0	0	0	0	0.0	0	0	0.0	0.0	0.0	0.0	0.0	0.0	0	0	0.0	0.0	0.0	0.0	0.0	0.0	0	0.0	0	0	0	0.0	0	0.0	0.0	0	0.0	0	0.0	0	0.0	0	0.0	0	0	0	0	0.0	0.0	0	0	0	0	0.0	0.0	0	0.0	0.0	0.0	0.0	0.0	0.0	0.0	0.0	0.0	0.0	0	0.0	0	0.0	0	0	0	0.0	0	0.0	0.0	0.0	0.0	0.0	0.0	0	0.0	0.0	0	0.0	0.0	0.0	0.0	0.0	0	0	0.0	0	0	0.0	0.0	0.0	0.0	0.0	0.0	0.0	0.0	0.0	0.0	0.0	0	0.0	0.0	0	0.0	0.0	0.0	0.0	0.0	0.0	0.0	0.0	0.0	0.0	0.0	0.0	0.0	0	0.0	0	0	0.0	0	0.0	0	0	0.0	0.0	0	0.0	0.0	0	0	0.0	0	0.0	0.0	0	0.0	0.0	0.0	0.0	0	0.0	0.0	0	0.0	0	0.0	0.0	0.0	0.0	0.0
Strain 1-1-48	0	0	0	0	0.0	0	0	0.0	0	0	0	0.0	0	0	0.0	0.0	0.0	0.0	0.0	0.0	0	0	0.0	0.0	0.0	0.0	0.0	0.0	0	0.0	0	0	0	0.0	0	0.0	0.0	0	0.0	0	0.0	0	0.0	0	0.0	0	0	0	0	0.0	0.0	0	0	0	0	0.0	0.0	0	0.0	0.0	0.0	0.0	0.0	0.0	0.0	0.0	0.0	0.0	0	0.0	0	0.0	0	0	0	0.0	0	0.0	0.0	0.0	0.0	0.0	0.0	0	0.0	0.0	0	0.0	0.0	0.0	0.0	0.0	0	0	0.0	0	0	0.0	0.0	0.0	0.0	0.0	0.0	0.0	0.0	0.0	0.0	0.0	0	0.0	0.0	0	0.0	0.0	0.0	0.0	0.0	0.0	0.0	0.0	0.0	0.0	0.0	0.0	0.0	0	0.0	0	0	0.0	0	0.0	0	0	0.0	0.0	0	0.0	0.0	0	0	0.0	0	0.0	0.0	0	0.0	0.0	0.0	0.0	0	0.0	0.0	0	0.0	0	0.0	0.0	0.0	0.0	0.0
Strain 1-1-49	0	0	0	0	0.0	0	0	0.0	0	0	0	0.0	0	0	0.0	0.0	0.0	0.0	0.0	0.0	0	0	0.0	0.0	0.0	0.0	0.0	0.0	0	0.0	0	0	0	0.0	0	0.0	0.0	0	0.0	0	0.0	0	0.0	0	0.0	0	0	0	0	0.0	0.0	0	0	0	0	0.0	0.0	0	0.0	0.0	0.0	0.0	0.0	0.0	0.0	0.0	0.0	0.0	0	0.0	0	0.0	0	0	0	0.0	0	0.0	0.0	0.0	0.0	0.0	0.0	0	0.0	0.0	0	0.0	0.0	0.0	0.0	0.0	0	0	0.0	0	0	0.0	0.0	0.0	0.0	0.0	0.0	0.0	0.0	0.0	0.0	0.0	0	0.0	0.0	0	0.0	0.0	0.0	0.0	0.0	0.0	0.0	0.0	0.0	0.0	0.0	0.0	0.0	0	0.0	0	0	0.0	0	0.0	0	0	0.0	0.0	0	0.0	0.0	0	0	0.0	0	0.0	0.0	0	0.0	0.0	0.0	0.0	0	0.0	0.0	0	0.0	0	0.0	0.0	0.0	0.0	0.0
Strain 1-1-50	0	0	0	0	0.0	0	0	0.0	0	0	0	0.0	0	0	0.0	0.0	0.0	0.0	0.0	0.0	0	0	0.0	0.0	0.0	0.0	0.0	0.0	0	0.0	0	0	0	0.0	0	0.0	0.0	0	0.0	0	0.0	0	0.0	0	0.0	0	0	0	0	0.0	0.0	0	0	0	0	0.0	0.0	0	0.0	0.0	0.0	0.0	0.0	0.0	0.0	0.0	0.0	0.0	0	0.0	0	0.0	0	0	0	0.0	0	0.0	0.0	0.0	0.0	0.0	0.0	0	0.0	0.0	0	0.0	0.0	0.0	0.0	0.0	0	0	0.0	0	0	0.0	0.0	0.0	0.0	0.0	0.0	0.0	0.0	0.0	0.0	0.0	0	0.0	0.0	0	0.0	0.0	0.0	0.0	0.0	0.0	0.0	0.0	0.0	0.0	0.0	0.0	0.0	0	0.0	0	0	0.0	0	0.0	0	0	0.0	0.0	0	0.0	0.0	0	0	0.0	0	0.0	0.0	0	0.0	0.0	0.0	0.0	0	0.0	0.0	0	0.0	0	0.0	0.0	0.0	0.0	0.0
Strain 1-1-51	0	0	0	0	0.0	0	0	0.0	0	0	0	0.0	0	0	0.0	0.0	0.0	0.0	0.0	0.0	0	0	0.0	0.0	0.0	0.0	0.0	0.0	0	0.0	0	0	0	0.0	0	0.0	0.0	0	0.0	0	0.0	0	0.0	0	0.0	0	0	0	0	0.0	0.0	0	0	0	0	0.0	0.0	0	0.0	0.0	0.0	0.0	0.0	0.0	0.0	0.0	0.0	0.0	0	0.0	0	0.0	0	0	0	0.0	0	0.0	0.0	0.0	0.0	0.0	0.0	0	0.0	0.0	0	0.0	0.0	0.0	0.0	0.0	0	0	0.0	0	0	0.0	0.0	0.0	0.0	0.0	0.0	0.0	0.0	0.0	0.0	0.0	0	0.0	0.0	0	0.0	0.0	0.0	0.0	0.0	0.0	0.0	0.0	0.0	0.0	0.0	0.0	0.0	0	0.0	0	0	0.0	0	0.0	0	0	0.0	0.0	0	0.0	0.0	0	0	0.0	0	0.0	0.0	0	0.0	0.0	0.0	0.0	0	0.0	0.0	0	0.0	0	0.0	0.0	0.0	0.0	0.0
Strain 1-1-52	0	0	0	0	0.0	0	0	0.0	0	0	0	0.0	0	0	0.0	0.0	0.0	0.0	0.0	0.0	0	0	0.0	0.0	0.0	0.0	0.0	0.0	0	0.0	0	0	0	0.0	0	0.0	0.0	0	0.0	0	0.0	0	0.0737793	0	0.0	0	0	0	0	0.0	0.0	0	0	0	0	0.0	0.0	0	0.0	0.0	0.0	0.0	0.0	0.0	0.0	0.0	0.0	0.0	0	0.0	0	0.0	0	0	0	0.0	0	0.0	0.0	0.0	0.0	0.0	0.0	0	0.0	0.0	0	0.0	0.0	0.0	0.0	0.0	0	0	0.0	0	0	0.0	0.0	0.0	0.0	0.0	0.0	0.0	0.0	0.0	0.0	0.0	0	0.0	0.0	0	0.0	0.0	0.0	0.0	0.0	0.0	0.0	0.0	0.0	0.0	0.0	0.0	0.0	0	0.0	0	0	0.0	0	0.0	0	0	0.0	0.0	0	0.0	0.0	0	0	0.0	0	0.0	0.0	0	0.0	0.0	0.0	0.0	0	0.0	0.0	0	0.0	0	0.0	0.0	0.0	0.0	0.0
Strain 1-1-53	0	0	0	0	0.0	0	0	0.0	0	0	0	0.0	0	0	0.0	0.0	0.0	0.0	0.0	0.0	0	0	0.0	0.0	0.0	0.0	0.0	0.0	0	0.0	0	0	0	0.0	0	0.0	0.0	0	0.0	0	0.0	0	0.0	0	0.0	0	0	0	0	0.0	0.0	0	0	0	0	0.0	0.0	0	0.0	0.0	0.0	0.0	0.0	0.0	0.0	0.0	0.0	0.0	0	0.0	0	0.0	0	0	0	0.0	0	0.0	0.0	0.0	0.0	0.0	0.0	0	0.0	0.0	0	0.0	0.0	0.0	0.0	0.0	0	0	0.0	0	0	0.0	0.0	0.0	0.0	0.0	0.0	0.0	0.0	0.0	0.0	0.0	0	0.0	0.0	0	0.0	0.0	0.0	0.0	0.0	0.0	0.0	0.0	0.0	0.0	0.0	0.0	0.0	0	0.0	0	0	0.0	0	0.0	0	0	0.0	0.0	0	0.0	0.0	0	0	0.0	0	0.0	0.0	0	0.0	0.0	0.0	0.0	0	0.0	0.0	0	0.0	0	0.0	0.0	0.0	0.0	0.0
Strain 1-1-54	0	0	0	0	0.0	0	0	0.0	0	0	0	0.0	0	0	0.0	0.0	0.0	0.0	0.0	0.0	0	0	0.0	0.0	0.0	0.0	0.0	0.0	0	0.0	0	0	0	0.0	0	0.0	0.0	0	0.0	0	0.0	0	0.0	0	0.0	0	0	0	0	0.0	0.0	0	0	0	0	0.0	0.0	0	0.0	0.0	0.0	0.0	0.0	0.0	0.0	0.0	0.0	0.0	0	0.0	0	0.0	0	0	0	0.0	0	0.0	0.0	0.0	0.0	0.0	0.0	0	0.0	0.0	0	0.0	0.0	0.0	0.0	0.0	0	0	0.0	0	0	0.0	0.0	0.0	0.0	0.0	0.0	0.0	0.0	0.0	0.0	0.0	0	0.0	0.0	0	0.0	0.0	0.0	0.0	0.0	0.0	0.0	0.0	0.0	0.0	0.0	0.0	0.0	0	0.0	0	0	0.0	0	0.0	0	0	0.0	0.0	0	0.0	0.0	0	0	0.0	0	0.0	0.0	0	0.0	0.0	0.0	0.0	0	0.0	0.0	0	0.0	0	0.0	0.0	0.0	0.0	0.0
Strain 1-1-55	0	0	0	0	0.0	0	0	0.0	0	0	0	0.0	0	0	0.0	0.0	0.0	0.0	0.0	0.0	0	0	0.0	0.0	0.0	0.0	0.0	0.0	0	0.0	0	0	0	0.0	0	0.0	0.0	0	0.0	0	0.0	0	0.0	0	0.0	0	0	0	0	0.0	0.0	0	0	0	0	0.0	0.0	0	0.0	0.0	0.0	0.0	0.0	0.0	0.0	0.0	0.0	0.0	0	0.0	0	0.0	0	0	0	0.0	0	0.0	0.0	0.0	0.0	0.0	0.0	0	0.0	0.0	0	0.0	0.0	0.0	0.0	0.0	0	0	0.0	0	0	0.0	0.0	0.0	0.0	0.0	0.0	0.0	0.0	0.0	0.0	0.0	0	0.0	0.0	0	0.0	0.0	0.0	0.0	0.0	0.0	0.0	0.0	0.0	0.0	0.0	0.0	0.0	0	0.0	0	0	0.0	0	0.0	0	0	0.0	0.0	0	0.0	0.0	0	0	0.0	0	0.0	0.0	0	0.0	0.0	0.0	0.0	0	0.0	0.0	0	0.0	0	0.0	0.0	0.0	0.0	0.0
Strain 1-1-56	0	0	0	0	0.0	0	0	0.0	0	0	0	0.0	0	0	0.0	0.0	0.0	0.0	0.0	0.0	0	0	0.0	0.0	0.0	0.0	0.0	0.0	0	0.0	0	0	0	0.0	0	0.0	0.0	0	0.0	0	0.0	0	0.0	0	0.0	0	0	0	0	0.0	0.0	0	0	0	0	0.0	0.0	0	0.0	0.0	0.0	0.0	0.0	0.0	0.0	0.0	0.0	0.0	0	0.0	0	0.0	0	0	0	0.0	0	0.0	0.0	0.0	0.0	0.0	0.0	0	0.0	0.0	0	0.0	0.0	0.0	0.0	0.0	0	0	0.0	0	0	0.0	0.0	0.0	0.0	0.0	0.0	0.0	0.0	0.0	0.0	0.0	0	0.0	0.0	0	0.0	0.0	0.0	0.0	0.0	0.0	0.0	0.0	0.0	0.0	0.0	0.0	0.0	0	0.0	0	0	0.0	0	0.0	0	0	0.0	0.0	0	0.0	0.0	0	0	0.0	0	0.0	0.0	0	0.0	0.0	0.0	0.0	0	0.0	0.0	0	0.0	0	0.0	0.0	0.0	0.0	0.0
Strain 1-1-57	0	0	0	0	0.0	0	0	0.0	0	0	0	0.0	0	0	0.0	0.0	0.0	0.0	0.0	0.0	0	0	0.0	0.0	0.0	0.0	0.0	0.0	0	0.0	0	0	0	0.0	0	0.0	0.0	0	0.0	0	0.0	0	0.05	0	0.0	0	0	0	0	0.0	0.0	0	0	0	0	0.0	0.0	0	0.0	0.0	0.0	0.0	0.0	0.0	0.0	0.0	0.0	0.0	0	0.0	0	0.0	0	0	0	0.0	0	0.0	0.0	0.0	0.0	0.0	0.0	0	0.0	0.0	0	0.0	0.0	0.0	0.0	0.0	0	0	0.0	0	0	0.0	0.0	0.0	0.0	0.0	0.0	0.0	0.0	0.0	0.0	0.0	0	0.0	0.0	0	0.0	0.0	0.0	0.0	0.0	0.0	0.0	0.0	0.0	0.0	0.0	0.0	0.0	0	0.0	0	0	0.0	0	0.0	0	0	0.0	0.0	0	0.0	0.0	0	0	0.0	0	0.0	0.0	0	0.0	0.0	0.0	0.0	0	0.0	0.0	0	0.0	0	0.0	0.0	0.0	0.0	0.0
Strain 1-1-58	0	0	0	0	0.0	0	0	0.0	0	0	0	0.0	0	0	0.0	0.0	0.0	0.0	0.0	0.0	0	0	0.0	0.0	0.0	0.0	0.0	0.0	0	0.0	0	0	0	0.0	0	0.0	0.0	0	0.0	0	0.0	0	0.0	0	0.0	0	0	0	0	0.0	0.0	0	0	0	0	0.0	0.0	0	0.0	0.0	0.0	0.0	0.0	0.0	0.0	0.0	0.0	0.0	0	0.0	0	0.0	0	0	0	0.0	0	0.0	0.0	0.0	0.0	0.0	0.0	0	0.0	0.0	0	0.0	0.0	0.0	0.0	0.0	0	0	0.0	0	0	0.0	0.0	0.0	0.0	0.0	0.0	0.0	0.0	0.0	0.0	0.0	0	0.0	0.0	0	0.0	0.0	0.0	0.0	0.0	0.0	0.0	0.0	0.0	0.0	0.0	0.0	0.0	0	0.0	0	0	0.0	0	0.0	0	0	0.0	0.0	0	0.0	0.0	0	0	0.0	0	0.0	0.0	0	0.0	0.0	0.0	0.0	0	0.0	0.0	0	0.0	0	0.0	0.0	0.0	0.0	0.0
Strain 1-1-59	0	0	0	0	0.0	0	0	0.0	0	0	0	0.0	0	0	0.0	0.0	0.0	0.0	0.0	0.0	0	0	0.0	0.0	0.0	0.0	0.0	0.0	0	0.0	0	0	0	0.0	0	0.0	0.0	0	0.0	0	0.0	0	0.05	0	0.0	0	0	0	0	0.0	0.0	0	0	0	0	0.0	0.0	0	0.95	0.0	0.0	0.0	0.0	0.0	0.0	0.0	0.0	0.0	0	0.0	0	0.0	0	0	0	0.0	0	0.0	0.0	0.0	0.0	0.0	0.0	0	0.0	0.0	0	0.0	0.0	0.0	0.0	0.0	0	0	0.0	0	0	0.0	0.0	0.0	0.0	0.0	0.0	0.0	0.0	0.0	0.0	0.0	0	0.0	0.0	0	0.0	0.0	0.0	0.0	0.0	0.0	0.0	0.0	0.0	0.0	0.0	0.0	0.0	0	0.0	0	0	0.0	0	0.0	0	0	0.0	0.0	0	0.0	0.0	0	0	0.0	0	0.0	0.0	0	0.0	0.0	0.0	0.0	0	0.0	0.0	0	0.0	0	0.0	0.0	0.0	0.0	0.0
Strain 1-1-60	0	0	0	0	0.0	0	0	0.0	0	0	0	0.0	0	0	0.0	0.0	0.0	0.0	0.0	0.0	0	0	0.0	0.0	0.0	0.0	0.0	0.0	0	0.0	0	0	0	0.0	0	0.0	0.0	0	0.0	0	0.0	0	0.0	0	0.0	0	0	0	0	0.0	0.0	0	0	0	0	0.0	0.0	0	0.0	0.0	0.0	0.0	0.0	0.0	0.0	0.0	0.0	0.0	0	0.0	0	0.0	0	0	0	0.0	0	0.0	0.0	0.0	0.0	0.0	0.0	0	0.0	0.0	0	0.0	0.0	0.0	0.0	0.0	0	0	0.0	0	0	0.0	0.0	0.0	0.0	0.0	0.0	0.0	0.0	0.0	0.0	0.0	0	0.0	0.0	0	0.0	0.0	0.0	0.0	0.0	0.0	0.0	0.0	0.0	0.0	0.0	0.0	0.0	0	0.0	0	0	0.0	0	0.0	0	0	0.0	0.0	0	0.0	0.0	0	0	0.0	0	0.0	0.0	0	0.0	0.0	0.0	0.0	0	0.0	0.0	0	0.0	0	0.0	0.0	0.0	0.0	0.0
Strain 1-1-61	0	0	0	0	0.0	0	0	0.0	0	0	0	0.0	0	0	0.0	0.0	0.0	0.0	0.0	0.0	0	0	0.0	0.0	0.0	0.0	0.0	0.0	0	0.0	0	0	0	0.0	0	0.0	0.0	0	0.0	0	0.0	0	0.05210309999999999	0	0.0	0	0	0	0	0.0	0.0	0	0	0	0	0.0	0.0	0	0.0	0.0	0.0	0.0	0.0	0.0	0.0	0.0	0.0	0.0	0	0.0	0	0.0	0	0	0	0.0	0	0.0	0.0	0.0	0.0	0.0	0.0	0	0.0	0.0	0	0.0	0.0	0.0	0.0	0.0	0	0	0.0	0	0	0.0	0.0	0.0	0.0	0.0	0.0	0.0	0.0	0.0	0.0	0.0	0	0.0	0.0	0	0.0	0.0	0.0	0.0	0.0	0.0	0.0	0.0	0.0	0.0	0.0	0.0	0.0	0	0.0	0	0	0.0	0	0.0	0	0	0.0	0.0	0	0.0	0.0	0	0	0.0	0	0.0	0.0	0	0.0	0.0	0.0	0.0	0	0.0	0.0	0	0.0	0	0.0	0.0	0.0	0.0	0.0
Strain 1-1	0	0	0	0	0.0	0	0	0.0	0	0	0	0.0	0	0	0.0	0.0	0.0	0.0	0.0	0.0	0	0	0.0	0.0	0.0	0.0	0.0	0.0	0	0.0	0	0	0	0.0	0	0.0	0.0	0	0.0	0	0.0	0	0.638806	0	0.0	0	0	0	0	0.0	0.0	0	0	0	0	0.0	0.0	0	0.0	0.0	0.0	0.0	0.0	0.0	0.0	0.0	0.0	0.0	0	0.0	1	0.0	0	0	0	0.0	0	0.0	0.0	0.0	0.0	0.0	0.0	1	0.0	0.0	0	0.0	0.0	0.0	0.0	0.0	0	1	0.0	0	1	0.0	0.0	0.0	0.0	0.0	0.0	0.0	0.0	0.0	0.0	0.0	1	0.0	0.0	0	0.0	0.0	0.0	0.0	0.0	0.0	0.0	0.0	0.0	0.0	0.0	0.0	0.0	0	0.0	0	0	0.0	1	0.0	0	0	0.0	0.0	0	0.0	0.0	0	0	0.0	0	0.0	0.0	0	0.0	0.0	0.0	0.0	0	0.0	0.0	0	0.0	0	0.0	0.0	0.0	0.0	0.0
Strain 1-2	0	0	0	0	0.0	0	0	0.0	0	0	0	0.0	0	0	0.0	0.848101	0.9078950000000001	0.0	0.0	0.0	0	0	0.0	0.0	0.0	0.0	0.0	0.0	0	0.0	0	0	0	0.0	0	0.0	0.0	0	0.0	0	0.0	0	0.0	0	0.0	0	0	0	0	0.0	0.0	0	0	0	0	0.0	0.0	0	0.0	0.0	0.0	0.0	0.0	0.0	0.0	0.0	0.0	0.0	0	0.0	0	0.0	0	0	0	0.0	0	0.0	0.0	0.0	0.0	0.0	0.0	0	0.0	0.0	0	0.0	0.0	0.0	0.0	0.0	0	0	0.0	0	0	0.0	0.0	0.0	0.0	0.0	0.0	0.0	0.0	0.0	0.0	0.0	0	0.0	0.0	0	0.0	0.0	0.0	0.0	0.0	0.0	0.0	0.0	0.0	0.0	0.0	0.0	0.0	0	0.0	0	0	0.0	0	0.0	0	0	0.0	0.0	0	0.0	0.0	0	0	0.0	0	0.0	0.0	0	0.0	0.0	0.0	0.0	0	0.0	0.0	0	0.0	0	0.0	0.0	0.0	0.0	0.0
Strain 3-2-0	0	0	0	0	0.0	0	0	0.0	0	0	0	0.0	0	0	0.0	0.0	0.0	0.0	0.0	0.0	0	0	0.0	0.0	0.0	0.0	0.0	0.0	0	0.0	0	0	0	0.0	0	0.0	0.0	0	0.0	0	0.0	0	0.0706205	0	0.0	0	0	0	0	0.05434780000000001	0.0	0	0	0	0	0.116898	0.0	0	0.0	0.0	0.0	0.0	0.0	0.0	0.0	0.0	0.0	0.0	0	0.0	0	0.0	0	0	0	0.0	0	0.0	0.0	0.0	0.0	0.0	0.0	0	0.0	0.0	0	0.0	0.0	0.0	0.0	0.0	0	0	0.0	0	0	0.0	0.0	0.0	0.0	0.0	0.0	0.0	0.0	0.0	0.0	0.0	0	0.0	0.0	0	0.0	0.0	0.0	0.0	0.0	0.0	0.0	0.0	0.0	0.0	0.0	0.0	0.0	0	0.0	0	0	0.0	0	0.0	0	0	0.0	0.0	0	0.0	0.0	0	0	0.0	0	0.0	0.0	0	0.0	0.0	0.0	0.0	0	0.0	0.0	0	0.0	0	0.0	0.0	0.0	0.0	0.0
Strain 3-2-1	0	0	0	0	0.0	0	0	0.0	0	0	0	0.0	0	0	0.0	0.0	0.0	0.0	0.0	0.0	0	0	0.0	0.0	0.0	0.0	0.0	0.0	0	0.0	0	0	0	0.0	0	0.0	0.0	0	0.0	0	0.0	0	0.0	0	0.0	0	0	0	0	0.05	0.0	0	0	0	0	0.0	0.0	0	0.0	0.0	0.0	0.0	0.0	0.0	0.0	0.0	0.0	0.0	0	0.0	0	0.0	0	0	0	0.0	0	0.0	0.0	0.0	0.0	0.0	0.0	0	0.0	0.0	0	0.0	0.0	0.0	0.0	0.0	0	0	0.0	0	0	0.0	0.0	0.0	0.0	0.0	0.0	0.0	0.0	0.0	0.0	0.0	0	0.0	0.0	0	0.0	0.0	0.0	0.0	0.0	0.0	0.0	0.0	0.0	0.0	0.0	0.0	0.0	0	0.0	0	0	0.0	0	0.0	0	0	0.0	0.0	0	0.0	0.0	0	0	0.0	0	0.0	0.0	0	0.0	0.0	0.0	0.0	0	0.0	0.0	0	0.0	0	0.0	0.0	0.0	0.0	0.0
Strain 3-2	0	0	0	0	0.0	0	0	0.0	0	0	0	0.0	0	0	0.0	0.0	0.0	0.0	0.0	0.0	0	0	0.0	0.0	0.0	0.0	0.0	0.0	0	0.0	0	0	0	0.0	0	0.0	0.0	0	0.95	0	0.05	1	0.0	0	0.0	1	0	1	1	0.0	0.0	1	1	0	1	0.0	0.751045	0	0.0	0.0	0.0	0.0	0.0	0.0	0.0	0.0	0.0	0.0	0	0.0	0	0.0	0	0	0	0.0	0	0.0	0.0	0.0	0.0	0.0	0.0	0	0.0	0.0	0	0.0	0.0	0.0	0.0	0.0	0	0	0.0	0	0	0.0	0.0	0.0	0.0	0.8768950000000001	0.0	0.0	0.0	0.0	0.0	0.0	0	0.907537	0.0	0	0.0	0.0	0.0	0.0	0.0	0.0	0.0	0.0	0.0	0.0	0.0	0.0	0.0	1	0.0	0	0	0.0	0	0.0	0	1	0.0	0.0	0	0.0	0.0	0	0	0.0	0	0.0	0.0	0	0.0	0.0	0.0	0.0	0	0.0	0.0	0	0.5878899999999999	0	0.0	0.0	0.0	0.0	0.0
Strain 0-2	0	0	0	0	0.0	0	0	0.0	0	0	0	0.0	0	0	0.0	0.0	0.0	0.0	0.0	0.0	0	0	0.0	0.6463409999999999	0.525316	0.0	0.0	0.0	0	0.0	0	0	0	0.0	0	0.0	0.0	0	0.0	0	0.0	0	0.0	0	0.0	0	0	0	0	0.0	0.0	0	0	0	0	0.0	0.0	0	0.0	0.0	0.0	0.0	0.0	0.0	0.0	0.0	0.0	0.0	0	0.0	0	0.0	0	0	0	0.0	0	0.0	0.0	0.0	0.0	0.0	0.0	0	0.0	0.0	0	0.0	0.0	0.0	0.0	0.0	0	0	0.0	0	0	0.0	0.0	0.0	0.0	0.0	0.0	0.0	0.0	0.0	0.0	0.0	0	0.0	0.0	0	0.0	0.0	0.0	0.0	0.0	0.0	0.0	0.0	0.0	0.0	0.0	0.0	0.0	0	0.0	0	0	0.0	0	0.0	0	0	0.0	0.0	0	0.0	0.0	0	0	0.0	0	0.0	0.0	0	0.0	0.0	0.0	0.0	0	0.0	0.0	0	0.0	0	0.0	0.0	0.0	0.0	0.0
Strain 2-1-0	0	0	0	0	0.0	0	0	0.0	0	0	0	0.0	0	0	0.0	0.0	0.0	0.0	0.0	0.0	0	0	0.0	0.0	0.0	0.0	0.0	0.0	0	0.0	0	0	0	0.0	0	0.0	0.0	0	0.0	0	0.0	0	0.0	0	0.0	0	0	0	0	0.0	0.0	0	0	0	0	0.0	0.0	0	0.0	0.0	0.0	0.0	0.0	0.0	0.0	0.0	0.0	0.0	0	0.0	0	0.0	0	0	0	0.0	0	0.0	0.0	0.0	0.0	0.0	0.0	0	0.0	0.0	0	0.0	0.0	0.0	0.0	0.0	0	0	0.0	0	0	0.0	0.0	0.0	0.0	0.0	0.0	0.0	0.0	0.0	0.0	0.0	0	0.0	0.0	0	0.0	0.0	0.0	0.0	0.0	0.0	0.0	0.0	0.0	0.0	0.0	0.0	0.0	0	0.0	0	0	0.0	0	0.0	0	0	0.0	0.0	0	0.0	0.0	0	0	0.0	0	0.0	0.0	0	0.0	0.0	0.0	0.0	0	0.0	0.0	0	0.0	0	0.0	0.0	0.0	0.0	0.0
Strain 2-1-1	0	0	0	0	0.0	0	0	0.0	0	0	0	0.0	0	0	0.0	0.0	0.0	0.0	0.0	0.0	0	0	0.0	0.0	0.0	0.0	0.0	0.0	0	0.0	0	0	0	0.0	0	0.0	0.0	0	0.0	0	0.0	0	0.0	0	0.0	0	0	0	0	0.0	0.0	0	0	0	0	0.0	0.0	0	0.0	0.0	0.0	0.0	0.0	0.0	0.0	0.0	0.0	0.0	0	0.0	0	0.0	0	0	0	0.0	0	0.0	0.0	0.0	0.0	0.0	0.719348	0	0.0	0.0	0	0.0	0.0	0.0	0.0	0.0	0	0	0.44	1	0	0.0	0.0	0.0	0.0	0.0	0.0	0.0	0.0	0.0	0.0	0.0	0	0.0	0.0	0	0.0	0.0	0.0	0.0	0.0	0.0	0.0	0.0	0.0	0.0	0.0	0.0	0.0	0	0.0	0	0	0.0	0	0.0	0	0	0.0	0.0	0	0.0	0.0	0	0	0.0	0	0.0	0.0	0	0.0	0.0	0.0	0.0	0	0.0	0.0	0	0.0	0	0.0	0.0	0.0	0.0	0.0
Strain 2-1-2	0	0	0	0	0.0	0	0	0.0	0	0	0	0.0	0	0	0.0	0.0	0.0	0.0	0.0	0.0	0	0	0.0	0.0	0.0	0.0	0.0	0.0	0	0.0	0	0	0	0.0	0	0.0	0.0	0	0.0	0	0.0	0	0.0	0	0.0	0	0	0	0	0.0	0.0	0	0	0	0	0.0	0.0	0	0.0	0.0	0.0	0.0	0.0	0.0	0.0	0.0	0.0	0.0	0	0.0	0	0.0	0	0	0	0.0	0	0.0	0.0	0.0	0.0	0.0	0.0	0	0.0	0.0	0	0.0	0.0	0.0	0.0	0.0	0	0	0.0	0	0	0.0	0.0	0.0	0.0	0.0	0.0	0.0	0.0	0.0	0.0	0.0	0	0.0	0.0	0	0.0	0.0	0.0	0.0	0.0	0.0	0.0	0.0	0.0	0.0	0.0	0.0	0.0	0	0.0	0	0	0.0	0	0.0	0	0	0.0	0.0	0	0.0	0.0	0	0	0.0	0	0.0	0.0	0	0.0	0.0	0.0	0.0	0	0.0	0.0	0	0.0	0	0.0	0.0	0.0	0.0	0.0
Strain 2-1-3	0	0	0	0	0.0	0	0	0.0	0	0	0	0.0	0	0	0.0	0.0	0.0	0.0	0.0	0.0	0	0	0.0	0.0	0.0	0.0	0.0	0.0	0	0.0	0	0	0	0.0	0	0.0	0.0	0	0.0	0	0.0	0	0.0	0	0.0	0	0	0	0	0.0	0.0	0	0	0	0	0.0	0.0	0	0.0	0.0	0.0	0.0	0.0	0.0	0.0	0.0	0.0	0.0	0	0.0	0	0.0	0	0	0	0.0	0	0.0	0.0	0.0	0.0	0.0	0.0	0	0.0	0.0	0	0.0	0.0	0.0	0.0	0.0	0	0	0.113719	0	0	0.0	0.0	0.0	0.0	0.0	0.0	0.0	0.0	0.0	0.0	0.0	0	0.0	0.0	0	0.118421	0.0	0.0	0.0	0.10588199999999999	0.0	0.0	0.117647	0.0	0.0	0.0	0.0	0.0	0	0.0	0	0	0.0	0	0.0	0	0	0.0	0.0	0	0.0	0.0	0	0	0.0	0	0.0	0.0	0	0.0792079	0.0	0.0	0.0	0	0.0	0.0	0	0.0	0	0.0	0.0	0.0	0.0	0.0
Strain 2-1-4	0	0	0	0	0.0	0	0	0.0	0	0	0	0.0	0	0	0.0	0.0	0.0	0.0	0.0	0.0	0	0	0.0	0.0	0.0	0.0	0.0	0.0	0	0.0	0	0	0	0.0	0	0.0	0.0	0	0.0	0	0.0	0	0.0	0	0.0	0	0	0	0	0.0	0.0	0	0	0	0	0.0	0.0	0	0.0	0.0	0.0	0.0	0.0	0.0	0.0	0.0	0.0	0.0	0	0.0	0	0.0	0	0	0	0.0	0	0.0	0.0	0.0	0.0	0.0	0.0	0	0.0	0.0	0	0.0	0.0	0.0	0.0	0.0	0	0	0.0	0	0	0.0	0.0	0.0	0.0	0.0	0.0	0.0	0.0	0.0	0.0	0.0	0	0.0	0.0	0	0.0	0.0	0.0	0.0	0.0	0.0	0.0	0.0	0.0	0.0	0.0	0.0	0.0	0	0.0	0	0	0.0	0	0.0	0	0	0.0	0.0	0	0.0	0.0	0	0	0.0	0	0.0	0.0	0	0.0	0.0	0.0	0.0	0	0.0	0.0	0	0.0	0	0.0	0.0	0.0	0.0	0.0
Strain 2-1-5	0	0	0	0	0.0	0	0	0.0	0	0	0	0.0	0	0	0.0	0.0	0.0	0.0	0.0	0.0	0	0	0.0	0.0	0.0	0.0	0.0	0.0	0	0.0	0	0	0	0.0	0	0.0	0.0	0	0.0	0	0.0	0	0.0	0	0.0	0	0	0	0	0.0	0.0	0	0	0	0	0.0	0.0	0	0.0	0.0	0.0	0.0	0.0	0.0	0.0	0.0	0.0	0.0	0	0.0	0	0.0	0	0	0	0.0	0	0.0	0.0	0.0	0.0	0.0	0.0	0	0.0	0.0	0	0.0	0.0	0.0	0.0	0.0	0	0	0.0	0	0	0.0	0.0	0.0	0.0	0.0	0.0	0.0	0.0	0.0	0.0	0.0	0	0.0	0.0	0	0.0	0.0	0.0	0.0	0.0	0.0	0.0	0.0	0.0	0.0	0.0	0.0	0.0	0	0.0	0	0	0.0	0	0.0	0	0	0.0	0.0	0	0.0	0.0	0	0	0.0	0	0.0	0.0	0	0.0	0.0	0.0	0.0	0	0.0	0.0	0	0.0	0	0.0	0.0	0.0	0.0	0.0
Strain 2-1	0	0	0	0	0.0	0	0	0.0	0	0	0	0.0	0	0	0.0	0.0	0.0	0.0	0.0	0.0	0	0	0.0	0.0	0.0	0.0	0.0	0.0	0	0.0	0	0	0	0.0	0	0.0	0.0	0	0.0	0	0.0	0	0.0	0	0.0	0	0	0	0	0.0	0.0	0	0	0	0	0.0	0.0	0	0.0	0.0	0.0	0.0	0.0	0.0	0.0	0.0	0.0	0.0	0	0.0	0	0.0	0	0	0	0.0	0	0.0	0.0	0.0	0.0	0.0	0.0	0	0.0	0.0	0	0.0	0.0	0.0	0.0	0.0757992	0	0	0.44628100000000004	0	0	0.0	0.0	0.0	0.0	0.0	0.0	0.0	0.0	0.0	0.0	0.0	0	0.0	0.0	0	0.8815790000000001	0.0	0.0	0.0	0.8941180000000001	0.0	0.0	0.882353	0.0	0.0	0.0	0.0	0.0	0	0.0	0	0	0.0	0	0.0	0	0	0.0	0.0	0	0.0	0.0	0	0	0.0	0	0.0	0.0	0	0.920792	0.0	0.0	0.0	0	0.0	0.0	0	0.0	0	0.0	0.0	0.0	0.0	0.0
Strain 3-4	0	0	0	0	0.0	0	0	0.0	0	0	0	0.0	0	0	0.0	0.0	0.0	0.0	0.0	0.0	0	0	0.0	0.0	0.0	0.0	0.0	0.0	0	0.0	0	0	0	0.0	0	0.0	0.0	0	0.0	0	0.0	0	0.0	1	0.0	0	0	0	0	0.0	0.0	0	0	0	0	0.0	0.0	0	0.0	0.0	0.0	0.0	0.0	0.0	0.0	0.0	0.0	0.95	0	0.0	0	0.0	0	0	0	0.0	0	0.0	0.0	0.0	0.0	0.0	0.0	0	0.0	0.0	1	0.0	0.0	0.0	0.0	0.0	0	0	0.0	0	0	0.0	0.0	0.0	0.0	0.0	0.0	0.0	0.0	0.0	0.0	0.0	0	0.0	0.0	1	0.0	0.0	0.0	0.0	0.0	0.0	0.0	0.0	0.0	0.0	0.0	0.05	0.0	0	0.0	0	0	0.0	0	0.0	0	0	0.0	0.0	0	0.0	0.0	0	0	0.0	0	0.0	0.0	1	0.0	0.0	0.0	0.0	1	0.0	0.0	1	0.0	1	0.0	0.0	0.9	0.0	0.0
Strain 3-5	0	0	0	0	0.0	0	0	0.0	0	0	0	0.0	0	0	0.0	0.0	0.0	0.0	0.0	0.0	0	0	0.0	0.0	0.0	0.0	0.0	0.0	0	0.0	0	0	0	0.0	0	0.0	0.0	0	0.0	0	0.0	0	0.0	0	0.0	0	0	0	0	0.0	0.0	0	0	0	0	0.0	0.0	0	0.0	0.0	0.0	0.0	0.0	0.0	0.8913040000000001	0.0	0.0	0.0	0	0.0	0	0.0	0	0	0	0.0	0	0.0	0.0	0.0	0.0	0.0	0.0	0	0.0	0.0	0	0.0	0.8214290000000001	0.0	0.0	0.0	0	0	0.0	0	0	0.834951	0.0	0.0	0.0	0.0	0.793478	0.802083	0.0	0.0	0.0	0.802326	0	0.0	0.0	0	0.0	0.802326	0.0	0.0	0.0	0.0	0.0	0.0	0.0	0.0	0.0	0.0	0.0	0	0.0	0	0	0.0	0	0.0	0	0	0.0	0.0	0	0.0	0.0	0	0	0.0	0	0.0	0.0	0	0.0	0.0	0.0	0.0	0	0.0	0.0	0	0.0	0	0.0	0.0	0.0	0.0	0.0
Strain 0-3	0	0	0	0	0.0	0	0	0.666667	0	0	0	0.0	0	0	0.0	0.0	0.0	0.0	0.0	0.0	0	0	0.0	0.0	0.0	0.0	0.0	0.0	0	0.0	0	0	0	0.0	0	0.0	0.0	0	0.0	0	0.0	0	0.0646911	0	0.0	0	0	0	0	0.0	0.0	0	0	0	0	0.0	0.0	0	0.0	0.0	0.0	0.0	0.0	0.0	0.0	0.0	0.0	0.0	0	0.0	0	0.0	0	0	0	0.0	0	0.0	0.0	0.0	0.0	0.0	0.0	0	0.0	0.0	0	0.0	0.0	0.0	0.0	0.0	0	0	0.0	0	0	0.0	0.0	0.0	0.0	0.0	0.0	0.0	0.0	0.0	0.0	0.0	0	0.0	0.0	0	0.0	0.0	0.0	0.0	0.0	0.0	0.0	0.0	0.0	0.0	0.0	0.0	0.0	0	0.0	0	0	0.0	0	0.0	0	0	0.0	0.0	0	0.0	0.0	0	0	0.0	0	0.0	0.0	0	0.0	0.0	0.0	0.0	0	0.0	0.0	0	0.0	0	0.0	0.0	0.0	0.0	0.0
Strain 1-4-0	0	0	0	0	0.0	0	0	0.0	0	0	0	0.0	0	0	0.0	0.0	0.0	0.0	0.0	0.0	0	0	0.0	0.0	0.0	0.0	0.0	0.0	0	0.0	0	0	0	0.0	0	0.0	0.0	0	0.0	0	0.0	0	0.0	0	0.0	0	0	0	0	0.0	0.0	0	0	0	0	0.0	0.0	0	0.0	0.0	0.0	0.0	0.0	0.0	0.0	0.0	0.0	0.0	0	0.0	0	0.0	0	0	0	0.0	0	0.0	0.0	0.0	0.0	0.0	0.0	0	0.0	0.0	0	0.0	0.0	0.0	0.0	0.0	0	0	0.0	0	0	0.0	0.0	0.0	0.0	0.0	0.0	0.0	0.0	0.0	0.0	0.0	0	0.0	0.0	0	0.0	0.0	0.0	0.0	0.0	0.0	0.0	0.0	0.0	0.0	0.0	0.0	0.0	0	0.0	0	0	0.0	0	0.0	0	0	0.0	0.0	0	0.0	0.0	0	0	0.0	0	0.0	0.0	0	0.0	0.0	0.0	0.0	0	0.0	0.0	0	0.0	0	0.0	0.0	0.0	0.0	0.0
Strain 1-4-1	0	0	0	0	0.0	0	0	0.0	0	0	0	0.0	0	0	0.0	0.0	0.0	0.0	0.0	0.0	0	0	0.0	0.0	0.0	0.0	0.0	0.0	0	0.0	0	0	0	0.0	0	0.0	0.0	0	0.0	0	0.0	0	0.0	0	0.0	0	0	0	0	0.0	0.0	0	0	0	0	0.0	0.0	0	0.0	0.0	0.0	0.0	0.0	0.0	0.0	0.0	0.0	0.0	0	0.0	0	0.0	0	0	0	0.0	0	0.0	0.0	0.0	0.0	0.0	0.0	0	0.0	0.0	0	0.0	0.0	0.0	0.0	0.0	0	0	0.0	0	0	0.0	0.0	0.0	0.0	0.0	0.0	0.0	0.0	0.0	0.0	0.0	0	0.0	0.0	0	0.0	0.0	0.0	0.0	0.0	0.0	0.05	0.0	0.0	0.0	0.0	0.0	0.0	0	0.0606061	0	0	0.0527398	0	0.0	0	0	0.08441560000000001	0.0	0	0.0	0.0816327	0	0	0.0	0	0.0	0.0514706	0	0.0	0.0	0.0	0.0	0	0.0	0.0	0	0.0563118	0	0.0	0.0	0.0	0.0	0.0
Strain 1-4	0	0	0	0	0.0	0	0	0.0	0	0	0	0.0	0	0	0.0	0.0	0.0	0.0	0.0	0.0	0	0	0.0	0.0	0.0	0.0	0.0	0.0	0	0.0	0	0	0	0.0	0	0.0	0.0	0	0.0	0	0.0	0	0.0	0	0.0	0	0	0	0	0.0	0.0	0	0	0	0	0.0	0.0	0	0.0	0.0	0.0	0.0	0.0	0.0	0.0	0.0	0.0	0.0	0	0.0	0	0.0	0	0	0	0.0	0	0.0	0.0	0.0	0.0	0.0	0.0	0	0.0	0.0	0	0.0	0.0	0.0	0.0	0.0	0	0	0.0	0	0	0.0	0.0	0.0	0.0	0.0	0.0	0.0	0.0	0.0	0.0	0.0	0	0.0	0.0	0	0.0	0.0	0.0	0.0	0.0	0.0	0.0	0.0	0.0	0.0	0.0	0.0	0.0	0	0.9393940000000001	0	0	0.0	0	0.0	0	0	0.9155840000000001	0.0	0	0.0	0.918367	0	0	0.0	0	0.0	0.9485290000000001	0	0.0	0.0	0.0	0.0	0	0.0	0.0	0	0.0	0	0.0	0.0	0.0	0.0	0.0
Strain 2-4	0	0	0	0	0.0	0	0	0.0	0	0	0	0.0	0	0	0.0	0.0	0.0	0.0	0.0	0.0	0	0	0.0	0.0	0.0	0.0	0.0	0.0	0	0.0	0	0	0	0.0	0	0.0	0.0	0	0.0	0	0.0	0	0.0	0	0.0	0	0	0	0	0.0	0.0	0	0	0	0	0.0	0.18645499999999998	0	0.0	0.0	0.0	0.0	0.0	0.0	0.0	0.0	0.8064520000000001	0.0	0	0.0	0	0.0	0	0	0	0.0	0	0.0	0.0	0.0	0.0	0.0	0.0	0	0.0	0.0	0	0.0	0.0	0.0	0.0	0.0	0	0	0.0	0	0	0.0	0.0	0.0	0.0	0.0	0.0	0.0	0.0	0.0	0.0	0.0	0	0.0	0.0	0	0.0	0.0	0.0	0.0	0.0	0.0	0.0	0.0	0.0	0.0	0.0	0.0	0.0	0	0.0	0	0	0.0	0	0.0	0	0	0.0	0.0	0	0.0	0.0	0	0	0.0	0	0.0	0.0	0	0.0	0.0	0.0	0.0	0	0.0	0.0	0	0.0	0	0.0	0.0	0.0	0.0	0.0
Strain 3-1-0	0	0	0	0	0.0	0	0	0.0	0	0	0	0.0	0	0	0.0	0.0	0.0	0.0	0.0	0.0	0	1	0.05	0.0	0.0	0.0	0.0	0.0	0	0.0	0	0	0	0.0	0	0.0	0.0	0	0.0	0	0.0	0	0.0	0	0.0	0	0	0	0	0.0	0.0	0	0	0	0	0.0	0.0625	0	0.0	0.0	0.0	0.0	0.0	0.0	0.0	0.0	0.0	0.0	1	0.0	0	0.0	0	0	1	0.0	0	0.0	0.0	0.0	0.0	0.0	0.0	0	0.0	0.0	0	0.0	0.0	0.0	0.0	0.0	0	0	0.0	0	0	0.0	0.0	0.0	0.0	0.0	0.0	0.0	0.0	0.0	0.0	0.0	0	0.0	0.0	0	0.0	0.0	0.0	0.0	0.0	0.0	0.0	0.0	0.0	0.0	0.0	0.0	0.0	0	0.0	0	0	0.0	0	0.0	0	0	0.0	0.0	0	0.0	0.0	0	0	0.0	0	0.0	0.0	0	0.0	0.0	0.0	0.0	0	0.0	0.0	0	0.0	0	0.0	0.0	0.0	0.0	0.0
Strain 3-1-1	0	0	0	0	0.0	0	0	0.0	0	0	0	0.0	0	0	0.0	0.0	0.0	0.0	0.0	0.0	0	0	0.0	0.0	0.0	0.0	0.0	0.0	0	0.0	0	0	0	0.0	1	0.0	0.0	0	0.0	1	0.0	0	0.0	0	0.0	0	0	0	0	0.0	0.0	0	0	0	0	0.131391	0.0	0	0.0	0.0	0.0	0.0	0.0	0.0	0.0	0.0	0.0	0.0	0	0.0	0	0.0	0	0	0	0.0	0	0.0	0.0	0.0	0.0	0.0	0.0	0	0.0	0.0	0	0.0	0.0	0.0	0.0	0.0	0	0	0.0	0	0	0.0	0.0	0.0	0.0	0.0	0.0	0.0	0.0	0.0	0.0	0.0	0	0.0	0.0	0	0.0	0.0	0.0	0.0	0.0	0.0	0.0	0.0	0.0	0.0	0.0	0.0	0.0	0	0.0	0	0	0.0	0	0.0	0	0	0.0	0.0	0	0.0	0.0	0	0	0.0	0	0.0	0.0	0	0.0	0.0	0.0	0.0	0	0.0	0.0	0	0.0	0	0.0	0.0	0.0	0.0	0.0
Strain 3-1	0	0	0	0	0.0	0	0	0.0	0	0	0	0.0	0	0	0.0	0.0	0.0	0.0	0.0	0.0	0	0	0.0	0.0	0.0	0.0	0.0	0.0	0	0.0	0	0	0	0.0	0	0.0	0.0	0	0.0	0	0.0	0	0.0	0	0.0	0	0	0	0	0.0	0.0	0	0	0	0	0.6371680000000001	0.0	0	0.0	0.0	0.0	0.0	0.0	0.0	0.0	0.0	0.0	0.0	0	0.0	0	0.0	0	0	0	0.0	0	0.0	0.0	0.0	0.0	0.0	0.0	0	0.0	0.0	0	0.0	0.0	0.0	0.0	0.0	0	0	0.0	0	0	0.0	0.0	0.0	0.0	0.0	0.0	0.0	0.0	0.0	0.0	0.0	0	0.0	0.0	0	0.0	0.0	0.0	0.0	0.0	0.0	0.0	0.0	0.0	0.0	0.0	0.0	0.0	0	0.0	0	0	0.0	0	0.0	0	0	0.0	0.0	0	0.0	0.0	0	0	0.0	0	0.0	0.0	0	0.0	0.0	0.0	0.0	0	0.0	0.0	0	0.0	0	0.0	0.0	0.0	0.0	0.0
Strain 2-2-0	0	0	0	0	0.0	0	0	0.0	0	0	0	0.0	0	0	0.0	0.0	0.0	0.0	0.0	0.0	0	0	0.0	0.0	0.0	0.0	0.0	0.0	0	0.0	0	0	0	0.0	0	0.0	0.0	0	0.0	0	0.0	0	0.0	0	0.0	0	0	0	0	0.0	0.0	0	0	0	0	0.0	0.0	0	0.0	0.0	0.0	0.0	0.0	0.0	0.0	0.0	0.0	0.0	0	0.0	0	0.0	0	0	0	0.0	0	0.0	0.0	0.0	0.0	0.0	0.0	0	0.0	0.0	0	0.0	0.0	0.0	0.0	0.0	0	0	0.0	0	0	0.0	0.0	0.0	0.0	0.0	0.0	0.0	0.0757079	0.0	0.0	0.0	0	0.0	0.0	0	0.0	0.0	0.0	0.0	0.0	0.0	0.0	0.0	0.0	0.0	0.0	0.0	0.0	0	0.0	0	0	0.0	0	0.0	0	0	0.0	0.0	0	0.0	0.0	0	0	0.0	0	0.0	0.0	0	0.0	0.0	0.0	0.0	0	0.0	0.0	0	0.0	0	0.0	0.0	0.0	0.0	0.0
Strain 2-2-1	0	0	0	0	0.0	0	0	0.0	0	0	0	0.0	0	0	0.0	0.0	0.0	0.0	0.0	0.0	0	0	0.0	0.0	0.0	0.0	0.0	0.0	0	0.0	0	0	0	0.0	0	0.0	0.0	0	0.0	0	0.0	0	0.0	0	0.0	0	0	0	0	0.0	0.0	0	0	0	0	0.0	0.0	0	0.0	0.0	0.0	0.0	0.0	0.0	0.0	0.0	0.0	0.0	0	0.0	0	0.0	0	0	0	0.0	0	0.0	0.0	0.0	0.0	0.0	0.0	0	0.0	0.0	0	0.0	0.0	0.0	0.0	0.0	0	0	0.0	0	0	0.0	0.0	0.0	0.0	0.0	0.0	0.0	0.0	0.0	0.0	0.0	0	0.0	0.0	0	0.0	0.0	0.0	0.0	0.0	0.0	0.0	0.0	0.0	0.0	0.0	0.0	0.0	0	0.0	0	0	0.0	0	0.0	0	0	0.0	0.0	0	0.0	0.0	0	0	0.0	0	0.0	0.0	0	0.0	0.0	0.0	0.0	0	0.0	0.0	0	0.0	0	0.0	0.0	0.0	0.0	0.0
Strain 2-2	0	0	0	0	0.0	0	0	0.0	1	0	0	0.0	0	0	0.0	0.0	0.0	0.0	0.0	0.0	1	0	0.0	0.0	0.0	0.0	0.0	0.0	0	0.0	0	0	0	0.0	0	0.0	0.0	0	0.0	0	0.0	0	0.0	0	0.0	0	0	0	0	0.0	0.0	0	0	0	0	0.0	0.0	0	0.0	0.0	0.0	0.0	0.0	0.0	0.0	0.0	0.0	0.0	0	0.0	0	0.0	1	1	0	0.0	0	0.0	0.0	0.0	0.0	0.0	0.0	0	0.0	0.0	0	0.0	0.0	0.0	0.0	0.0	1	0	0.0	0	0	0.0	0.0	0.0	0.0	0.0	0.0	0.0	0.0	0.0	0.0	0.0	0	0.0	0.0	0	0.0	0.0	0.0	0.0	0.0	0.0	0.599532	0.0	0.0	0.0	0.0	0.0	0.0	0	0.0	0	0	0.94726	0	0.0	1	0	0.0	0.0	0	0.0	0.0	0	0	0.0	0	0.0	0.0	0	0.0	0.0	0.0	0.0	0	0.0	0.0	0	0.355799	0	0.0	0.0	0.05	0.0	0.0
Strain 3-0	0	0	0	0	0.0	0	0	0.0	0	0	0	0.0	0	0	0.0	0.0	0.0	0.0	0.0	0.0	0	0	0.0	0.0	0.0	0.0	0.0	0.0	0	0.0	0	0	0	0.0	0	0.0	0.0	0	0.0	0	0.0	0	0.0	0	0.0	0	0	0	0	0.0	0.0	0	0	0	0	0.0	0.0	0	0.0	0.0	0.0	0.0	0.0	0.0	0.0	0.0	0.0	0.0	0	0.0	0	0.0	0	0	0	0.0	0	0.0	0.0	0.0	0.0	0.0	0.0	0	0.0	0.0	0	0.0	0.0	0.0	0.0	0.0	0	0	0.0	0	0	0.0	0.0	0.0	0.0	0.0	0.0	0.0	0.0	0.0	0.0	0.0	0	0.0	0.0	0	0.0	0.0	0.0	0.0	0.0	0.0	0.0	0.0	0.0	0.0	0.05	0.0	0.0	0	0.0	0	0	0.0	0	0.0	0	0	0.0	0.0	0	0.0	0.0	0	0	0.0	0	0.0	0.0	0	0.0	0.0	0.0	0.0	0	0.0	0.0	0	0.0	0	0.0	0.0	0.0	0.0	0.0
Strain 3-1	0	0	0	0	0.0	0	0	0.0	0	0	0	0.0	0	0	0.0	0.0	0.0	0.0	0.0	0.0	0	0	0.0	0.0	0.0	0.0	0.0	0.0	0	0.0	0	0	0	0.0	0	0.0	0.0	0	0.0	0	0.0	0	0.0	0	0.0	0	0	0	0	0.0	0.0	0	0	0	0	0.0	0.0	0	0.0	0.0	0.0	0.0	0.0	0.0	0.0	0.0	0.0	0.0	0	0.0	0	0.0	0	0	0	0.0	0	0.0	0.0	0.0	0.0	0.0	0.0	0	0.0	0.0	0	0.0	0.0	0.0	0.0	0.0	0	0	0.0	0	0	0.0	0.0	0.0	0.0	0.0	0.0	0.0	0.0	0.0	0.0	0.0	0	0.0	0.0	0	0.0	0.0	0.0	0.0	0.0	0.0	0.0	0.0	0.0	0.0	0.0	0.0	0.0	0	0.0	0	0	0.0	0	0.0	0	0	0.0	0.0	0	0.0	0.0	0	0	0.0	0	0.0	0.0	0	0.0	0.0	0.0	0.0	0	0.0	0.0	0	0.0	0	0.0	0.0	0.0	0.0	0.0
Strain 3-2	0	0	0	0	0.0	0	0	0.0	0	0	0	0.0	0	0	0.0	0.0	0.0	0.0	0.0	0.0	0	0	0.0	0.0	0.0	0.0	0.0	0.281532	0	0.0	0	0	0	0.0	0	0.0	0.0	0	0.0	0	0.0	0	0.0	0	0.0	0	0	0	0	0.0	0.0	0	0	0	0	0.0	0.0	0	0.0	0.0	0.0	0.0	0.0	0.0	0.0	0.0	0.0	0.0	0	0.0	0	0.0	0	0	0	0.0	0	0.0	0.0	0.0	0.0	0.0	0.0	0	0.0	0.0	0	0.0	0.0	0.0	0.0	0.0	0	0	0.0	0	0	0.0	0.0	0.0	0.0	0.0	0.0	0.0	0.0	0.0	0.0	0.0	0	0.0	0.0	0	0.0	0.0	0.0	0.0	0.0	0.0	0.0	0.0	0.0	0.0	0.0	0.0	0.0	0	0.0	0	0	0.0	0	0.0	0	0	0.0	0.0	0	0.0	0.0	0	0	0.0	0	0.0	0.0	0	0.0	0.0	0.0	0.0	0	0.0	0.0	0	0.0	0	0.0	0.0	0.0	0.0	0.0
Strain 3-3	0	0	0	0	0.0	0	0	0.0	0	0	0	0.0	0	0	0.0	0.0	0.0	0.0	0.0	0.0	0	0	0.0	0.0	0.0	0.0	0.0	0.0	0	0.0	0	0	0	0.0	0	0.0	0.0	0	0.0	0	0.0	0	0.0	0	0.0	0	0	0	0	0.0	0.0	0	0	0	0	0.0	0.0	0	0.0	0.0	0.0	0.0	0.0	0.0	0.0	0.0	0.0	0.0	0	0.0	0	0.0	0	0	0	0.0	0	0.0	0.0	0.0	0.0	0.0	0.0	0	0.0	0.0	0	0.0	0.0	0.0	0.0	0.0	0	0	0.0	0	0	0.0	0.0	0.0	0.0	0.0	0.0	0.0	0.0	0.0	0.0	0.0	0	0.0	0.0	0	0.0	0.0	0.0	0.0	0.0	0.0	0.0	0.0	0.0	0.0	0.0	0.0	0.0	0	0.0	0	0	0.0	0	0.0	0	0	0.0	0.0	0	0.0	0.0	0	0	0.0	0	0.0	0.0	0	0.0	0.0	0.0	0.0	0	0.0	0.0	0	0.0	0	0.0	0.0	0.0	0.0	0.0
Strain 3-4	0	0	0	0	0.0	0	0	0.0	0	0	0	0.0	0	0	0.0	0.0	0.0	0.0	0.0	0.0	0	0	0.0	0.0	0.0	0.0	0.0	0.0	0	0.0	0	0	0	0.0	0	0.0	0.0	0	0.0	0	0.0	0	0.0	0	0.0	0	0	0	0	0.0	0.0	0	0	0	0	0.0	0.0	0	0.0	0.0	0.0	0.0	0.0	0.0	0.0	0.0	0.0	0.0	0	0.0	0	0.0	0	0	0	0.0	0	0.0	0.0	0.0	0.0	0.0	0.0	0	0.0	0.0	0	0.0	0.0	0.0	0.0	0.0	0	0	0.0	0	0	0.0	0.0	0.0	0.0	0.0	0.0	0.0	0.0	0.0	0.0	0.0	0	0.0	0.0	0	0.0	0.0	0.0	0.0	0.0	0.0	0.0	0.0	0.0	0.0	0.0	0.0	0.0	0	0.0	0	0	0.0	0	0.0	0	0	0.0	0.0	0	0.0	0.0	0	0	0.0	0	0.0	0.0	0	0.0	0.0	0.0	0.0	0	0.0	0.0	0	0.0	0	0.0	0.0	0.0	0.0	0.0
Strain 3-5	0	0	0	0	0.0	0	0	0.0	0	0	0	0.0	0	0	0.0	0.0	0.0	0.0	0.0	0.0	0	0	0.0	0.0	0.0	0.0	0.0	0.0	0	0.0	0	0	0	0.0	0	0.0	0.0	0	0.0	0	0.0	0	0.0	0	0.0	0	0	0	0	0.0	0.0	0	0	0	0	0.0	0.0	0	0.0	0.0	0.0	0.0	0.0	0.0	0.0	0.0	0.0	0.0	0	0.0	0	0.0	0	0	0	0.0	0	0.0	0.0	0.0	0.0	0.0	0.0	0	0.0	0.0	0	0.0	0.0	0.0	0.0	0.0	0	0	0.0	0	0	0.0	0.0	0.0	0.0	0.0	0.0	0.0	0.0	0.0	0.0	0.0	0	0.0	0.0	0	0.0	0.0	0.0	0.0	0.0	0.0	0.0	0.0	0.0	0.0	0.0	0.0	0.0	0	0.0	0	0	0.0	0	0.0	0	0	0.0	0.0	0	0.0	0.0	0	0	0.0	0	0.0	0.0	0	0.0	0.0	0.0	0.0	0	0.0	0.0	0	0.0	0	0.0	0.0	0.0	0.0	0.0
Strain 3-6	0	0	0	0	0.0	0	0	0.0	0	0	0	0.0	0	0	0.0	0.0	0.0	0.0	0.0	0.0	0	0	0.0	0.0	0.0	0.0	0.0	0.0	0	0.0	0	0	0	0.0	0	0.0	0.0	0	0.0	0	0.0	0	0.0	0	0.0	0	0	0	0	0.0	0.0	0	0	0	0	0.0	0.0	0	0.0	0.0	0.0	0.0	0.0	0.0	0.0	0.0	0.0	0.05	0	0.0	0	0.0	0	0	0	0.0	0	0.0	0.0	0.0	0.0	0.0	0.0	0	0.0	0.0	0	0.0	0.0	0.0	0.0	0.0	0	0	0.0	0	0	0.0	0.0	0.0	0.0	0.0	0.0	0.0	0.0	0.0	0.0	0.0	0	0.0	0.0	0	0.0	0.0	0.0	0.0	0.0	0.0	0.0	0.0	0.0	0.0	0.0	0.0	0.0	0	0.0	0	0	0.0	0	0.0	0	0	0.0	0.0	0	0.0	0.0	0	0	0.0	0	0.0	0.0	0	0.0	0.0	0.0	0.0	0	0.0	0.0	0	0.0	0	0.0	0.0	0.0	0.0	0.0
Strain 3-7	0	0	0	0	0.0	0	0	0.0	0	0	0	0.0	0	0	0.0	0.0	0.0	0.0	0.0	0.0	0	0	0.0	0.0	0.0	0.0	0.0	0.0	0	0.0	0	0	0	0.0	0	0.0	0.0	0	0.0	0	0.0	0	0.0	0	0.0	0	0	0	0	0.0	0.0	0	0	0	0	0.0	0.0	0	0.0	0.0	0.0	0.0	0.0	0.0	0.0	0.0	0.0	0.0	0	0.0	0	0.0	0	0	0	0.0	0	0.0	0.0	0.0	0.0	0.0	0.0	0	0.0	0.0	0	0.0	0.0	0.0	0.0	0.0	0	0	0.0	0	0	0.0	0.0	0.0	0.0	0.0	0.0	0.0	0.0	0.0	0.0	0.0	0	0.0	0.0	0	0.0	0.0	0.0	0.0	0.0	0.0	0.0	0.0	0.0	0.0	0.0	0.0	0.0	0	0.0	0	0	0.0	0	0.0	0	0	0.0	0.0	0	0.0	0.0	0	0	0.0	0	0.0	0.0	0	0.0	0.0	0.0	0.0	0	0.0	0.0	0	0.0	0	0.0	0.0	0.0	0.0	0.0
Strain 3-8	0	0	0	0	0.0	0	0	0.0	0	0	0	0.0	0	0	0.0	0.0	0.0	0.0	0.0	0.0	0	0	0.0	0.0	0.0	0.0	0.0	0.0	0	0.0	0	0	0	0.0	0	0.0	0.0	0	0.0	0	0.0	0	0.0	0	0.0	0	0	0	0	0.0	0.0	0	0	0	0	0.0	0.0	0	0.0	0.0	0.0	0.0	0.0	0.0	0.0	0.0	0.0	0.0	0	0.0	0	0.0	0	0	0	0.0	0	0.0	0.0	0.0	0.0	0.0	0.0	0	0.0	0.0	0	0.0	0.0	0.0	0.0	0.0	0	0	0.0	0	0	0.0	0.0	0.0	0.0	0.0	0.0	0.0	0.0	0.0	0.0	0.0	0	0.0	0.0	0	0.0	0.0	0.0	0.0	0.0	0.0	0.0	0.0	0.0	0.0	0.0	0.0	0.0	0	0.0	0	0	0.0	0	0.0	0	0	0.0	0.0	0	0.0	0.0	0	0	0.0	0	0.0	0.0	0	0.0	0.0	0.0	0.0	0	0.0	0.0	0	0.0	0	0.0	0.0	0.05	0.0	0.0
Strain 3-9	0	0	0	0	0.0	0	0	0.0	0	0	0	0.0	0	0	0.0	0.0	0.0	0.0	0.0	0.0	0	0	0.0	0.0	0.0	0.0	0.0	0.0	0	0.0	0	0	0	0.0	0	0.0	0.0	0	0.0	0	0.0	0	0.0	0	0.0	0	0	0	0	0.0	0.0	0	0	0	0	0.0	0.0	0	0.0	0.0	0.0	0.0	0.0	0.0	0.0	0.0	0.0	0.0	0	0.0	0	0.0	0	0	0	0.0	0	0.0	0.0	0.0	0.0	0.0	0.0	0	0.0	0.0	0	0.0	0.0	0.0	0.0	0.0	0	0	0.0	0	0	0.0	0.0	0.0	0.0	0.0	0.0	0.0	0.0	0.0	0.0	0.0	0	0.0	0.0	0	0.0	0.0	0.0	0.0	0.0	0.0	0.0	0.0	0.0	0.0	0.0	0.0	0.0	0	0.0	0	0	0.0	0	0.0	0	0	0.0	0.0	0	0.0	0.0	0	0	0.0	0	0.0	0.0	0	0.0	0.0	0.0	0.0	0	0.0	0.0	0	0.0	0	0.0	0.0	0.0	0.0	0.0
Strain 3-10	0	0	0	0	0.0	0	0	0.0	0	0	0	0.0	0	0	0.0	0.0	0.0	0.0	0.0	0.0	0	0	0.0	0.0	0.0	0.0	0.0	0.0	0	0.0	0	0	0	0.0	0	0.0	0.0	0	0.0	0	0.0	0	0.0	0	0.0	0	0	0	0	0.0	0.0	0	0	0	0	0.0	0.0	0	0.0	0.0	0.0	0.0	0.0	0.0	0.0	0.0	0.0	0.0	0	0.0	0	0.0	0	0	0	0.0	0	0.0	0.0	0.0	0.0	0.0	0.0	0	0.0	0.0	0	0.0	0.0	0.0	0.0	0.0	0	0	0.0	0	0	0.0	0.0	0.0	0.0	0.05	0.0	0.0	0.0	0.0	0.0	0.0	0	0.0	0.0	0	0.0	0.0	0.0	0.0	0.0	0.0	0.0	0.0	0.0	0.0	0.0	0.0	0.0	0	0.0	0	0	0.0	0	0.0	0	0	0.0	0.0	0	0.0	0.0	0	0	0.0	0	0.0	0.0	0	0.0	0.0	0.0	0.0	0	0.0	0.0	0	0.0	0	0.0	0.0	0.0	0.0	0.0
Strain 3-11	0	0	0	0	0.0	0	0	0.0	0	0	0	0.0	0	0	0.0	0.0	0.0	0.0	0.0	0.0	0	0	0.0	0.0	0.0	0.0	0.0	0.0	0	0.0	0	0	0	0.0	0	0.0	0.0	0	0.0	0	0.0	0	0.0	0	0.0	0	0	0	0	0.0	0.0	0	0	0	0	0.0	0.0	0	0.0	0.0	0.0	0.0	0.0	0.0	0.0	0.0	0.0	0.0	0	0.0	0	0.0	0	0	0	0.0	0	0.0	0.0	0.0	0.0	0.0	0.0	0	0.0	0.0	0	0.0	0.0	0.0	0.0	0.0	0	0	0.0	0	0	0.0	0.0	0.0	0.0	0.0	0.0	0.0	0.0	0.0	0.0	0.0	0	0.0	0.0	0	0.0	0.0	0.0	0.0	0.0	0.0	0.0	0.0	0.0	0.0	0.0	0.0	0.0	0	0.0	0	0	0.0	0	0.0	0	0	0.0	0.0	0	0.0	0.0	0	0	0.0	0	0.0	0.0	0	0.0	0.0	0.0	0.0	0	0.0	0.0	0	0.0	0	0.0	0.0	0.0	0.0	0.0
Strain 3-12	0	0	0	0	0.0	0	0	0.0	0	0	0	0.0	0	0	0.0	0.0	0.0	0.0	0.0	0.0	0	0	0.0	0.0	0.0	0.0	0.0	0.0	0	0.0	0	0	0	0.0	0	0.0	0.0	0	0.0	0	0.0	0	0.0	0	0.0	0	0	0	0	0.0	0.0	0	0	1	0	0.0	0.0	0	0.0	0.0	0.0	0.0	0.0	0.0	0.0	0.0	0.0	0.0	0	0.0	0	0.0	0	0	0	0.0	0	0.0	0.0	0.0	0.0	0.0	0.0	0	0.0	0.0	0	0.0	0.0	0.0	0.0	0.0	0	0	0.0	0	0	0.0	0.0	0.0	0.0	0.0	0.0	0.0	0.0	0.0	0.0	0.0	0	0.0	0.0	0	0.0	0.0	0.0	0.0	0.0	0.0	0.0	0.0	0.0	0.0	0.0	0.0	0.0	0	0.0	0	0	0.0	0	0.0	0	0	0.0	0.0	0	0.0	0.0	0	0	0.0	0	0.0	0.0	0	0.0	0.0	0.0	0.0	0	0.0	0.0	0	0.0	0	0.0	0.0	0.0	0.0	0.0
Strain 3-13	0	0	0	0	0.0	0	0	0.0	0	0	0	0.0	0	0	0.0	0.0	0.0	0.0	0.0	0.0	0	0	0.0	0.0	0.0	0.0	0.0	0.0	0	0.0	0	0	0	0.0	0	0.0	0.0	0	0.0	0	0.0	0	0.0	0	0.0	0	0	0	0	0.0	0.0	0	0	0	0	0.0	0.0	0	0.0	0.0	0.0	0.0	0.0	0.0	0.0	0.0	0.0	0.0	0	0.0	0	0.0	0	0	0	0.0	0	0.0	0.0	0.0	0.0	0.0	0.0	0	0.0	0.0	0	0.0	0.0	0.0	0.0	0.0	0	0	0.0	0	0	0.0	0.0	0.0	0.0	0.0	0.0	0.0	0.0	0.0	0.0	0.0	0	0.0	0.0	0	0.0	0.0	0.0	0.0	0.0	0.0	0.0	0.0	0.0	0.0	0.0	0.0	0.0	0	0.0	0	0	0.0	0	0.0	0	0	0.0	0.0	0	0.0	0.0	0	0	0.0	0	0.0	0.0	0	0.0	0.0	0.0	0.0	0	0.0	0.0	0	0.0	0	0.0	0.0	0.0	0.0	0.0
Strain 3	0	0	0	0	0.0	0	0	0.0	0	0	0	0.0	0	0	0.0	0.0	0.0	0.0	0.0	0.0	0	0	0.0	0.0	0.0	0.0	0.0	0.0	0	0.0	0	0	0	0.0	0	0.0	0.0	1	0.0	0	0.0	0	0.0	0	0.0	0	1	0	0	0.895652	0.8	0	0	0	0	0.0	0.0	0	0.0	0.0	0.0	0.0	0.0	0.0	0.108696	0.0	0.0	0.0	0	0.0	0	0.0	0	0	0	0.0	0	0.0	0.0	0.0	0.0	0.0	0.0	0	0.0	0.0	0	0.0	0.119624	0.0	0.0	0.0	0	0	0.0	0	0	0.165049	0.0	0.0	0.0	0.0	0.20652199999999998	0.197917	0.0	0.0	0.0	0.197674	0	0.0	0.0	0	0.0	0.197674	0.0	0.0	0.0	0.0	0.0	0.0	0.0	0.0	0.0	0.95	0.0	0	0.0	1	1	0.0	0	0.0	0	0	0.0	0.0	1	0.0	0.0	1	0	0.0	1	0.0	0.0	0	0.0	0.0	0.0	0.0	0	0.0	0.0	0	0.0	0	0.0	0.0	0.0	0.0	0.0
Strain 1-0	0	0	0	0	0.0	0	0	0.0	0	0	0	0.0	0	0	0.0	0.0	0.0	0.0	0.0	0.0	0	0	0.0	0.0	0.0	0.256198	0.0	0.0	0	0.0	0	0	0	0.140845	0	0.0	0.0	0	0.0	0	0.0	0	0.0	0	0.0	0	0	0	0	0.0	0.0	0	0	0	0	0.0	0.0	0	0.05	0.0	0.0	0.0	0.0	0.0	0.0	0.0	0.0	0.0	0	0.0	0	0.0	0	0	0	0.0	0	0.0	0.0	0.0	0.0	0.0	0.0	0	0.0	0.0	0	0.0	0.0	0.0	0.0	0.0	0	0	0.0	0	0	0.0	0.0	0.0	0.0	0.0	0.0	0.0	0.0	0.0	0.0	0.0	0	0.0	0.0	0	0.0	0.0	0.0	0.0	0.0	0.0	0.0	0.0	0.0	0.0	0.0	0.0	0.0	0	0.0	0	0	0.0	0	0.0	0	0	0.0	0.0	0	0.0	0.0	0	0	0.0	0	0.0	0.0	0	0.0	0.0	0.0	0.0	0	0.0	0.0	0	0.0	0	0.0	0.0	0.0	0.0	0.0
Strain 1-1	0	0	0	0	0.0	0	0	0.0	0	0	0	0.0	0	0	0.0	0.0	0.0	0.0	0.0	0.0	0	0	0.0	0.0	0.0	0.0	0.0	0.0	0	0.0	0	0	0	0.0	0	0.0	0.0	0	0.0	0	0.0	0	0.0	0	0.0	0	0	0	0	0.0	0.0	0	0	0	0	0.0	0.0	0	0.0	0.0	0.0	0.0	0.0	0.0	0.0	0.0	0.0	0.0	0	0.0	0	0.0	0	0	0	0.0	0	0.0	0.0	0.0	0.0	0.0	0.0	0	0.0	0.0	0	0.0	0.0	0.0	0.0	0.0	0	0	0.0	0	0	0.0	0.0	0.0	0.0	0.0	0.0	0.0	0.0562365	0.0	0.0	0.0	0	0.0	0.0	0	0.0	0.0	0.0	0.0	0.0	0.0	0.0	0.0	0.0	0.0	0.0	0.0	0.0	0	0.0	0	0	0.0	0	0.0	0	0	0.0	0.0	0	0.0	0.0	0	0	0.0	0	0.0	0.0	0	0.0	0.0	0.0	0.0	0	0.0	0.0	0	0.0	0	0.0	0.0	0.0	0.0	0.0
Strain 1	0	0	0	0	0.0	0	0	0.0	0	0	0	0.0	0	0	0.0	0.0	0.0	0.0	0.0	0.0	0	0	0.0	0.0	0.0	0.0	0.0	0.718468	0	0.648413	0	0	0	0.0	0	0.0	0.0	0	0.0	0	0.0	0	0.0	0	0.0	0	0	0	0	0.0	0.0	0	0	0	0	0.114543	0.0	0	0.0	0.0	0.0	0.0	0.0	0.0	0.0	0.0	0.0	0.0	0	0.0	0	0.0	0	0	0	0.0	0	0.0	0.0	0.0	0.0	0.0	0.0	0	0.0	0.0	0	0.0	0.0	0.0	0.0	0.0	0	0	0.0	0	0	0.0	0.0	0.0	0.0	0.0	0.0	0.0	0.8680559999999999	0.0	0.0	0.0	0	0.0	0.0	0	0.0	0.0	0.0	0.0	0.0	0.0	0.0	0.0	0.0	0.0	0.0	0.0	0.0	0	0.0	0	0	0.0	0	0.0	0	0	0.0	0.0	0	0.0	0.0	0	0	0.0	0	0.0	0.0	0	0.0	0.0	0.0	0.0	0	0.0	0.0	0	0.0	0	0.0	0.0	0.0	0.0	0.0
Strain 2	0	0	0	0	0.0	0	0	0.05	0	0	0	0.0	0	0	0.0	0.0	0.0	0.0	0.10416700000000001	0.0	0	0	0.0	0.0	0.05	0.0	0.0	0.0	0	0.0	0	0	0	0.0	0	0.0	0.0	0	0.0	0	0.0	0	0.0	0	0.0	0	0	0	0	0.0	0.2	0	0	0	0	0.0	0.0	0	0.0	0.0	0.0	0.0	0.0	0.0	0.0	0.0	0.193548	0.0	0	0.0	0	0.0	0	0	0	0.0	0	0.0	0.0	0.0	0.05	0.0	0.0	0	0.0	0.0	0	0.0	0.058947400000000004	0.0	0.0	0.0	0	0	0.0	0	0	0.0	0.0	0.0	0.0	0.0	0.0	0.0	0.0	0.054421800000000006	0.0	0.0	0	0.0	0.0	0	0.0	0.0	0.0	0.0	0.0	0.057553999999999994	0.0	0.0	0.0	0.0	0.674138	0.0	0.0	0	0.0	0	0	0.0	0	0.0	0	0	0.0	0.0	0	0.0	0.0	0	0	0.0	0	0.0	0.0	0	0.0	0.0	0.0	0.0	0	0.0	0.0	0	0.0	0	0.185764	0.0	0.0	0.0	0.147059
Strain 3-6	0	0	0	0	0.0	0	0	0.0	0	0	0	0.0	0	0	0.0	0.0	0.0	0.0	0.0	0.0	0	0	0.0	0.0	0.0	0.0	0.0	0.0	0	0.0	0	0	0	0.0	0	0.0	0.0	0	0.0	0	0.0	0	0.0	0	0.0	0	0	0	0	0.0	0.0	0	0	0	0	0.0	0.0	0	0.0	0.0	0.0	0.0	0.0	0.0	0.0	0.0	0.0	0.0	0	0.0	0	0.0	0	0	0	0.0	1	0.0	0.0	0.0	0.0	0.12121199999999999	0.0	0	0.0	0.0	0	0.0	0.0	0.0	0.0	0.0	0	0	0.0	0	0	0.0	0.0	0.0	0.0	0.0	0.0	0.0	0.0	0.0	0.0	0.0	0	0.0	0.0	0	0.0	0.0	0.0	0.0	0.0	0.0	0.0	0.0	0.0	0.0	0.0	0.0	0.0	0	0.0	0	0	0.0	0	0.0806452	0	0	0.0	0.0	0	0.0	0.0	0	0	0.0	0	0.0	0.0	0	0.0	0.0	0.0	0.0	0	0.0	0.0	0	0.0	0	0.0	0.0	0.0	0.0	0.0
