pos	ref	alt	gene	N/S	AA	SRR11059940|China:Wuhan	SRR11059942|China:Wuhan	SRR11059944|China:Wuhan	SRR11059945|China:Wuhan	SRR11059946|China:Wuhan	SRR11059947|China:Wuhan	SRR11092062|China: Wuhan	SRR11177792|Nepal: Kathmandu	SRR11241254|USA: Seattle\, WA	SRR11241255|USA: Seattle\, WA	SRR11247076|USA: WA	SRR11247077|USA: WA	SRR11247078|USA: WA	SRR11278091|USA:WA	SRR11278164|USA:WA	SRR11278166|USA:WA	SRR11278167|USA:WA	SRR11397717|Australia: Melbourne\, Victoria	SRR11397719|Australia: Melbourne\, Victoria	SRR11397720|Australia: Melbourne\, Victoria	SRR11397728|Australia: Melbourne\, Victoria	SRR11410528|USA	SRR11410536|USA	SRR11426414|Germany: Starnberg	SRR11426415|Germany: Starnberg	SRR11426417|Germany: Starnberg	SRR11426418|Germany: Starnberg	SRR11454607|China: Hubei	SRR11454608|China: Hubei	SRR11454609|China: Hubei	SRR11454613|China: Hubei	SRR11454614|China: Hubei	SRR11454615|China: Hubei	SRR11476445|USA: Washington	SRR11479027|USA	SRR11479029|USA	SRR11479031|USA	SRR11479037|USA	SRR11479040|USA	SRR11479044|USA	SRR11479046|USA	SRR11491744|USA	SRR11491746|USA	SRR11491747|USA	SRR11491748|USA	SRR11491753|USA	SRR11491756|USA	SRR11491757|USA	SRR11491758|USA	SRR11491759|USA	SRR11491762|USA	SRR11491765|USA	SRR11491766|USA	SRR11491767|USA	SRR11491769|USA	SRR11491771|USA	SRR11491772|USA	SRR11494453|Australia: Victoria	SRR11494456|Australia: Victoria	SRR11494460|Australia: Victoria	SRR11494461|Australia: Victoria	SRR11494466|Australia: Victoria	SRR11494467|Australia: Victoria	SRR11494474|Australia: Victoria	SRR11494475|Australia: Victoria	SRR11494479|Australia: Victoria	SRR11494480|Australia: Victoria	SRR11494485|Australia: Victoria	SRR11494486|Australia: Victoria	SRR11494493|Australia: Victoria	SRR11494497|Australia: Victoria	SRR11494498|Australia: Victoria	SRR11494499|Australia: Victoria	SRR11494500|Australia: Victoria	SRR11494505|Australia: Victoria	SRR11494507|Australia: Victoria	SRR11494509|Australia: Victoria	SRR11494511|Australia: Victoria	SRR11494513|Australia: Victoria	SRR11494514|Australia: Victoria	SRR11494519|Australia: Victoria	SRR11494520|Australia: Victoria	SRR11494523|Australia: Victoria	SRR11494524|Australia: Victoria	SRR11494536|Australia: Victoria	SRR11494538|Australia: Victoria	SRR11494544|Australia: Victoria	SRR11494547|Australia: Victoria	SRR11494551|Australia: Victoria	SRR11494556|Australia: Victoria	SRR11494557|Australia: Victoria	SRR11494559|Australia: Victoria	SRR11494565|Australia: Victoria	SRR11494567|Australia: Victoria	SRR11494568|Australia: Victoria	SRR11494569|Australia: Victoria	SRR11494577|Australia: Victoria	SRR11494578|Australia: Victoria	SRR11494581|Australia: Victoria	SRR11494582|Australia: Victoria	SRR11494583|Australia: Victoria	SRR11494585|Australia: Victoria	SRR11494588|Australia: Victoria	SRR11494589|Australia: Victoria	SRR11494591|Australia: Victoria	SRR11494593|Australia: Victoria	SRR11494594|Australia: Victoria	SRR11494598|Australia: Victoria	SRR11494601|Australia: Victoria	SRR11494603|Australia: Victoria	SRR11494606|Australia: Victoria	SRR11494607|Australia: Victoria	SRR11494608|Australia: Victoria	SRR11494609|Australia: Victoria	SRR11494612|Australia: Victoria	SRR11494613|Australia: Victoria	SRR11494619|Australia: Victoria	SRR11494620|Australia: Victoria	SRR11494623|Australia: Victoria	SRR11494626|Australia: Victoria	SRR11494633|Australia: Victoria	SRR11494634|Australia: Victoria	SRR11494636|Australia: Victoria	SRR11494638|Australia: Victoria	SRR11494641|Australia: Victoria	SRR11494644|Australia: Victoria	SRR11494648|Australia: Victoria	SRR11494649|Australia: Victoria	SRR11494650|Australia: Victoria	SRR11494651|Australia: Victoria	SRR11494652|Australia: Victoria	SRR11494653|Australia: Victoria	SRR11494655|Australia: Victoria	SRR11494656|Australia: Victoria	SRR11494659|Australia: Victoria	SRR11494668|Australia: Victoria	SRR11494671|Australia: Victoria	SRR11494674|Australia: Victoria	SRR11494682|Australia: Victoria	SRR11494687|Australia: Victoria	SRR11494688|Australia: Victoria	SRR11494696|Australia: Victoria	SRR11494698|Australia: Victoria	SRR11494703|Australia: Victoria	SRR11494709|Australia: Victoria	SRR11494714|Australia: Victoria	SRR11494715|Australia: Victoria	SRR11494719|Australia: Victoria	SRR11494725|Australia: Victoria	SRR11494727|Australia: Victoria	SRR11494728|Australia: Victoria	SRR11494730|Australia: Victoria	SRR11494740|Australia: Victoria	SRR11494742|Australia: Victoria	SRR11494743|Australia: Victoria	SRR11494744|Australia: Victoria	SRR11494745|Australia: Victoria	SRR11494748|Australia: Victoria	SRR11494753|Australia: Victoria	SRR11494759|Australia: Victoria	SRR11494762|Australia: Northern Territory
241	C	T	noncoding			0.0	0.0	0.0	0.0	0.0	0.0	0.0	0.0	0.0	0.0	0.0	0.0	0.0	0.0	0.0	0.0	0.0	0.0	0.0	0.0	0.0	193.0	0.0	0.0	0.0	0.0	0.0	0.0	0.0	0.0	0.0	0.0	0.0	0.0	203.0	0.0	0.0	208.0	169.0	228.0	10.0	222.0	0.0	234.0	0.0	238.0	236.0	236.0	233.0	225.0	238.0	195.0	233.0	0.0	193.0	175.0	155.0	121.0	3.0	1.0	0.0	0.0	0.0	0.0	100.0	0.0	0.0	119.0	213.0	0.0	0.0	0.0	0.0	0.0	177.0	0.0	174.0	0.0	0.0	0.0	0.0	185.0	0.0	1.0	0.0	0.0	154.0	0.0	183.0	0.0	0.0	170.0	0.0	0.0	0.0	0.0	0.0	200.0	0.0	0.0	0.0	189.0	200.0	182.0	0.0	0.0	0.0	186.0	0.0	198.0	0.0	170.0	1.0	188.0	0.0	0.0	0.0	0.0	0.0	0.0	0.0	0.0	1.0	194.0	0.0	237.0	0.0	178.0	195.0	0.0	1.0	174.0	0.0	183.0	0.0	0.0	184.0	0.0	0.0	189.0	0.0	1.0	185.0	0.0	1.0	177.0	0.0	0.0	0.0	0.0	150.0	0.0	0.0	185.0	63.0	181.0	0.0	0.0	153.0	0.0	0.0
379	C	A	ORF1a	S	V38V	0.0	0.0	0.0	0.0	0.0	0.0	0.0	0.0	0.0	0.0	0.0	0.0	0.0	0.0	0.0	0.0	0.0	0.0	0.0	0.0	0.0	234.0	18.0	0.0	0.0	0.0	0.0	0.0	0.0	0.0	0.0	0.0	0.0	1.0	0.0	0.0	0.0	0.0	0.0	0.0	0.0	0.0	0.0	0.0	0.0	0.0	0.0	0.0	0.0	0.0	0.0	0.0	5.0	0.0	0.0	144.0	14.0	0.0	0.0	0.0	0.0	0.0	0.0	0.0	0.0	0.0	1.0	0.0	144.0	0.0	0.0	0.0	0.0	0.0	138.0	0.0	0.0	0.0	0.0	0.0	0.0	0.0	0.0	0.0	0.0	0.0	0.0	0.0	0.0	0.0	0.0	0.0	0.0	0.0	0.0	0.0	0.0	0.0	0.0	0.0	0.0	0.0	0.0	0.0	0.0	0.0	0.0	0.0	0.0	0.0	0.0	0.0	0.0	0.0	0.0	0.0	1.0	0.0	0.0	0.0	0.0	0.0	0.0	0.0	0.0	0.0	0.0	0.0	0.0	0.0	0.0	0.0	0.0	0.0	0.0	0.0	0.0	0.0	0.0	0.0	0.0	0.0	0.0	0.0	1.0	1.0	0.0	0.0	0.0	0.0	0.0	0.0	0.0	0.0	0.0	1.0	0.0	0.0	0.0	0.0	0.0
490	T	A	ORF1a	N	D75E	0.0	0.0	0.0	0.0	0.0	0.0	0.0	0.0	0.0	0.0	0.0	0.0	0.0	0.0	0.0	0.0	0.0	0.0	0.0	0.0	0.0	0.0	0.0	0.0	0.0	1.0	0.0	0.0	0.0	0.0	0.0	0.0	0.0	0.0	0.0	0.0	0.0	0.0	0.0	0.0	0.0	0.0	163.0	0.0	0.0	0.0	0.0	0.0	0.0	0.0	0.0	0.0	0.0	0.0	0.0	0.0	0.0	0.0	157.0	0.0	0.0	0.0	0.0	0.0	0.0	0.0	0.0	0.0	0.0	0.0	218.0	0.0	0.0	0.0	0.0	0.0	0.0	0.0	0.0	0.0	0.0	0.0	0.0	171.0	0.0	0.0	0.0	0.0	0.0	0.0	0.0	0.0	0.0	211.0	0.0	0.0	201.0	0.0	0.0	0.0	0.0	0.0	0.0	0.0	0.0	0.0	0.0	1.0	194.0	0.0	0.0	0.0	0.0	0.0	0.0	0.0	0.0	0.0	0.0	0.0	0.0	0.0	0.0	0.0	0.0	0.0	0.0	0.0	0.0	0.0	208.0	0.0	0.0	0.0	0.0	1.0	0.0	0.0	0.0	1.0	0.0	0.0	0.0	0.0	0.0	0.0	0.0	0.0	0.0	0.0	0.0	0.0	0.0	0.0	0.0	0.0	0.0	0.0	0.0	0.0	0.0
1059	C	T	ORF1a	N	T265I	0.0	0.0	0.0	0.0	0.0	0.0	0.0	1.0	0.0	0.0	0.0	0.0	0.0	0.0	0.0	0.0	0.0	0.0	0.0	0.0	0.0	258.0	3.0	0.0	0.0	0.0	0.0	0.0	0.0	0.0	0.0	1.0	0.0	1.0	270.0	0.0	0.0	3.0	141.0	270.0	9.0	268.0	97.0	1.0	0.0	172.0	0.0	217.0	154.0	10.0	0.0	262.0	181.0	0.0	261.0	298.0	207.0	0.0	0.0	0.0	1.0	0.0	0.0	0.0	0.0	0.0	0.0	0.0	178.0	0.0	0.0	0.0	0.0	0.0	146.0	0.0	0.0	0.0	0.0	2.0	1.0	0.0	0.0	0.0	0.0	1.0	0.0	0.0	0.0	0.0	0.0	0.0	0.0	0.0	0.0	0.0	0.0	0.0	0.0	0.0	0.0	143.0	0.0	0.0	0.0	0.0	0.0	0.0	0.0	153.0	0.0	0.0	0.0	0.0	0.0	0.0	0.0	0.0	0.0	0.0	0.0	0.0	0.0	0.0	0.0	190.0	0.0	0.0	0.0	0.0	0.0	0.0	0.0	146.0	0.0	0.0	0.0	0.0	1.0	1.0	0.0	0.0	0.0	0.0	0.0	0.0	0.0	0.0	0.0	0.0	0.0	0.0	0.0	0.0	133.0	0.0	1.0	0.0	0.0	0.0	0.0
1440	G	A	ORF1a	N	G392D	0.0	0.0	0.0	0.0	15.0	0.0	0.0	0.0	0.0	0.0	0.0	0.0	0.0	0.0	0.0	0.0	0.0	0.0	1.0	0.0	0.0	0.0	0.0	0.0	0.0	0.0	0.0	0.0	0.0	0.0	0.0	0.0	0.0	0.0	0.0	0.0	0.0	0.0	0.0	0.0	220.0	0.0	0.0	0.0	0.0	0.0	0.0	0.0	0.0	0.0	0.0	0.0	0.0	0.0	0.0	0.0	0.0	0.0	0.0	0.0	0.0	0.0	0.0	98.0	0.0	0.0	0.0	0.0	0.0	0.0	0.0	0.0	0.0	0.0	1.0	0.0	0.0	0.0	0.0	0.0	162.0	1.0	0.0	0.0	0.0	0.0	0.0	0.0	0.0	0.0	174.0	0.0	0.0	0.0	0.0	0.0	0.0	0.0	0.0	0.0	0.0	10.0	0.0	0.0	0.0	0.0	0.0	0.0	0.0	0.0	0.0	0.0	0.0	0.0	0.0	0.0	0.0	0.0	0.0	0.0	0.0	0.0	0.0	0.0	0.0	0.0	0.0	0.0	0.0	0.0	0.0	0.0	0.0	0.0	0.0	0.0	0.0	0.0	0.0	0.0	0.0	0.0	0.0	172.0	0.0	0.0	0.0	0.0	0.0	0.0	0.0	0.0	0.0	0.0	0.0	0.0	0.0	0.0	0.0	0.0	0.0
1515	A	G	ORF1a	N	H417R	0.0	1.0	2.0	1.0	0.0	2.0	0.0	1.0	0.0	0.0	0.0	0.0	0.0	0.0	0.0	0.0	0.0	0.0	0.0	0.0	0.0	0.0	0.0	0.0	0.0	0.0	0.0	0.0	0.0	1.0	0.0	4.0	0.0	0.0	0.0	0.0	0.0	0.0	0.0	0.0	0.0	0.0	0.0	0.0	0.0	0.0	0.0	0.0	0.0	0.0	0.0	0.0	0.0	0.0	0.0	0.0	0.0	0.0	0.0	0.0	0.0	0.0	0.0	0.0	0.0	0.0	0.0	0.0	0.0	1.0	0.0	0.0	0.0	0.0	0.0	0.0	0.0	0.0	0.0	0.0	0.0	0.0	0.0	0.0	0.0	0.0	0.0	1.0	0.0	0.0	1.0	12.0	0.0	0.0	84.0	0.0	0.0	0.0	0.0	0.0	0.0	0.0	0.0	0.0	0.0	0.0	0.0	0.0	0.0	0.0	1.0	0.0	132.0	0.0	0.0	0.0	149.0	0.0	0.0	154.0	0.0	0.0	0.0	1.0	0.0	0.0	0.0	0.0	0.0	1.0	0.0	0.0	0.0	0.0	0.0	0.0	0.0	0.0	0.0	0.0	0.0	0.0	0.0	0.0	0.0	0.0	144.0	0.0	0.0	0.0	0.0	1.0	1.0	0.0	0.0	0.0	0.0	0.0	0.0	0.0	0.0
2891	G	A	ORF1a	N	A876T	0.0	0.0	0.0	0.0	0.0	0.0	0.0	1.0	0.0	0.0	0.0	0.0	1.0	0.0	0.0	0.0	0.0	0.0	0.0	1.0	0.0	0.0	0.0	0.0	0.0	0.0	0.0	0.0	0.0	0.0	0.0	0.0	1.0	0.0	0.0	0.0	0.0	0.0	0.0	0.0	199.0	0.0	0.0	0.0	0.0	0.0	0.0	0.0	0.0	0.0	0.0	0.0	0.0	0.0	1.0	0.0	0.0	0.0	0.0	0.0	0.0	0.0	0.0	65.0	0.0	0.0	0.0	0.0	0.0	0.0	0.0	0.0	0.0	0.0	0.0	0.0	0.0	0.0	0.0	0.0	117.0	0.0	0.0	0.0	0.0	0.0	0.0	0.0	0.0	0.0	115.0	0.0	0.0	0.0	0.0	0.0	0.0	0.0	0.0	0.0	0.0	16.0	0.0	0.0	0.0	1.0	0.0	0.0	0.0	0.0	0.0	0.0	0.0	0.0	0.0	0.0	0.0	0.0	0.0	0.0	0.0	0.0	0.0	0.0	0.0	0.0	0.0	0.0	0.0	0.0	0.0	0.0	0.0	0.0	0.0	0.0	0.0	0.0	0.0	0.0	0.0	0.0	0.0	110.0	0.0	0.0	0.0	0.0	0.0	0.0	0.0	0.0	0.0	0.0	0.0	0.0	0.0	0.0	0.0	0.0	0.0
3037	C	T	ORF1a	S	F924F	0.0	0.0	1.0	1.0	1.0	4.0	0.0	0.0	0.0	0.0	0.0	0.0	0.0	0.0	0.0	0.0	0.0	0.0	0.0	0.0	2.0	237.0	0.0	0.0	0.0	0.0	0.0	0.0	0.0	0.0	0.0	0.0	1.0	1.0	228.0	0.0	0.0	225.0	83.0	231.0	6.0	219.0	0.0	215.0	0.0	133.0	138.0	161.0	101.0	96.0	174.0	221.0	147.0	0.0	221.0	124.0	75.0	157.0	2.0	0.0	0.0	0.0	0.0	1.0	178.0	0.0	0.0	127.0	217.0	0.0	0.0	0.0	1.0	0.0	159.0	0.0	178.0	0.0	0.0	0.0	0.0	174.0	0.0	0.0	0.0	1.0	155.0	0.0	192.0	0.0	0.0	173.0	0.0	0.0	0.0	0.0	0.0	203.0	1.0	0.0	0.0	170.0	207.0	191.0	0.0	0.0	0.0	196.0	0.0	197.0	0.0	179.0	0.0	185.0	0.0	0.0	0.0	0.0	1.0	0.0	0.0	0.0	0.0	160.0	0.0	191.0	0.0	179.0	196.0	0.0	0.0	167.0	0.0	182.0	0.0	1.0	180.0	0.0	0.0	182.0	1.0	0.0	175.0	0.0	0.0	172.0	0.0	0.0	1.0	0.0	146.0	0.0	0.0	197.0	86.0	177.0	0.0	0.0	161.0	0.0	0.0
3784	C	T	ORF1a	S	V1173V	0.0	0.0	0.0	0.0	0.0	0.0	1.0	0.0	0.0	0.0	0.0	0.0	0.0	0.0	0.0	0.0	0.0	0.0	0.0	0.0	0.0	0.0	0.0	0.0	0.0	0.0	0.0	0.0	0.0	0.0	0.0	0.0	0.0	0.0	0.0	0.0	0.0	0.0	0.0	0.0	0.0	0.0	0.0	0.0	0.0	0.0	0.0	0.0	0.0	0.0	0.0	0.0	0.0	0.0	0.0	0.0	0.0	0.0	0.0	0.0	0.0	0.0	0.0	0.0	0.0	0.0	0.0	0.0	0.0	0.0	0.0	0.0	0.0	0.0	0.0	0.0	0.0	0.0	0.0	0.0	0.0	58.0	0.0	0.0	0.0	0.0	0.0	0.0	0.0	0.0	0.0	0.0	0.0	0.0	0.0	0.0	0.0	0.0	0.0	0.0	0.0	0.0	0.0	0.0	0.0	0.0	1.0	0.0	1.0	0.0	0.0	0.0	0.0	0.0	0.0	0.0	0.0	0.0	0.0	0.0	0.0	0.0	0.0	0.0	0.0	0.0	0.0	0.0	0.0	0.0	0.0	57.0	0.0	0.0	0.0	0.0	0.0	0.0	0.0	0.0	0.0	0.0	0.0	0.0	0.0	0.0	0.0	0.0	0.0	0.0	0.0	0.0	0.0	0.0	0.0	0.0	0.0	0.0	0.0	0.0	0.0
7011	C	T	ORF1a	N	A2249V	0.0	0.0	0.0	0.0	0.0	0.0	0.0	0.0	0.0	0.0	0.0	0.0	0.0	0.0	0.0	0.0	0.0	0.0	0.0	0.0	0.0	0.0	0.0	0.0	0.0	0.0	0.0	0.0	0.0	0.0	0.0	1.0	0.0	1.0	0.0	0.0	0.0	0.0	0.0	0.0	146.0	0.0	0.0	0.0	0.0	0.0	0.0	0.0	0.0	0.0	0.0	0.0	0.0	0.0	0.0	0.0	0.0	0.0	2.0	0.0	0.0	0.0	0.0	61.0	1.0	0.0	0.0	0.0	0.0	0.0	0.0	0.0	0.0	0.0	0.0	0.0	0.0	0.0	0.0	0.0	61.0	0.0	0.0	0.0	0.0	0.0	0.0	0.0	0.0	0.0	59.0	0.0	0.0	0.0	0.0	0.0	0.0	0.0	0.0	0.0	0.0	15.0	0.0	0.0	0.0	0.0	0.0	0.0	0.0	0.0	0.0	0.0	0.0	0.0	0.0	0.0	0.0	0.0	1.0	0.0	0.0	0.0	0.0	0.0	0.0	0.0	1.0	0.0	0.0	0.0	0.0	0.0	0.0	0.0	0.0	0.0	0.0	0.0	0.0	0.0	0.0	0.0	0.0	64.0	0.0	0.0	0.0	0.0	0.0	0.0	0.0	0.0	0.0	0.0	0.0	0.0	0.0	0.0	0.0	0.0	0.0
8782	C	T	ORF1a	S	S2839S	0.0	0.0	0.0	0.0	0.0	0.0	0.0	0.0	0.0	132.0	96.0	177.0	181.0	58.0	66.0	69.0	70.0	235.0	0.0	230.0	0.0	0.0	307.0	0.0	0.0	0.0	0.0	49.0	0.0	37.0	0.0	0.0	0.0	153.0	0.0	233.0	220.0	0.0	0.0	0.0	0.0	0.0	147.0	0.0	143.0	0.0	0.0	0.0	0.0	0.0	0.0	0.0	0.0	0.0	0.0	22.0	32.0	1.0	19.0	174.0	202.0	0.0	209.0	0.0	0.0	42.0	0.0	0.0	1.0	30.0	193.0	183.0	0.0	0.0	0.0	63.0	0.0	63.0	119.0	59.0	0.0	0.0	25.0	92.0	100.0	50.0	0.0	200.0	1.0	195.0	1.0	0.0	0.0	200.0	0.0	0.0	128.0	1.0	209.0	211.0	203.0	0.0	0.0	0.0	173.0	1.0	200.0	0.0	186.0	0.0	197.0	0.0	0.0	0.0	202.0	207.0	1.0	0.0	0.0	1.0	218.0	191.0	0.0	0.0	178.0	0.0	207.0	0.0	1.0	5.0	165.0	0.0	0.0	1.0	213.0	183.0	0.0	183.0	196.0	0.0	0.0	182.0	0.0	0.0	214.0	2.0	0.0	173.0	160.0	171.0	0.0	179.0	191.0	0.0	0.0	1.0	175.0	192.0	0.0	169.0	0.0
9223	C	T	ORF1a	S	H2986H	0.0	0.0	3.0	0.0	0.0	0.0	0.0	1.0	0.0	0.0	0.0	1.0	0.0	0.0	0.0	0.0	0.0	0.0	0.0	0.0	0.0	0.0	0.0	0.0	0.0	0.0	0.0	0.0	0.0	0.0	0.0	0.0	2.0	0.0	0.0	0.0	0.0	0.0	0.0	0.0	0.0	1.0	0.0	0.0	0.0	0.0	0.0	0.0	0.0	0.0	0.0	1.0	0.0	0.0	0.0	0.0	0.0	0.0	0.0	0.0	1.0	0.0	0.0	0.0	0.0	0.0	0.0	0.0	0.0	0.0	0.0	0.0	0.0	0.0	0.0	0.0	0.0	1.0	0.0	0.0	0.0	0.0	0.0	0.0	0.0	0.0	0.0	0.0	0.0	0.0	0.0	7.0	0.0	0.0	54.0	0.0	0.0	0.0	0.0	0.0	0.0	0.0	0.0	0.0	0.0	0.0	0.0	0.0	0.0	0.0	0.0	0.0	67.0	0.0	0.0	0.0	76.0	0.0	0.0	90.0	0.0	0.0	0.0	0.0	0.0	0.0	0.0	0.0	0.0	0.0	0.0	0.0	0.0	0.0	0.0	0.0	0.0	0.0	1.0	0.0	0.0	0.0	1.0	0.0	0.0	0.0	93.0	0.0	0.0	0.0	0.0	0.0	0.0	0.0	0.0	2.0	0.0	0.0	0.0	0.0	0.0
11083	G	T	ORF1a	N	L3606F	0.0	1.0	0.0	0.0	0.0	0.0	0.0	10.0	69.0	0.0	0.0	1.0	0.0	0.0	0.0	0.0	0.0	0.0	195.0	1.0	65.0	10.0	0.0	0.0	8.0	1.0	3.0	0.0	0.0	0.0	1.0	0.0	0.0	0.0	0.0	1.0	0.0	12.0	0.0	2.0	1.0	0.0	0.0	1.0	2.0	5.0	2.0	0.0	0.0	0.0	173.0	0.0	0.0	0.0	0.0	5.0	6.0	0.0	0.0	0.0	0.0	0.0	0.0	0.0	0.0	4.0	77.0	0.0	0.0	2.0	0.0	0.0	27.0	37.0	1.0	0.0	1.0	0.0	0.0	0.0	11.0	0.0	38.0	0.0	0.0	0.0	0.0	1.0	28.0	0.0	0.0	5.0	75.0	1.0	72.0	68.0	0.0	0.0	0.0	0.0	0.0	0.0	0.0	0.0	4.0	75.0	1.0	0.0	0.0	0.0	0.0	0.0	69.0	0.0	0.0	0.0	90.0	74.0	40.0	92.0	1.0	0.0	98.0	0.0	0.0	0.0	3.0	0.0	1.0	30.0	0.0	13.0	95.0	0.0	0.0	0.0	0.0	0.0	0.0	1.0	52.0	0.0	0.0	0.0	1.0	0.0	75.0	0.0	0.0	0.0	0.0	0.0	0.0	0.0	18.0	1.0	77.0	4.0	2.0	2.0	61.0
11671	C	T	ORF1a	S	R3802R	0.0	0.0	1.0	0.0	0.0	0.0	0.0	1.0	0.0	0.0	0.0	0.0	0.0	0.0	0.0	0.0	0.0	0.0	1.0	0.0	0.0	0.0	0.0	0.0	0.0	0.0	0.0	0.0	0.0	0.0	0.0	0.0	0.0	0.0	0.0	0.0	0.0	0.0	20.0	0.0	0.0	0.0	0.0	0.0	0.0	0.0	0.0	0.0	0.0	0.0	0.0	0.0	0.0	0.0	0.0	0.0	0.0	0.0	0.0	0.0	0.0	0.0	0.0	0.0	0.0	0.0	0.0	0.0	0.0	0.0	0.0	0.0	0.0	0.0	0.0	0.0	0.0	0.0	0.0	0.0	0.0	0.0	0.0	0.0	0.0	0.0	0.0	0.0	0.0	0.0	0.0	0.0	0.0	0.0	0.0	0.0	0.0	0.0	0.0	0.0	0.0	0.0	0.0	0.0	0.0	0.0	0.0	0.0	0.0	0.0	0.0	0.0	0.0	0.0	0.0	0.0	0.0	0.0	0.0	0.0	0.0	0.0	0.0	0.0	0.0	0.0	0.0	0.0	0.0	0.0	0.0	0.0	0.0	0.0	0.0	0.0	0.0	0.0	0.0	0.0	0.0	0.0	0.0	0.0	0.0	0.0	0.0	0.0	0.0	0.0	0.0	0.0	0.0	0.0	0.0	0.0	0.0	0.0	0.0	0.0	116.0
14408	C	T	ORF1b	N	P314L	0.0	0.0	1.0	0.0	0.0	0.0	0.0	0.0	0.0	0.0	0.0	0.0	0.0	0.0	0.0	0.0	0.0	0.0	0.0	0.0	1.0	233.0	3.0	0.0	0.0	0.0	0.0	0.0	0.0	0.0	1.0	0.0	1.0	0.0	239.0	0.0	0.0	239.0	204.0	234.0	13.0	229.0	0.0	234.0	0.0	228.0	228.0	228.0	229.0	225.0	227.0	237.0	229.0	227.0	223.0	233.0	227.0	173.0	1.0	0.0	0.0	0.0	0.0	0.0	183.0	0.0	0.0	158.0	231.0	0.0	0.0	0.0	0.0	0.0	183.0	0.0	98.0	0.0	0.0	0.0	0.0	184.0	0.0	0.0	0.0	0.0	188.0	0.0	205.0	0.0	0.0	198.0	0.0	0.0	0.0	1.0	0.0	230.0	0.0	0.0	0.0	234.0	229.0	197.0	0.0	0.0	0.0	221.0	0.0	220.0	0.0	208.0	0.0	212.0	0.0	0.0	0.0	0.0	0.0	0.0	0.0	0.0	1.0	205.0	0.0	69.0	0.0	207.0	213.0	0.0	0.0	186.0	1.0	201.0	0.0	0.0	206.0	0.0	0.0	200.0	0.0	0.0	196.0	0.0	0.0	210.0	0.0	0.0	0.0	0.0	197.0	0.0	0.0	202.0	103.0	205.0	0.0	1.0	155.0	0.0	0.0
14805	C	T	ORF1b	S	Y446Y	0.0	0.0	0.0	0.0	1.0	1.0	0.0	0.0	67.0	0.0	0.0	0.0	0.0	0.0	0.0	0.0	0.0	0.0	0.0	0.0	225.0	0.0	0.0	0.0	0.0	0.0	0.0	0.0	0.0	0.0	0.0	1.0	1.0	0.0	1.0	0.0	0.0	0.0	0.0	0.0	0.0	0.0	0.0	0.0	0.0	0.0	0.0	0.0	0.0	0.0	0.0	0.0	0.0	0.0	0.0	0.0	0.0	0.0	0.0	0.0	0.0	0.0	0.0	0.0	1.0	0.0	0.0	1.0	0.0	0.0	0.0	0.0	155.0	165.0	0.0	1.0	0.0	1.0	0.0	0.0	0.0	0.0	77.0	0.0	0.0	0.0	0.0	0.0	0.0	0.0	0.0	14.0	161.0	0.0	158.0	156.0	0.0	0.0	0.0	0.0	0.0	0.0	0.0	0.0	0.0	0.0	0.0	0.0	0.0	0.0	0.0	0.0	162.0	0.0	0.0	0.0	161.0	0.0	121.0	176.0	0.0	0.0	0.0	0.0	0.0	0.0	184.0	0.0	0.0	101.0	0.0	0.0	176.0	0.0	186.0	0.0	0.0	0.0	184.0	0.0	0.0	0.0	0.0	0.0	175.0	0.0	166.0	0.0	0.0	0.0	0.0	0.0	0.0	0.0	82.0	0.0	0.0	0.0	5.0	0.0	0.0
17247	T	C	ORF1b	S	R1260R	0.0	3.0	0.0	0.0	0.0	0.0	0.0	1.0	0.0	0.0	0.0	0.0	1.0	0.0	0.0	0.0	0.0	1.0	0.0	1.0	0.0	0.0	0.0	0.0	0.0	0.0	0.0	1.0	0.0	0.0	0.0	1.0	3.0	0.0	0.0	0.0	0.0	0.0	0.0	0.0	0.0	0.0	0.0	0.0	0.0	0.0	0.0	0.0	1.0	0.0	0.0	0.0	0.0	0.0	0.0	1.0	0.0	0.0	0.0	0.0	0.0	0.0	0.0	0.0	0.0	0.0	0.0	4.0	0.0	0.0	0.0	0.0	0.0	0.0	0.0	0.0	0.0	0.0	0.0	0.0	0.0	0.0	130.0	0.0	0.0	0.0	0.0	1.0	0.0	0.0	0.0	11.0	0.0	0.0	213.0	203.0	0.0	0.0	0.0	0.0	0.0	1.0	0.0	0.0	0.0	0.0	0.0	0.0	0.0	0.0	0.0	0.0	205.0	0.0	0.0	0.0	211.0	0.0	0.0	211.0	0.0	0.0	0.0	0.0	0.0	0.0	0.0	0.0	0.0	0.0	0.0	0.0	0.0	0.0	0.0	0.0	0.0	0.0	0.0	0.0	0.0	0.0	0.0	1.0	0.0	0.0	202.0	0.0	1.0	0.0	0.0	0.0	0.0	0.0	0.0	0.0	0.0	0.0	0.0	0.0	0.0
17615	A	G	ORF1b	N	K1383R	0.0	1.0	0.0	0.0	0.0	0.0	0.0	0.0	0.0	0.0	0.0	0.0	0.0	0.0	0.0	0.0	0.0	0.0	0.0	0.0	0.0	0.0	0.0	0.0	0.0	0.0	0.0	0.0	0.0	0.0	0.0	0.0	0.0	0.0	233.0	0.0	0.0	0.0	0.0	240.0	0.0	0.0	0.0	0.0	0.0	0.0	0.0	0.0	0.0	0.0	0.0	0.0	0.0	0.0	0.0	176.0	0.0	0.0	0.0	0.0	0.0	0.0	0.0	0.0	0.0	0.0	0.0	0.0	0.0	0.0	0.0	0.0	0.0	0.0	0.0	0.0	0.0	0.0	0.0	0.0	0.0	1.0	0.0	0.0	0.0	1.0	0.0	0.0	0.0	0.0	0.0	0.0	0.0	0.0	0.0	0.0	0.0	0.0	1.0	0.0	0.0	0.0	0.0	0.0	0.0	0.0	0.0	0.0	0.0	0.0	0.0	0.0	0.0	0.0	0.0	0.0	0.0	0.0	0.0	0.0	0.0	0.0	0.0	0.0	0.0	0.0	0.0	0.0	0.0	0.0	0.0	0.0	0.0	0.0	0.0	0.0	0.0	0.0	0.0	0.0	0.0	0.0	0.0	0.0	0.0	0.0	0.0	0.0	0.0	0.0	0.0	0.0	0.0	0.0	0.0	0.0	0.0	0.0	0.0	0.0	0.0
17747	C	T	ORF1b	N	P1427L	0.0	0.0	0.0	0.0	0.0	0.0	0.0	0.0	0.0	130.0	94.0	202.0	227.0	63.0	66.0	74.0	78.0	169.0	0.0	183.0	0.0	0.0	224.0	0.0	0.0	0.0	0.0	0.0	0.0	0.0	0.0	0.0	1.0	0.0	0.0	175.0	176.0	0.0	0.0	0.0	0.0	0.0	0.0	0.0	106.0	0.0	0.0	0.0	0.0	0.0	0.0	0.0	0.0	0.0	0.0	0.0	21.0	0.0	0.0	101.0	90.0	33.0	99.0	0.0	0.0	24.0	0.0	0.0	1.0	22.0	0.0	68.0	0.0	0.0	0.0	25.0	0.0	17.0	22.0	19.0	0.0	0.0	5.0	0.0	33.0	35.0	0.0	97.0	0.0	102.0	0.0	0.0	0.0	0.0	0.0	0.0	0.0	0.0	97.0	113.0	113.0	0.0	0.0	0.0	0.0	0.0	115.0	0.0	0.0	0.0	106.0	1.0	0.0	0.0	106.0	118.0	0.0	0.0	0.0	0.0	116.0	111.0	0.0	0.0	85.0	0.0	0.0	0.0	0.0	0.0	0.0	0.0	0.0	0.0	0.0	111.0	0.0	102.0	0.0	0.0	0.0	99.0	0.0	0.0	0.0	0.0	0.0	92.0	93.0	72.0	0.0	90.0	91.0	0.0	0.0	0.0	85.0	91.0	0.0	103.0	0.0
17858	A	G	ORF1b	N	Y1464C	0.0	0.0	0.0	0.0	0.0	0.0	0.0	0.0	0.0	124.0	86.0	183.0	211.0	54.0	73.0	66.0	63.0	234.0	0.0	262.0	0.0	0.0	250.0	0.0	0.0	0.0	0.0	0.0	0.0	0.0	1.0	0.0	0.0	0.0	0.0	220.0	215.0	0.0	0.0	0.0	0.0	0.0	0.0	0.0	144.0	0.0	0.0	0.0	0.0	0.0	0.0	0.0	0.0	0.0	0.0	0.0	34.0	0.0	0.0	168.0	152.0	48.0	171.0	0.0	0.0	22.0	0.0	0.0	0.0	23.0	0.0	108.0	0.0	0.0	0.0	26.0	0.0	27.0	29.0	17.0	0.0	0.0	8.0	0.0	42.0	34.0	0.0	183.0	0.0	168.0	0.0	0.0	0.0	0.0	0.0	1.0	0.0	0.0	187.0	185.0	189.0	0.0	0.0	0.0	0.0	0.0	201.0	0.0	1.0	0.0	196.0	0.0	0.0	0.0	184.0	190.0	0.0	0.0	0.0	0.0	175.0	159.0	0.0	0.0	151.0	0.0	0.0	0.0	0.0	0.0	0.0	0.0	0.0	0.0	0.0	172.0	0.0	172.0	0.0	0.0	0.0	144.0	0.0	0.0	0.0	0.0	0.0	167.0	140.0	145.0	0.0	166.0	159.0	0.0	0.0	0.0	154.0	157.0	0.0	147.0	0.0
18060	C	T	ORF1b	S	L1531L	0.0	0.0	0.0	0.0	0.0	0.0	0.0	1.0	0.0	133.0	92.0	217.0	218.0	59.0	58.0	67.0	55.0	208.0	0.0	191.0	0.0	0.0	233.0	1.0	0.0	1.0	0.0	0.0	0.0	0.0	0.0	0.0	0.0	224.0	0.0	238.0	232.0	0.0	0.0	0.0	0.0	0.0	0.0	0.0	134.0	0.0	0.0	0.0	0.0	4.0	0.0	0.0	0.0	0.0	0.0	0.0	0.0	0.0	0.0	121.0	114.0	153.0	136.0	0.0	0.0	103.0	0.0	0.0	0.0	104.0	0.0	131.0	0.0	0.0	0.0	100.0	0.0	106.0	118.0	95.0	0.0	0.0	12.0	1.0	122.0	112.0	0.0	134.0	0.0	131.0	0.0	0.0	0.0	0.0	0.0	0.0	0.0	0.0	132.0	141.0	134.0	0.0	0.0	0.0	0.0	0.0	135.0	0.0	0.0	119.0	148.0	0.0	0.0	0.0	134.0	140.0	0.0	0.0	0.0	0.0	138.0	121.0	1.0	0.0	116.0	0.0	0.0	0.0	1.0	0.0	0.0	0.0	0.0	0.0	0.0	127.0	0.0	125.0	0.0	0.0	0.0	132.0	0.0	0.0	0.0	0.0	0.0	118.0	123.0	137.0	0.0	109.0	118.0	0.0	0.0	0.0	126.0	122.0	0.0	131.0	0.0
18736	T	C	ORF1b	N	F1757L	0.0	0.0	0.0	0.0	0.0	0.0	0.0	2.0	0.0	0.0	0.0	0.0	0.0	0.0	0.0	0.0	0.0	0.0	1.0	0.0	0.0	0.0	0.0	0.0	0.0	0.0	0.0	0.0	0.0	0.0	0.0	0.0	0.0	0.0	0.0	0.0	0.0	0.0	0.0	0.0	0.0	0.0	198.0	0.0	0.0	0.0	0.0	0.0	0.0	0.0	0.0	0.0	0.0	0.0	0.0	0.0	0.0	0.0	127.0	0.0	0.0	0.0	0.0	0.0	0.0	0.0	0.0	0.0	0.0	0.0	203.0	0.0	0.0	0.0	0.0	0.0	0.0	0.0	0.0	0.0	0.0	0.0	0.0	113.0	0.0	0.0	0.0	0.0	1.0	0.0	0.0	0.0	0.0	187.0	0.0	0.0	206.0	0.0	0.0	0.0	0.0	0.0	0.0	0.0	0.0	0.0	0.0	0.0	178.0	0.0	0.0	0.0	0.0	0.0	0.0	0.0	0.0	0.0	0.0	0.0	0.0	0.0	0.0	0.0	0.0	0.0	0.0	0.0	0.0	0.0	172.0	0.0	0.0	0.0	0.0	0.0	0.0	0.0	0.0	0.0	0.0	0.0	0.0	0.0	0.0	0.0	0.0	0.0	0.0	0.0	0.0	0.0	0.0	0.0	0.0	0.0	0.0	0.0	0.0	0.0	0.0
19684	G	T	ORF1b	N	V2073L	0.0	0.0	0.0	0.0	0.0	0.0	0.0	0.0	0.0	0.0	0.0	0.0	0.0	0.0	0.0	0.0	0.0	0.0	0.0	0.0	0.0	0.0	0.0	0.0	0.0	0.0	0.0	0.0	0.0	0.0	0.0	0.0	1.0	0.0	0.0	1.0	1.0	1.0	0.0	1.0	0.0	0.0	199.0	0.0	0.0	0.0	0.0	0.0	0.0	0.0	1.0	0.0	0.0	0.0	0.0	0.0	0.0	0.0	0.0	0.0	0.0	0.0	0.0	0.0	0.0	0.0	0.0	0.0	0.0	0.0	151.0	1.0	0.0	0.0	0.0	2.0	0.0	0.0	0.0	0.0	0.0	0.0	0.0	153.0	1.0	0.0	0.0	0.0	0.0	0.0	0.0	0.0	0.0	166.0	0.0	0.0	160.0	0.0	0.0	0.0	0.0	0.0	0.0	0.0	0.0	0.0	0.0	0.0	132.0	0.0	0.0	0.0	0.0	0.0	0.0	0.0	0.0	0.0	1.0	0.0	0.0	0.0	0.0	0.0	0.0	0.0	0.0	0.0	0.0	0.0	128.0	0.0	0.0	0.0	0.0	0.0	0.0	0.0	0.0	0.0	0.0	0.0	0.0	0.0	0.0	0.0	0.0	0.0	0.0	0.0	0.0	0.0	0.0	0.0	0.0	0.0	0.0	0.0	0.0	0.0	0.0
20268	A	G	ORF1b	S	L2267L	0.0	0.0	0.0	0.0	0.0	0.0	0.0	0.0	0.0	0.0	0.0	0.0	0.0	0.0	0.0	0.0	0.0	0.0	0.0	0.0	0.0	0.0	0.0	0.0	0.0	0.0	0.0	0.0	0.0	0.0	0.0	0.0	1.0	0.0	0.0	0.0	0.0	0.0	0.0	0.0	0.0	0.0	0.0	0.0	0.0	0.0	0.0	0.0	0.0	0.0	0.0	0.0	0.0	0.0	0.0	0.0	0.0	70.0	0.0	0.0	0.0	0.0	0.0	0.0	0.0	0.0	0.0	0.0	0.0	0.0	0.0	0.0	0.0	0.0	0.0	0.0	4.0	0.0	0.0	0.0	0.0	67.0	0.0	0.0	0.0	0.0	0.0	0.0	0.0	0.0	0.0	53.0	0.0	0.0	0.0	0.0	0.0	0.0	0.0	0.0	0.0	0.0	0.0	0.0	0.0	0.0	0.0	0.0	0.0	0.0	0.0	0.0	0.0	0.0	0.0	0.0	0.0	0.0	0.0	0.0	0.0	0.0	0.0	0.0	0.0	0.0	0.0	0.0	0.0	0.0	0.0	83.0	0.0	0.0	0.0	0.0	0.0	0.0	0.0	0.0	0.0	0.0	0.0	0.0	0.0	0.0	0.0	0.0	0.0	0.0	0.0	0.0	1.0	0.0	0.0	0.0	0.0	0.0	0.0	0.0	0.0
22335	G	T	S	N	W258L	0.0	0.0	0.0	0.0	0.0	0.0	0.0	0.0	0.0	0.0	0.0	0.0	0.0	0.0	0.0	0.0	0.0	0.0	0.0	0.0	0.0	0.0	0.0	0.0	0.0	0.0	0.0	0.0	0.0	0.0	0.0	0.0	0.0	0.0	0.0	0.0	0.0	0.0	0.0	0.0	0.0	0.0	0.0	0.0	0.0	0.0	0.0	0.0	0.0	0.0	0.0	0.0	0.0	0.0	0.0	0.0	11.0	0.0	0.0	0.0	0.0	0.0	0.0	0.0	0.0	0.0	25.0	0.0	0.0	0.0	0.0	0.0	0.0	0.0	0.0	0.0	0.0	0.0	0.0	0.0	0.0	0.0	0.0	0.0	0.0	0.0	0.0	0.0	0.0	0.0	0.0	0.0	0.0	0.0	0.0	0.0	0.0	0.0	0.0	1.0	0.0	0.0	0.0	0.0	0.0	0.0	0.0	0.0	0.0	0.0	0.0	0.0	0.0	0.0	0.0	0.0	0.0	0.0	0.0	0.0	0.0	0.0	0.0	0.0	0.0	0.0	0.0	0.0	1.0	0.0	0.0	0.0	0.0	0.0	1.0	0.0	1.0	1.0	0.0	0.0	0.0	0.0	1.0	0.0	1.0	1.0	0.0	0.0	0.0	0.0	0.0	0.0	0.0	0.0	0.0	0.0	0.0	0.0	0.0	0.0	0.0
23010	T	C	S	N	V483A	0.0	0.0	0.0	0.0	1.0	0.0	0.0	1.0	0.0	0.0	0.0	0.0	0.0	0.0	0.0	67.0	69.0	0.0	0.0	0.0	0.0	0.0	0.0	0.0	0.0	0.0	0.0	0.0	0.0	0.0	1.0	0.0	0.0	0.0	0.0	0.0	0.0	0.0	0.0	0.0	0.0	0.0	0.0	0.0	0.0	0.0	0.0	0.0	0.0	0.0	0.0	0.0	0.0	1.0	0.0	0.0	0.0	0.0	0.0	0.0	0.0	0.0	0.0	0.0	0.0	0.0	0.0	0.0	0.0	0.0	0.0	0.0	0.0	0.0	0.0	0.0	0.0	0.0	0.0	0.0	0.0	0.0	0.0	0.0	0.0	0.0	0.0	0.0	0.0	0.0	0.0	0.0	0.0	0.0	0.0	0.0	0.0	0.0	0.0	0.0	0.0	0.0	0.0	0.0	0.0	0.0	0.0	0.0	0.0	0.0	0.0	0.0	0.0	0.0	0.0	0.0	0.0	0.0	0.0	0.0	0.0	0.0	0.0	0.0	0.0	0.0	2.0	0.0	0.0	0.0	0.0	0.0	0.0	0.0	0.0	0.0	0.0	0.0	0.0	0.0	0.0	0.0	0.0	0.0	0.0	0.0	0.0	0.0	0.0	0.0	0.0	0.0	0.0	0.0	0.0	0.0	0.0	0.0	0.0	0.0	0.0
23403	A	G	S	N	D614G	0.0	0.0	1.0	1.0	1.0	0.0	0.0	0.0	0.0	0.0	0.0	0.0	0.0	0.0	0.0	0.0	0.0	0.0	0.0	0.0	0.0	238.0	0.0	0.0	0.0	0.0	0.0	125.0	1.0	0.0	1.0	1.0	0.0	0.0	202.0	0.0	0.0	234.0	192.0	233.0	8.0	217.0	15.0	222.0	5.0	200.0	203.0	235.0	217.0	207.0	199.0	227.0	200.0	213.0	223.0	209.0	165.0	143.0	0.0	0.0	0.0	0.0	0.0	0.0	150.0	0.0	0.0	107.0	182.0	0.0	0.0	0.0	0.0	0.0	173.0	0.0	184.0	0.0	0.0	0.0	0.0	162.0	0.0	0.0	0.0	0.0	143.0	0.0	168.0	0.0	0.0	148.0	0.0	0.0	0.0	0.0	0.0	173.0	2.0	0.0	0.0	153.0	161.0	168.0	0.0	0.0	0.0	174.0	0.0	169.0	0.0	171.0	0.0	172.0	0.0	1.0	0.0	0.0	0.0	0.0	0.0	1.0	0.0	154.0	0.0	199.0	0.0	141.0	176.0	0.0	0.0	163.0	0.0	187.0	0.0	0.0	163.0	0.0	1.0	184.0	0.0	0.0	169.0	0.0	1.0	176.0	0.0	0.0	0.0	0.0	134.0	0.0	0.0	178.0	93.0	169.0	1.0	0.0	113.0	0.0	0.0
23525	C	T	S	N	H655Y	0.0	0.0	0.0	0.0	0.0	0.0	0.0	2.0	0.0	1.0	153.0	0.0	0.0	0.0	0.0	0.0	0.0	0.0	0.0	0.0	0.0	0.0	0.0	0.0	50.0	1.0	0.0	14.0	0.0	0.0	0.0	1.0	1.0	0.0	0.0	0.0	1.0	0.0	0.0	1.0	0.0	0.0	0.0	0.0	0.0	0.0	0.0	27.0	11.0	10.0	0.0	0.0	0.0	0.0	0.0	0.0	0.0	0.0	0.0	0.0	0.0	0.0	0.0	1.0	0.0	0.0	0.0	0.0	0.0	0.0	0.0	0.0	0.0	0.0	0.0	0.0	0.0	0.0	0.0	0.0	0.0	0.0	0.0	0.0	0.0	0.0	0.0	0.0	0.0	0.0	0.0	0.0	0.0	0.0	0.0	0.0	0.0	0.0	0.0	0.0	0.0	0.0	0.0	0.0	0.0	0.0	0.0	0.0	0.0	0.0	0.0	0.0	0.0	0.0	0.0	0.0	0.0	0.0	0.0	0.0	0.0	0.0	0.0	0.0	0.0	0.0	0.0	0.0	0.0	0.0	0.0	0.0	0.0	0.0	0.0	0.0	0.0	0.0	0.0	0.0	0.0	0.0	0.0	0.0	0.0	0.0	0.0	0.0	0.0	0.0	0.0	0.0	0.0	0.0	0.0	0.0	0.0	0.0	0.0	0.0	1.0
23606	C	T	S	N	R682W	0.0	0.0	0.0	1.0	0.0	0.0	0.0	0.0	0.0	0.0	0.0	0.0	0.0	0.0	0.0	0.0	0.0	0.0	0.0	0.0	0.0	0.0	0.0	0.0	2.0	180.0	20.0	0.0	0.0	0.0	0.0	0.0	1.0	0.0	0.0	0.0	0.0	0.0	0.0	0.0	0.0	0.0	0.0	0.0	0.0	0.0	0.0	0.0	0.0	0.0	0.0	0.0	0.0	0.0	0.0	0.0	0.0	0.0	0.0	0.0	0.0	0.0	0.0	0.0	0.0	0.0	0.0	0.0	0.0	0.0	0.0	0.0	0.0	0.0	0.0	0.0	0.0	0.0	0.0	0.0	0.0	0.0	0.0	0.0	0.0	0.0	0.0	0.0	0.0	1.0	0.0	0.0	0.0	0.0	0.0	0.0	0.0	0.0	0.0	0.0	0.0	0.0	0.0	0.0	0.0	0.0	0.0	0.0	0.0	0.0	0.0	0.0	0.0	0.0	0.0	0.0	0.0	0.0	0.0	0.0	0.0	0.0	0.0	0.0	0.0	0.0	0.0	0.0	0.0	0.0	0.0	0.0	1.0	0.0	0.0	0.0	0.0	0.0	0.0	0.0	0.0	0.0	0.0	0.0	0.0	0.0	0.0	0.0	0.0	0.0	0.0	0.0	0.0	0.0	0.0	0.0	0.0	0.0	0.0	0.0	0.0
24034	C	T	S	S	N824N	1.0	0.0	0.0	2.0	0.0	0.0	0.0	166.0	0.0	0.0	1.0	1.0	0.0	0.0	1.0	0.0	0.0	0.0	0.0	0.0	0.0	0.0	0.0	0.0	0.0	0.0	0.0	0.0	1.0	1.0	0.0	0.0	0.0	0.0	0.0	0.0	0.0	0.0	0.0	0.0	1.0	0.0	49.0	0.0	0.0	0.0	0.0	0.0	0.0	0.0	0.0	0.0	0.0	0.0	1.0	0.0	0.0	0.0	140.0	0.0	1.0	0.0	0.0	0.0	0.0	0.0	0.0	0.0	0.0	0.0	145.0	0.0	0.0	0.0	0.0	0.0	0.0	0.0	0.0	0.0	0.0	0.0	0.0	144.0	0.0	0.0	0.0	0.0	0.0	0.0	0.0	0.0	0.0	157.0	0.0	0.0	134.0	0.0	0.0	0.0	0.0	0.0	0.0	0.0	0.0	0.0	1.0	0.0	112.0	0.0	0.0	0.0	0.0	0.0	0.0	0.0	0.0	0.0	0.0	0.0	0.0	0.0	0.0	0.0	0.0	0.0	0.0	0.0	0.0	0.0	146.0	0.0	0.0	0.0	0.0	0.0	0.0	0.0	0.0	0.0	0.0	0.0	0.0	0.0	0.0	0.0	0.0	0.0	0.0	0.0	0.0	0.0	0.0	0.0	0.0	0.0	0.0	0.0	0.0	0.0	0.0
25563	G	T	ORF3a	N	Q57H	0.0	0.0	0.0	0.0	0.0	0.0	0.0	0.0	0.0	0.0	0.0	0.0	0.0	0.0	0.0	0.0	0.0	0.0	0.0	2.0	1.0	235.0	44.0	0.0	0.0	0.0	0.0	0.0	0.0	0.0	0.0	0.0	0.0	0.0	237.0	1.0	0.0	0.0	68.0	238.0	7.0	239.0	0.0	0.0	0.0	167.0	0.0	127.0	185.0	7.0	0.0	234.0	190.0	0.0	235.0	0.0	159.0	0.0	0.0	0.0	2.0	0.0	0.0	0.0	1.0	0.0	1.0	0.0	178.0	0.0	0.0	0.0	0.0	1.0	150.0	0.0	0.0	0.0	1.0	0.0	1.0	1.0	0.0	0.0	1.0	0.0	0.0	0.0	0.0	0.0	0.0	0.0	0.0	0.0	0.0	0.0	2.0	0.0	0.0	0.0	0.0	158.0	0.0	1.0	0.0	0.0	0.0	1.0	0.0	161.0	0.0	0.0	0.0	0.0	0.0	0.0	1.0	0.0	0.0	0.0	2.0	0.0	0.0	0.0	0.0	179.0	0.0	0.0	2.0	0.0	0.0	0.0	0.0	163.0	0.0	0.0	0.0	0.0	1.0	0.0	1.0	1.0	1.0	0.0	3.0	1.0	0.0	0.0	0.0	0.0	0.0	0.0	1.0	0.0	102.0	0.0	0.0	1.0	0.0	0.0	0.0
25979	G	T	ORF3a	N	G196V	0.0	0.0	1.0	0.0	0.0	0.0	0.0	0.0	0.0	0.0	0.0	0.0	0.0	0.0	0.0	0.0	0.0	0.0	0.0	0.0	0.0	0.0	1.0	0.0	0.0	0.0	0.0	0.0	0.0	0.0	0.0	0.0	0.0	0.0	0.0	0.0	0.0	0.0	0.0	0.0	0.0	0.0	0.0	0.0	0.0	0.0	0.0	0.0	0.0	0.0	0.0	0.0	0.0	0.0	0.0	0.0	0.0	0.0	0.0	0.0	0.0	0.0	0.0	0.0	0.0	0.0	0.0	0.0	0.0	0.0	0.0	0.0	0.0	0.0	0.0	0.0	0.0	0.0	0.0	0.0	0.0	0.0	0.0	0.0	0.0	0.0	0.0	0.0	0.0	0.0	0.0	0.0	0.0	0.0	0.0	0.0	0.0	0.0	0.0	0.0	0.0	0.0	0.0	0.0	0.0	0.0	0.0	0.0	0.0	0.0	0.0	0.0	0.0	0.0	0.0	0.0	0.0	0.0	0.0	0.0	0.0	0.0	0.0	0.0	0.0	0.0	124.0	0.0	1.0	0.0	0.0	0.0	1.0	0.0	141.0	1.0	0.0	0.0	135.0	1.0	0.0	0.0	0.0	0.0	129.0	0.0	0.0	0.0	0.0	0.0	0.0	0.0	0.0	1.0	0.0	1.0	0.0	0.0	0.0	0.0	0.0
26144	G	T	ORF3a	N	G251V	0.0	0.0	0.0	0.0	0.0	0.0	0.0	0.0	84.0	0.0	1.0	0.0	0.0	0.0	0.0	0.0	0.0	0.0	0.0	1.0	231.0	0.0	1.0	0.0	0.0	0.0	0.0	0.0	0.0	0.0	0.0	0.0	0.0	1.0	0.0	0.0	0.0	0.0	0.0	0.0	0.0	0.0	0.0	0.0	0.0	0.0	0.0	0.0	1.0	0.0	0.0	0.0	0.0	0.0	0.0	0.0	0.0	0.0	0.0	0.0	0.0	0.0	0.0	0.0	0.0	0.0	0.0	6.0	1.0	0.0	0.0	0.0	205.0	211.0	0.0	0.0	0.0	0.0	0.0	0.0	0.0	0.0	109.0	0.0	0.0	0.0	0.0	0.0	0.0	0.0	0.0	20.0	219.0	0.0	208.0	226.0	0.0	0.0	0.0	0.0	0.0	0.0	0.0	0.0	28.0	0.0	0.0	0.0	0.0	0.0	0.0	0.0	197.0	0.0	0.0	0.0	201.0	0.0	151.0	221.0	0.0	0.0	0.0	0.0	0.0	0.0	0.0	0.0	0.0	126.0	0.0	0.0	214.0	0.0	0.0	0.0	0.0	0.0	0.0	0.0	0.0	0.0	1.0	1.0	0.0	0.0	196.0	0.0	0.0	0.0	0.0	0.0	0.0	0.0	83.0	0.0	0.0	0.0	15.0	0.0	0.0
26530	A	G	M	N	D3G	0.0	0.0	0.0	0.0	0.0	1.0	0.0	1.0	0.0	0.0	0.0	0.0	0.0	0.0	0.0	0.0	0.0	0.0	0.0	0.0	0.0	0.0	0.0	0.0	0.0	0.0	0.0	0.0	0.0	0.0	0.0	1.0	0.0	0.0	1.0	0.0	0.0	0.0	0.0	0.0	0.0	0.0	0.0	0.0	0.0	0.0	0.0	0.0	0.0	0.0	0.0	0.0	0.0	0.0	0.0	0.0	0.0	0.0	0.0	0.0	0.0	0.0	0.0	0.0	82.0	0.0	0.0	0.0	0.0	0.0	0.0	0.0	0.0	0.0	0.0	0.0	0.0	0.0	0.0	0.0	0.0	0.0	0.0	0.0	0.0	0.0	0.0	0.0	69.0	0.0	0.0	0.0	1.0	0.0	0.0	0.0	0.0	86.0	0.0	0.0	0.0	0.0	73.0	77.0	0.0	0.0	0.0	69.0	0.0	0.0	0.0	0.0	0.0	69.0	0.0	0.0	0.0	0.0	0.0	0.0	0.0	0.0	0.0	0.0	0.0	0.0	0.0	0.0	0.0	0.0	0.0	0.0	0.0	0.0	0.0	0.0	0.0	0.0	0.0	0.0	0.0	0.0	0.0	0.0	0.0	0.0	0.0	0.0	0.0	0.0	0.0	0.0	0.0	0.0	0.0	0.0	0.0	0.0	0.0	0.0	0.0
26729	T	C	M	S	A69A	0.0	0.0	0.0	0.0	0.0	0.0	0.0	0.0	0.0	0.0	0.0	0.0	0.0	0.0	0.0	0.0	0.0	0.0	0.0	0.0	0.0	0.0	0.0	0.0	0.0	0.0	0.0	0.0	0.0	4.0	1.0	0.0	0.0	0.0	0.0	0.0	0.0	0.0	0.0	0.0	0.0	0.0	193.0	0.0	0.0	0.0	0.0	0.0	0.0	0.0	0.0	0.0	0.0	1.0	0.0	0.0	0.0	0.0	199.0	0.0	0.0	0.0	1.0	0.0	1.0	0.0	0.0	0.0	0.0	0.0	212.0	0.0	0.0	0.0	0.0	0.0	0.0	0.0	0.0	0.0	0.0	0.0	0.0	192.0	0.0	0.0	0.0	0.0	0.0	0.0	0.0	0.0	0.0	211.0	0.0	0.0	223.0	0.0	0.0	0.0	0.0	0.0	0.0	0.0	0.0	0.0	0.0	0.0	196.0	0.0	0.0	0.0	0.0	0.0	0.0	0.0	1.0	0.0	0.0	0.0	0.0	0.0	0.0	0.0	0.0	0.0	0.0	0.0	0.0	1.0	207.0	1.0	0.0	0.0	0.0	0.0	0.0	0.0	0.0	0.0	0.0	0.0	0.0	0.0	0.0	0.0	0.0	0.0	0.0	0.0	0.0	0.0	2.0	0.0	1.0	1.0	0.0	0.0	0.0	0.0	0.0
27676	G	T	ORF7a	N	E95*	1.0	1.0	0.0	0.0	0.0	0.0	0.0	0.0	0.0	0.0	0.0	0.0	0.0	0.0	0.0	0.0	0.0	1.0	1.0	0.0	0.0	0.0	0.0	159.0	83.0	0.0	0.0	0.0	0.0	0.0	0.0	0.0	0.0	0.0	0.0	0.0	0.0	0.0	0.0	0.0	0.0	0.0	0.0	0.0	0.0	0.0	0.0	0.0	0.0	0.0	0.0	0.0	0.0	0.0	1.0	0.0	0.0	0.0	0.0	0.0	1.0	0.0	0.0	0.0	1.0	0.0	2.0	0.0	0.0	0.0	1.0	0.0	0.0	0.0	0.0	0.0	0.0	0.0	0.0	0.0	0.0	0.0	0.0	0.0	0.0	0.0	0.0	0.0	0.0	0.0	0.0	0.0	0.0	0.0	0.0	0.0	0.0	0.0	0.0	0.0	0.0	0.0	0.0	0.0	0.0	0.0	0.0	0.0	0.0	1.0	0.0	0.0	0.0	0.0	0.0	1.0	0.0	0.0	0.0	0.0	0.0	0.0	1.0	0.0	0.0	0.0	2.0	0.0	1.0	0.0	0.0	0.0	0.0	0.0	1.0	1.0	0.0	0.0	1.0	2.0	0.0	1.0	1.0	0.0	1.0	0.0	0.0	0.0	0.0	0.0	0.0	0.0	1.0	1.0	0.0	1.0	0.0	0.0	0.0	0.0	0.0
28077	G	C	ORF8	N	V62L	0.0	0.0	0.0	0.0	0.0	0.0	0.0	0.0	0.0	0.0	0.0	0.0	0.0	0.0	0.0	0.0	0.0	0.0	0.0	0.0	0.0	0.0	0.0	0.0	0.0	0.0	0.0	0.0	0.0	8.0	0.0	0.0	0.0	0.0	0.0	0.0	0.0	0.0	0.0	0.0	0.0	0.0	198.0	0.0	0.0	0.0	0.0	0.0	0.0	0.0	0.0	0.0	0.0	0.0	0.0	0.0	0.0	0.0	129.0	0.0	0.0	0.0	0.0	0.0	0.0	0.0	0.0	0.0	0.0	0.0	134.0	0.0	0.0	1.0	0.0	0.0	0.0	0.0	0.0	0.0	1.0	0.0	0.0	135.0	0.0	0.0	0.0	0.0	0.0	0.0	0.0	0.0	0.0	136.0	0.0	0.0	133.0	0.0	0.0	0.0	0.0	0.0	0.0	0.0	0.0	0.0	0.0	0.0	118.0	0.0	0.0	0.0	0.0	0.0	0.0	0.0	0.0	0.0	0.0	0.0	0.0	0.0	0.0	0.0	0.0	0.0	0.0	0.0	0.0	0.0	104.0	0.0	0.0	0.0	0.0	0.0	0.0	0.0	0.0	0.0	0.0	0.0	0.0	0.0	0.0	0.0	0.0	0.0	0.0	0.0	0.0	0.0	0.0	0.0	1.0	0.0	0.0	0.0	0.0	0.0	0.0
28144	T	C	ORF8	N	L84S	0.0	0.0	0.0	0.0	1.0	0.0	0.0	0.0	0.0	171.0	152.0	218.0	217.0	62.0	67.0	64.0	67.0	216.0	0.0	212.0	0.0	0.0	239.0	0.0	0.0	0.0	0.0	90.0	0.0	51.0	0.0	0.0	0.0	246.0	0.0	239.0	225.0	0.0	0.0	0.0	0.0	0.0	213.0	0.0	116.0	0.0	0.0	0.0	0.0	0.0	0.0	0.0	0.0	0.0	0.0	39.0	34.0	0.0	122.0	151.0	104.0	46.0	121.0	0.0	0.0	115.0	0.0	0.0	0.0	121.0	128.0	111.0	0.0	0.0	0.0	106.0	0.0	103.0	118.0	111.0	0.0	0.0	7.0	111.0	142.0	129.0	0.0	120.0	0.0	114.0	0.0	0.0	0.0	130.0	0.0	0.0	142.0	0.0	129.0	133.0	136.0	0.0	0.0	0.0	125.0	0.0	129.0	0.0	112.0	0.0	134.0	0.0	0.0	0.0	128.0	129.0	0.0	0.0	0.0	0.0	127.0	137.0	0.0	0.0	109.0	0.0	123.0	0.0	0.0	2.0	117.0	0.0	0.0	0.0	147.0	130.0	0.0	118.0	132.0	0.0	0.0	110.0	0.0	0.0	120.0	0.0	0.0	118.0	123.0	134.0	0.0	93.0	111.0	0.0	0.0	0.0	118.0	116.0	0.0	138.0	0.0
28688	T	C	N	S	L139L	0.0	0.0	0.0	0.0	0.0	0.0	0.0	0.0	0.0	0.0	0.0	0.0	0.0	0.0	0.0	0.0	0.0	0.0	215.0	0.0	0.0	0.0	0.0	0.0	0.0	0.0	0.0	0.0	0.0	0.0	1.0	0.0	0.0	0.0	0.0	0.0	0.0	0.0	0.0	0.0	0.0	0.0	0.0	1.0	0.0	0.0	0.0	0.0	0.0	0.0	0.0	0.0	0.0	0.0	0.0	0.0	0.0	0.0	0.0	0.0	0.0	0.0	0.0	0.0	0.0	0.0	0.0	0.0	0.0	0.0	0.0	0.0	0.0	0.0	0.0	0.0	0.0	0.0	0.0	1.0	0.0	0.0	0.0	0.0	0.0	0.0	0.0	0.0	0.0	0.0	0.0	0.0	0.0	0.0	0.0	0.0	0.0	0.0	0.0	0.0	0.0	0.0	0.0	0.0	0.0	139.0	0.0	0.0	0.0	0.0	0.0	0.0	0.0	0.0	0.0	0.0	0.0	131.0	0.0	0.0	0.0	0.0	8.0	0.0	0.0	0.0	0.0	0.0	0.0	0.0	0.0	0.0	0.0	0.0	0.0	0.0	0.0	0.0	0.0	0.0	85.0	0.0	0.0	0.0	0.0	0.0	0.0	0.0	1.0	0.0	0.0	0.0	0.0	0.0	0.0	0.0	0.0	0.0	0.0	1.0	0.0
28854	C	T	N	N	S194L	0.0	0.0	0.0	0.0	0.0	0.0	0.0	0.0	1.0	0.0	0.0	0.0	2.0	0.0	0.0	0.0	0.0	0.0	1.0	0.0	0.0	0.0	0.0	0.0	0.0	0.0	0.0	0.0	0.0	0.0	0.0	0.0	0.0	0.0	0.0	0.0	0.0	0.0	0.0	0.0	0.0	0.0	0.0	0.0	0.0	0.0	0.0	0.0	0.0	0.0	0.0	0.0	0.0	0.0	0.0	0.0	0.0	85.0	0.0	0.0	0.0	0.0	0.0	0.0	0.0	0.0	0.0	0.0	0.0	0.0	0.0	0.0	0.0	0.0	0.0	0.0	0.0	0.0	0.0	0.0	0.0	0.0	0.0	0.0	0.0	1.0	1.0	0.0	0.0	0.0	0.0	96.0	0.0	0.0	0.0	0.0	1.0	0.0	0.0	0.0	0.0	0.0	0.0	0.0	0.0	0.0	0.0	0.0	0.0	0.0	0.0	0.0	0.0	0.0	0.0	0.0	0.0	0.0	0.0	0.0	0.0	0.0	0.0	0.0	0.0	0.0	0.0	0.0	0.0	0.0	1.0	0.0	0.0	0.0	0.0	0.0	0.0	0.0	0.0	1.0	0.0	0.0	0.0	0.0	0.0	0.0	0.0	0.0	0.0	0.0	0.0	0.0	0.0	0.0	0.0	1.0	0.0	0.0	0.0	0.0	0.0
28882	G	A	N	S	R203R	0.0	0.0	0.0	0.0	0.0	0.0	0.0	1.0	0.0	0.0	0.0	0.0	0.0	0.0	0.0	0.0	0.0	0.0	0.0	0.0	0.0	0.0	0.0	0.0	0.0	0.0	0.0	1.0	0.0	0.0	1.0	0.0	0.0	0.0	0.0	0.0	0.0	0.0	0.0	0.0	0.0	0.0	0.0	178.0	0.0	0.0	0.0	0.0	0.0	0.0	0.0	0.0	0.0	0.0	0.0	0.0	0.0	0.0	0.0	0.0	0.0	0.0	0.0	0.0	0.0	0.0	0.0	78.0	0.0	0.0	0.0	0.0	0.0	0.0	0.0	0.0	0.0	0.0	0.0	0.0	0.0	0.0	0.0	0.0	0.0	0.0	98.0	0.0	0.0	0.0	0.0	0.0	0.0	0.0	0.0	0.0	0.0	0.0	0.0	0.0	0.0	0.0	0.0	0.0	0.0	0.0	0.0	0.0	0.0	0.0	0.0	101.0	0.0	0.0	0.0	0.0	0.0	0.0	0.0	0.0	0.0	0.0	0.0	4.0	0.0	0.0	0.0	1.0	0.0	0.0	0.0	0.0	0.0	0.0	0.0	0.0	0.0	0.0	0.0	0.0	0.0	0.0	0.0	0.0	0.0	98.0	0.0	0.0	0.0	0.0	78.0	0.0	0.0	103.0	0.0	107.0	0.0	0.0	103.0	0.0	0.0
