sample	mutations	type	depth
SRR11059940	0	clonal	112.75506072874494
SRR11059940	4	subclonal	112.75506072874494
SRR11059942	3	clonal	172.48886639676113
SRR11059942	25	subclonal	172.48886639676113
SRR11059943	15	clonal	46.45141700404859
SRR11059943	18	subclonal	46.45141700404859
SRR11059944	0	clonal	233.7257085020243
SRR11059944	5	subclonal	233.7257085020243
SRR11059945	1	clonal	80.11740890688259
SRR11059945	13	subclonal	80.11740890688259
SRR11059946	0	clonal	239.75607287449392
SRR11059946	11	subclonal	239.75607287449392
SRR11059947	0	clonal	128.88967611336034
SRR11059947	6	subclonal	128.88967611336034
SRR11092062	0	clonal	114.62044534412955
SRR11092062	2	subclonal	114.62044534412955
SRR11140750	1	clonal	153.43117408906883
SRR11140750	1	subclonal	153.43117408906883
SRR11177792	0	clonal	268.10323886639674
SRR11177792	1	subclonal	268.10323886639674
SRR11241254	6	clonal	94.65283400809717
SRR11241254	1	subclonal	94.65283400809717
SRR11241255	5	clonal	134.90283400809716
SRR11241255	2	subclonal	134.90283400809716
SRR11247076	8	clonal	107.18825910931174
SRR11247076	2	subclonal	107.18825910931174
SRR11247077	6	clonal	203.33906882591094
SRR11247077	4	subclonal	203.33906882591094
SRR11247078	5	clonal	219.32186234817814
SRR11247078	2	subclonal	219.32186234817814
SRR11278091	5	clonal	62.21255060728745
SRR11278091	2	subclonal	62.21255060728745
SRR11278164	5	clonal	79.28846153846153
SRR11278164	3	subclonal	79.28846153846153
SRR11278166	5	clonal	88.20546558704453
SRR11278166	6	subclonal	88.20546558704453
SRR11278167	6	clonal	94.1751012145749
SRR11278167	4	subclonal	94.1751012145749
SRR11314339	5	clonal	222.82692307692307
SRR11314339	0	subclonal	222.82692307692307
SRR11393704	3	clonal	253.92813765182186
SRR11393704	0	subclonal	253.92813765182186
SRR11397412	1	clonal	54.5748987854251
SRR11397412	1	subclonal	54.5748987854251
SRR11397413	1	clonal	44.906882591093115
SRR11397413	2	subclonal	44.906882591093115
SRR11397414	1	clonal	49.068825910931174
SRR11397414	2	subclonal	49.068825910931174
SRR11397416	2	clonal	44.959514170040485
SRR11397416	1	subclonal	44.959514170040485
SRR11397417	0	clonal	45.286437246963565
SRR11397417	0	subclonal	45.286437246963565
SRR11397714	8	clonal	220.74493927125505
SRR11397714	0	subclonal	220.74493927125505
SRR11397715	5	clonal	230.43016194331983
SRR11397715	0	subclonal	230.43016194331983
SRR11397716	5	clonal	229.21761133603238
SRR11397716	0	subclonal	229.21761133603238
SRR11397717	4	clonal	230.26417004048582
SRR11397717	2	subclonal	230.26417004048582
SRR11397718	4	clonal	229.6751012145749
SRR11397718	2	subclonal	229.6751012145749
SRR11397719	5	clonal	231.0678137651822
SRR11397719	36	subclonal	231.0678137651822
SRR11397720	5	clonal	239.08097165991902
SRR11397720	1	subclonal	239.08097165991902
SRR11397721	9	clonal	242.68016194331983
SRR11397721	0	subclonal	242.68016194331983
SRR11397728	11	clonal	187.33603238866397
SRR11397728	4	subclonal	187.33603238866397
SRR11410528	7	clonal	226.6993927125506
SRR11410528	1	subclonal	226.6993927125506
SRR11410536	7	clonal	216.86133603238866
SRR11410536	5	subclonal	216.86133603238866
SRR11426414	1	clonal	224.4078947368421
SRR11426414	4	subclonal	224.4078947368421
SRR11426415	8	clonal	235.87753036437246
SRR11426415	3	subclonal	235.87753036437246
SRR11426416	0	clonal	238.42914979757086
SRR11426416	3	subclonal	238.42914979757086
SRR11426417	0	clonal	178.09109311740892
SRR11426417	1	subclonal	178.09109311740892
SRR11426418	5	clonal	226.16801619433198
SRR11426418	3	subclonal	226.16801619433198
SRR11426419	0	clonal	114.26518218623482
SRR11426419	2	subclonal	114.26518218623482
SRR11454607	4	clonal	78.19736842105263
SRR11454607	3	subclonal	78.19736842105263
SRR11454608	5	clonal	219.501012145749
SRR11454608	2	subclonal	219.501012145749
SRR11454609	2	clonal	42.699392712550605
SRR11454609	11	subclonal	42.699392712550605
SRR11454610	2	clonal	56.60627530364373
SRR11454610	0	subclonal	56.60627530364373
SRR11454613	0	clonal	230.82287449392712
SRR11454613	2	subclonal	230.82287449392712
SRR11454614	0	clonal	231.51417004048582
SRR11454614	1	subclonal	231.51417004048582
SRR11454615	1	clonal	201.0506072874494
SRR11454615	3	subclonal	201.0506072874494
SRR11476445	2	clonal	220.05263157894737
SRR11476445	2	subclonal	220.05263157894737
SRR11479027	8	clonal	228.22267206477733
SRR11479027	2	subclonal	228.22267206477733
SRR11479028	7	clonal	235.6012145748988
SRR11479028	1	subclonal	235.6012145748988
SRR11479029	4	clonal	234.93522267206478
SRR11479029	2	subclonal	234.93522267206478
SRR11479031	5	clonal	233.6406882591093
SRR11479031	1	subclonal	233.6406882591093
SRR11479033	5	clonal	109.97570850202429
SRR11479033	3	subclonal	109.97570850202429
SRR11479035	8	clonal	238.25607287449392
SRR11479035	1	subclonal	238.25607287449392
SRR11479036	9	clonal	231.67105263157896
SRR11479036	0	subclonal	231.67105263157896
SRR11479037	4	clonal	228.0921052631579
SRR11479037	1	subclonal	228.0921052631579
SRR11479038	4	clonal	225.80668016194332
SRR11479038	0	subclonal	225.80668016194332
SRR11479039	8	clonal	235.93016194331983
SRR11479039	0	subclonal	235.93016194331983
SRR11479040	7	clonal	106.05566801619433
SRR11479040	3	subclonal	106.05566801619433
SRR11479041	6	clonal	228.06174089068827
SRR11479041	1	subclonal	228.06174089068827
SRR11479043	6	clonal	233.15485829959513
SRR11479043	1	subclonal	233.15485829959513
SRR11479044	8	clonal	238.12044534412956
SRR11479044	2	subclonal	238.12044534412956
SRR11479045	4	clonal	176.77834008097167
SRR11479045	0	subclonal	176.77834008097167
SRR11479046	2	clonal	226.66093117408906
SRR11479046	2	subclonal	226.66093117408906
SRR11491744	8	clonal	220.0334008097166
SRR11491744	5	subclonal	220.0334008097166
SRR11491745	6	clonal	219.24392712550608
SRR11491745	0	subclonal	219.24392712550608
SRR11491746	6	clonal	207.3593117408907
SRR11491746	9	subclonal	207.3593117408907
SRR11491747	10	clonal	217.8846153846154
SRR11491747	1	subclonal	217.8846153846154
SRR11491748	5	clonal	118.78036437246963
SRR11491748	1	subclonal	118.78036437246963
SRR11491749	1	clonal	123.82894736842105
SRR11491749	2	subclonal	123.82894736842105
SRR11491750	4	clonal	110.02226720647774
SRR11491750	0	subclonal	110.02226720647774
SRR11491751	8	clonal	226.82085020242914
SRR11491751	0	subclonal	226.82085020242914
SRR11491752	9	clonal	166.15991902834008
SRR11491752	1	subclonal	166.15991902834008
SRR11491753	7	clonal	141.6993927125506
SRR11491753	5	subclonal	141.6993927125506
SRR11491754	8	clonal	231.44635627530366
SRR11491754	0	subclonal	231.44635627530366
SRR11491755	7	clonal	230.96052631578948
SRR11491755	0	subclonal	230.96052631578948
SRR11491756	4	clonal	155.06882591093117
SRR11491756	1	subclonal	155.06882591093117
SRR11491757	6	clonal	155.55566801619435
SRR11491757	6	subclonal	155.55566801619435
SRR11491758	8	clonal	133.582995951417
SRR11491758	11	subclonal	133.582995951417
SRR11491759	6	clonal	136.88663967611336
SRR11491759	4	subclonal	136.88663967611336
SRR11491760	4	clonal	227.1437246963563
SRR11491760	0	subclonal	227.1437246963563
SRR11491761	5	clonal	57.78542510121458
SRR11491761	1	subclonal	57.78542510121458
SRR11491762	5	clonal	139.78744939271255
SRR11491762	1	subclonal	139.78744939271255
SRR11491763	9	clonal	222.86032388663966
SRR11491763	1	subclonal	222.86032388663966
SRR11491764	6	clonal	74.88967611336032
SRR11491764	0	subclonal	74.88967611336032
SRR11491765	8	clonal	229.06275303643724
SRR11491765	0	subclonal	229.06275303643724
SRR11491766	7	clonal	154.5425101214575
SRR11491766	2	subclonal	154.5425101214575
SRR11491767	3	clonal	90.17813765182186
SRR11491767	12	subclonal	90.17813765182186
SRR11491768	3	clonal	58.82085020242915
SRR11491768	8	subclonal	58.82085020242915
SRR11491769	8	clonal	230.46255060728745
SRR11491769	0	subclonal	230.46255060728745
SRR11491770	11	clonal	222.69534412955466
SRR11491770	0	subclonal	222.69534412955466
SRR11491771	4	clonal	154.4493927125506
SRR11491771	9	subclonal	154.4493927125506
SRR11491772	6	clonal	138.54858299595142
SRR11491772	15	subclonal	138.54858299595142
SRR11494452	7	clonal	129.23582995951418
SRR11494452	0	subclonal	129.23582995951418
SRR11494453	7	clonal	116.34210526315789
SRR11494453	1	subclonal	116.34210526315789
SRR11494454	7	clonal	130.5
SRR11494454	0	subclonal	130.5
SRR11494455	10	clonal	152.3765182186235
SRR11494455	0	subclonal	152.3765182186235
SRR11494456	14	clonal	122.417004048583
SRR11494456	2	subclonal	122.417004048583
SRR11494457	8	clonal	123.51214574898785
SRR11494457	0	subclonal	123.51214574898785
SRR11494458	6	clonal	156.4321862348178
SRR11494458	0	subclonal	156.4321862348178
SRR11494459	4	clonal	142.93522267206478
SRR11494459	1	subclonal	142.93522267206478
SRR11494460	5	clonal	137.79453441295547
SRR11494460	2	subclonal	137.79453441295547
SRR11494461	6	clonal	138.03846153846155
SRR11494461	1	subclonal	138.03846153846155
SRR11494462	10	clonal	152.92307692307693
SRR11494462	0	subclonal	152.92307692307693
SRR11494463	7	clonal	159.40991902834008
SRR11494463	0	subclonal	159.40991902834008
SRR11494464	7	clonal	152.66902834008098
SRR11494464	0	subclonal	152.66902834008098
SRR11494465	7	clonal	144.28036437246965
SRR11494465	0	subclonal	144.28036437246965
SRR11494466	3	clonal	88.20445344129554
SRR11494466	1	subclonal	88.20445344129554
SRR11494467	5	clonal	146.21963562753035
SRR11494467	1	subclonal	146.21963562753035
SRR11494468	9	clonal	140.8097165991903
SRR11494468	0	subclonal	140.8097165991903
SRR11494470	8	clonal	110.85425101214575
SRR11494470	0	subclonal	110.85425101214575
SRR11494471	7	clonal	142.35323886639677
SRR11494471	0	subclonal	142.35323886639677
SRR11494472	8	clonal	125.81275303643724
SRR11494472	0	subclonal	125.81275303643724
SRR11494473	8	clonal	115.59008097165992
SRR11494473	0	subclonal	115.59008097165992
SRR11494474	3	clonal	91.53947368421052
SRR11494474	2	subclonal	91.53947368421052
SRR11494475	4	clonal	126.25101214574899
SRR11494475	1	subclonal	126.25101214574899
SRR11494476	9	clonal	138.47064777327935
SRR11494476	0	subclonal	138.47064777327935
SRR11494477	7	clonal	138.7419028340081
SRR11494477	0	subclonal	138.7419028340081
SRR11494478	7	clonal	125.24291497975709
SRR11494478	0	subclonal	125.24291497975709
SRR11494479	7	clonal	119.27327935222672
SRR11494479	1	subclonal	119.27327935222672
SRR11494480	6	clonal	138.21153846153845
SRR11494480	1	subclonal	138.21153846153845
SRR11494481	6	clonal	127.02834008097166
SRR11494481	0	subclonal	127.02834008097166
SRR11494482	6	clonal	134.7246963562753
SRR11494482	0	subclonal	134.7246963562753
SRR11494483	8	clonal	144.3582995951417
SRR11494483	0	subclonal	144.3582995951417
SRR11494484	7	clonal	129.5172064777328
SRR11494484	2	subclonal	129.5172064777328
SRR11494485	8	clonal	104.53542510121457
SRR11494485	1	subclonal	104.53542510121457
SRR11494486	8	clonal	141.19331983805668
SRR11494486	4	subclonal	141.19331983805668
SRR11494487	12	clonal	105.9665991902834
SRR11494487	0	subclonal	105.9665991902834
SRR11494488	5	clonal	123.07692307692308
SRR11494488	0	subclonal	123.07692307692308
SRR11494489	1	clonal	124.73178137651821
SRR11494489	1	subclonal	124.73178137651821
SRR11494491	4	clonal	104.97773279352226
SRR11494491	0	subclonal	104.97773279352226
SRR11494492	8	clonal	137.02631578947367
SRR11494492	1	subclonal	137.02631578947367
SRR11494493	6	clonal	106.68825910931174
SRR11494493	2	subclonal	106.68825910931174
SRR11494494	6	clonal	121.79048582995951
SRR11494494	1	subclonal	121.79048582995951
SRR11494495	8	clonal	111.55465587044534
SRR11494495	0	subclonal	111.55465587044534
SRR11494496	4	clonal	145.97368421052633
SRR11494496	0	subclonal	145.97368421052633
SRR11494497	12	clonal	148.75607287449392
SRR11494497	2	subclonal	148.75607287449392
SRR11494498	5	clonal	138.45546558704453
SRR11494498	1	subclonal	138.45546558704453
SRR11494499	7	clonal	122.95647773279352
SRR11494499	2	subclonal	122.95647773279352
SRR11494500	8	clonal	130.44635627530366
SRR11494500	1	subclonal	130.44635627530366
SRR11494501	7	clonal	120.81072874493927
SRR11494501	1	subclonal	120.81072874493927
SRR11494502	11	clonal	139.6002024291498
SRR11494502	0	subclonal	139.6002024291498
SRR11494503	4	clonal	136.3502024291498
SRR11494503	1	subclonal	136.3502024291498
SRR11494504	7	clonal	118.89777327935222
SRR11494504	0	subclonal	118.89777327935222
SRR11494505	9	clonal	138.5172064777328
SRR11494505	2	subclonal	138.5172064777328
SRR11494506	8	clonal	107.53137651821862
SRR11494506	0	subclonal	107.53137651821862
SRR11494507	5	clonal	109.43825910931174
SRR11494507	1	subclonal	109.43825910931174
SRR11494508	1	clonal	145.27226720647772
SRR11494508	0	subclonal	145.27226720647772
SRR11494509	7	clonal	107.49898785425101
SRR11494509	1	subclonal	107.49898785425101
SRR11494510	9	clonal	137.29858299595142
SRR11494510	0	subclonal	137.29858299595142
SRR11494511	5	clonal	118.15485829959515
SRR11494511	1	subclonal	118.15485829959515
SRR11494513	5	clonal	131.0921052631579
SRR11494513	1	subclonal	131.0921052631579
SRR11494514	6	clonal	110.11032388663968
SRR11494514	1	subclonal	110.11032388663968
SRR11494515	9	clonal	136.5506072874494
SRR11494515	1	subclonal	136.5506072874494
SRR11494516	7	clonal	135.5678137651822
SRR11494516	2	subclonal	135.5678137651822
SRR11494517	7	clonal	137.33603238866397
SRR11494517	0	subclonal	137.33603238866397
SRR11494518	7	clonal	134.06275303643724
SRR11494518	0	subclonal	134.06275303643724
SRR11494519	3	clonal	141.48178137651823
SRR11494519	5	subclonal	141.48178137651823
SRR11494520	5	clonal	136.32186234817814
SRR11494520	1	subclonal	136.32186234817814
SRR11494521	9	clonal	133.2925101214575
SRR11494521	0	subclonal	133.2925101214575
SRR11494522	4	clonal	123.38663967611336
SRR11494522	0	subclonal	123.38663967611336
SRR11494523	2	clonal	66.58603238866397
SRR11494523	11	subclonal	66.58603238866397
SRR11494524	11	clonal	125.8248987854251
SRR11494524	4	subclonal	125.8248987854251
SRR11494525	3	clonal	113.19838056680162
SRR11494525	12	subclonal	113.19838056680162
SRR11494526	6	clonal	96.19635627530364
SRR11494526	0	subclonal	96.19635627530364
SRR11494527	6	clonal	131.9240890688259
SRR11494527	0	subclonal	131.9240890688259
SRR11494528	9	clonal	126.23076923076923
SRR11494528	0	subclonal	126.23076923076923
SRR11494529	4	clonal	124.04352226720648
SRR11494529	1	subclonal	124.04352226720648
SRR11494530	11	clonal	142.8087044534413
SRR11494530	0	subclonal	142.8087044534413
SRR11494531	8	clonal	135.9331983805668
SRR11494531	1	subclonal	135.9331983805668
SRR11494532	8	clonal	125.87246963562752
SRR11494532	0	subclonal	125.87246963562752
SRR11494533	9	clonal	150.17206477732793
SRR11494533	0	subclonal	150.17206477732793
SRR11494534	7	clonal	123.76417004048584
SRR11494534	0	subclonal	123.76417004048584
SRR11494535	4	clonal	140.01012145748987
SRR11494535	0	subclonal	140.01012145748987
SRR11494536	5	clonal	136.8087044534413
SRR11494536	1	subclonal	136.8087044534413
SRR11494537	1	clonal	131.5253036437247
SRR11494537	0	subclonal	131.5253036437247
SRR11494538	5	clonal	124.19838056680162
SRR11494538	2	subclonal	124.19838056680162
SRR11494539	3	clonal	154.0172064777328
SRR11494539	0	subclonal	154.0172064777328
SRR11494540	7	clonal	123.85222672064778
SRR11494540	0	subclonal	123.85222672064778
SRR11494541	2	clonal	111.41093117408907
SRR11494541	0	subclonal	111.41093117408907
SRR11494542	4	clonal	127.51821862348179
SRR11494542	0	subclonal	127.51821862348179
SRR11494543	8	clonal	137.26923076923077
SRR11494543	0	subclonal	137.26923076923077
SRR11494544	9	clonal	126.71761133603239
SRR11494544	1	subclonal	126.71761133603239
SRR11494545	2	clonal	144.10222672064776
SRR11494545	0	subclonal	144.10222672064776
SRR11494546	7	clonal	142.91295546558703
SRR11494546	0	subclonal	142.91295546558703
SRR11494547	8	clonal	146.29453441295547
SRR11494547	1	subclonal	146.29453441295547
SRR11494548	4	clonal	132.96862348178138
SRR11494548	1	subclonal	132.96862348178138
SRR11494549	1	clonal	143.1578947368421
SRR11494549	0	subclonal	143.1578947368421
SRR11494550	10	clonal	145.38967611336034
SRR11494550	0	subclonal	145.38967611336034
SRR11494551	4	clonal	149.2246963562753
SRR11494551	2	subclonal	149.2246963562753
SRR11494552	9	clonal	146.21153846153845
SRR11494552	0	subclonal	146.21153846153845
SRR11494553	5	clonal	150.36943319838056
SRR11494553	0	subclonal	150.36943319838056
SRR11494554	0	clonal	147.21153846153845
SRR11494554	2	subclonal	147.21153846153845
SRR11494555	7	clonal	142.05668016194332
SRR11494555	0	subclonal	142.05668016194332
SRR11494556	5	clonal	143.28947368421052
SRR11494556	1	subclonal	143.28947368421052
SRR11494557	3	clonal	130.6002024291498
SRR11494557	2	subclonal	130.6002024291498
SRR11494558	4	clonal	149.46963562753035
SRR11494558	0	subclonal	149.46963562753035
SRR11494559	5	clonal	139.88765182186233
SRR11494559	6	subclonal	139.88765182186233
SRR11494560	8	clonal	152.88866396761134
SRR11494560	2	subclonal	152.88866396761134
SRR11494561	7	clonal	151.02935222672065
SRR11494561	1	subclonal	151.02935222672065
SRR11494562	6	clonal	152.3431174089069
SRR11494562	1	subclonal	152.3431174089069
SRR11494563	9	clonal	141.94534412955466
SRR11494563	1	subclonal	141.94534412955466
SRR11494564	1	clonal	64.40991902834008
SRR11494564	0	subclonal	64.40991902834008
SRR11494565	6	clonal	146.64271255060729
SRR11494565	2	subclonal	146.64271255060729
SRR11494566	11	clonal	150.7419028340081
SRR11494566	0	subclonal	150.7419028340081
SRR11494567	11	clonal	147.28643724696357
SRR11494567	1	subclonal	147.28643724696357
SRR11494568	4	clonal	145.65587044534414
SRR11494568	3	subclonal	145.65587044534414
SRR11494569	5	clonal	149.28036437246965
SRR11494569	1	subclonal	149.28036437246965
SRR11494570	4	clonal	154.914979757085
SRR11494570	2	subclonal	154.914979757085
SRR11494571	4	clonal	153.37753036437246
SRR11494571	1	subclonal	153.37753036437246
SRR11494572	5	clonal	151.00303643724698
SRR11494572	0	subclonal	151.00303643724698
SRR11494573	4	clonal	146.01417004048582
SRR11494573	1	subclonal	146.01417004048582
SRR11494574	2	clonal	145.46862348178138
SRR11494574	1	subclonal	145.46862348178138
SRR11494575	9	clonal	138.584008097166
SRR11494575	0	subclonal	138.584008097166
SRR11494576	11	clonal	148.28238866396762
SRR11494576	1	subclonal	148.28238866396762
SRR11494577	11	clonal	136.90890688259108
SRR11494577	1	subclonal	136.90890688259108
SRR11494578	4	clonal	137.49797570850203
SRR11494578	1	subclonal	137.49797570850203
SRR11494579	11	clonal	148.6497975708502
SRR11494579	0	subclonal	148.6497975708502
SRR11494580	4	clonal	144.18724696356276
SRR11494580	1	subclonal	144.18724696356276
SRR11494581	6	clonal	153.73178137651823
SRR11494581	1	subclonal	153.73178137651823
SRR11494582	6	clonal	151.8815789473684
SRR11494582	1	subclonal	151.8815789473684
SRR11494583	4	clonal	151.23886639676113
SRR11494583	1	subclonal	151.23886639676113
SRR11494584	5	clonal	153.8006072874494
SRR11494584	0	subclonal	153.8006072874494
SRR11494585	4	clonal	127.13461538461539
SRR11494585	5	subclonal	127.13461538461539
SRR11494587	8	clonal	140.17813765182186
SRR11494587	1	subclonal	140.17813765182186
SRR11494588	4	clonal	138.9493927125506
SRR11494588	1	subclonal	138.9493927125506
SRR11494589	4	clonal	146.0334008097166
SRR11494589	1	subclonal	146.0334008097166
SRR11494590	4	clonal	117.41295546558705
SRR11494590	5	subclonal	117.41295546558705
SRR11494591	3	clonal	140.39777327935224
SRR11494591	4	subclonal	140.39777327935224
SRR11494592	7	clonal	147.96153846153845
SRR11494592	0	subclonal	147.96153846153845
SRR11494593	5	clonal	155.7257085020243
SRR11494593	0	subclonal	155.7257085020243
SRR11494594	5	clonal	153.73582995951418
SRR11494594	1	subclonal	153.73582995951418
SRR11494595	12	clonal	145.34514170040487
SRR11494595	0	subclonal	145.34514170040487
SRR11494596	5	clonal	145.75202429149797
SRR11494596	0	subclonal	145.75202429149797
SRR11494597	6	clonal	134.46052631578948
SRR11494597	0	subclonal	134.46052631578948
SRR11494598	4	clonal	146.44838056680163
SRR11494598	1	subclonal	146.44838056680163
SRR11494599	11	clonal	158.62753036437246
SRR11494599	0	subclonal	158.62753036437246
SRR11494600	10	clonal	149.85425101214574
SRR11494600	0	subclonal	149.85425101214574
SRR11494601	12	clonal	126.98380566801619
SRR11494601	1	subclonal	126.98380566801619
SRR11494602	6	clonal	150.7591093117409
SRR11494602	0	subclonal	150.7591093117409
SRR11494603	6	clonal	137.77125506072875
SRR11494603	1	subclonal	137.77125506072875
SRR11494604	6	clonal	148.76417004048582
SRR11494604	1	subclonal	148.76417004048582
SRR11494605	9	clonal	140.03036437246965
SRR11494605	0	subclonal	140.03036437246965
SRR11494606	5	clonal	154.832995951417
SRR11494606	5	subclonal	154.832995951417
SRR11494607	7	clonal	150.8006072874494
SRR11494607	2	subclonal	150.8006072874494
SRR11494608	5	clonal	138.82793522267207
SRR11494608	1	subclonal	138.82793522267207
SRR11494609	4	clonal	145.4331983805668
SRR11494609	1	subclonal	145.4331983805668
SRR11494610	7	clonal	143.04655870445345
SRR11494610	0	subclonal	143.04655870445345
SRR11494611	5	clonal	149.1082995951417
SRR11494611	0	subclonal	149.1082995951417
SRR11494612	6	clonal	149.7338056680162
SRR11494612	2	subclonal	149.7338056680162
SRR11494613	6	clonal	154.66295546558703
SRR11494613	1	subclonal	154.66295546558703
SRR11494614	9	clonal	143.55465587044534
SRR11494614	0	subclonal	143.55465587044534
SRR11494615	7	clonal	144.20242914979758
SRR11494615	1	subclonal	144.20242914979758
SRR11494616	8	clonal	130.06376518218624
SRR11494616	0	subclonal	130.06376518218624
SRR11494617	5	clonal	149.5921052631579
SRR11494617	0	subclonal	149.5921052631579
SRR11494618	11	clonal	150.73785425101215
SRR11494618	0	subclonal	150.73785425101215
SRR11494619	5	clonal	144.71356275303643
SRR11494619	1	subclonal	144.71356275303643
SRR11494620	9	clonal	154.14271255060729
SRR11494620	0	subclonal	154.14271255060729
SRR11494621	11	clonal	139.98886639676113
SRR11494621	0	subclonal	139.98886639676113
SRR11494622	8	clonal	160.66093117408906
SRR11494622	0	subclonal	160.66093117408906
SRR11494623	0	clonal	139.9746963562753
SRR11494623	10	subclonal	139.9746963562753
SRR11494624	8	clonal	156.8987854251012
SRR11494624	0	subclonal	156.8987854251012
SRR11494625	6	clonal	156.6265182186235
SRR11494625	1	subclonal	156.6265182186235
SRR11494626	6	clonal	152.48076923076923
SRR11494626	4	subclonal	152.48076923076923
SRR11494627	7	clonal	151.40283400809716
SRR11494627	0	subclonal	151.40283400809716
SRR11494628	6	clonal	149.4321862348178
SRR11494628	0	subclonal	149.4321862348178
SRR11494629	11	clonal	142.70141700404858
SRR11494629	1	subclonal	142.70141700404858
SRR11494630	4	clonal	131.21862348178138
SRR11494630	0	subclonal	131.21862348178138
SRR11494631	7	clonal	177.29048582995952
SRR11494631	0	subclonal	177.29048582995952
SRR11494632	6	clonal	155.81376518218624
SRR11494632	0	subclonal	155.81376518218624
SRR11494633	5	clonal	156.26113360323887
SRR11494633	1	subclonal	156.26113360323887
SRR11494634	6	clonal	145.86336032388664
SRR11494634	1	subclonal	145.86336032388664
SRR11494635	9	clonal	159.73178137651823
SRR11494635	0	subclonal	159.73178137651823
SRR11494636	4	clonal	96.20445344129554
SRR11494636	6	subclonal	96.20445344129554
SRR11494638	6	clonal	148.26315789473685
SRR11494638	2	subclonal	148.26315789473685
SRR11494639	7	clonal	150.57692307692307
SRR11494639	0	subclonal	150.57692307692307
SRR11494640	7	clonal	160.80465587044534
SRR11494640	0	subclonal	160.80465587044534
SRR11494641	5	clonal	134.03036437246965
SRR11494641	1	subclonal	134.03036437246965
SRR11494642	6	clonal	147.62145748987854
SRR11494642	0	subclonal	147.62145748987854
SRR11494643	7	clonal	159.32692307692307
SRR11494643	0	subclonal	159.32692307692307
SRR11494644	7	clonal	113.53441295546558
SRR11494644	3	subclonal	113.53441295546558
SRR11494647	8	clonal	162.18522267206478
SRR11494647	2	subclonal	162.18522267206478
SRR11494648	9	clonal	155.4251012145749
SRR11494648	2	subclonal	155.4251012145749
SRR11494649	7	clonal	136.22773279352228
SRR11494649	0	subclonal	136.22773279352228
SRR11494650	7	clonal	159.9827935222672
SRR11494650	1	subclonal	159.9827935222672
SRR11494651	3	clonal	75.22874493927125
SRR11494651	3	subclonal	75.22874493927125
SRR11494652	12	clonal	132.08097165991902
SRR11494652	1	subclonal	132.08097165991902
SRR11494653	7	clonal	137.21457489878543
SRR11494653	1	subclonal	137.21457489878543
SRR11494654	5	clonal	142.21052631578948
SRR11494654	1	subclonal	142.21052631578948
SRR11494655	5	clonal	151.4585020242915
SRR11494655	2	subclonal	151.4585020242915
SRR11494656	7	clonal	150.335020242915
SRR11494656	7	subclonal	150.335020242915
SRR11494658	9	clonal	159.68724696356276
SRR11494658	0	subclonal	159.68724696356276
SRR11494659	10	clonal	164.65485829959513
SRR11494659	0	subclonal	164.65485829959513
SRR11494660	6	clonal	80.31072874493927
SRR11494660	0	subclonal	80.31072874493927
SRR11494661	7	clonal	151.34919028340082
SRR11494661	0	subclonal	151.34919028340082
SRR11494662	7	clonal	169.91093117408906
SRR11494662	0	subclonal	169.91093117408906
SRR11494663	10	clonal	126.3836032388664
SRR11494663	1	subclonal	126.3836032388664
SRR11494666	9	clonal	157.96761133603238
SRR11494666	2	subclonal	157.96761133603238
SRR11494667	6	clonal	152.46052631578948
SRR11494667	0	subclonal	152.46052631578948
SRR11494668	6	clonal	148.63663967611336
SRR11494668	2	subclonal	148.63663967611336
SRR11494669	7	clonal	156.36943319838056
SRR11494669	0	subclonal	156.36943319838056
SRR11494670	6	clonal	158.8917004048583
SRR11494670	0	subclonal	158.8917004048583
SRR11494671	5	clonal	146.78846153846155
SRR11494671	3	subclonal	146.78846153846155
SRR11494672	5	clonal	137.47874493927125
SRR11494672	0	subclonal	137.47874493927125
SRR11494673	7	clonal	158.23582995951418
SRR11494673	0	subclonal	158.23582995951418
SRR11494674	5	clonal	142.06072874493927
SRR11494674	1	subclonal	142.06072874493927
SRR11494676	9	clonal	141.9251012145749
SRR11494676	0	subclonal	141.9251012145749
SRR11494677	9	clonal	79.96963562753037
SRR11494677	1	subclonal	79.96963562753037
SRR11494678	9	clonal	163.31477732793522
SRR11494678	0	subclonal	163.31477732793522
SRR11494679	11	clonal	147.40587044534414
SRR11494679	0	subclonal	147.40587044534414
SRR11494680	6	clonal	146.1184210526316
SRR11494680	0	subclonal	146.1184210526316
SRR11494681	7	clonal	150.43623481781376
SRR11494681	0	subclonal	150.43623481781376
SRR11494682	9	clonal	159.25607287449392
SRR11494682	0	subclonal	159.25607287449392
SRR11494683	8	clonal	157.56376518218624
SRR11494683	1	subclonal	157.56376518218624
SRR11494684	6	clonal	156.9504048582996
SRR11494684	0	subclonal	156.9504048582996
SRR11494685	6	clonal	146.82287449392712
SRR11494685	1	subclonal	146.82287449392712
SRR11494686	5	clonal	137.78542510121457
SRR11494686	0	subclonal	137.78542510121457
SRR11494687	5	clonal	160.1062753036437
SRR11494687	1	subclonal	160.1062753036437
SRR11494688	6	clonal	79.71457489878543
SRR11494688	2	subclonal	79.71457489878543
SRR11494689	5	clonal	149.7742914979757
SRR11494689	0	subclonal	149.7742914979757
SRR11494690	5	clonal	130.04048582995952
SRR11494690	0	subclonal	130.04048582995952
SRR11494691	11	clonal	147.64574898785426
SRR11494691	1	subclonal	147.64574898785426
SRR11494692	9	clonal	133.1437246963563
SRR11494692	0	subclonal	133.1437246963563
SRR11494693	8	clonal	144.75607287449392
SRR11494693	1	subclonal	144.75607287449392
SRR11494694	7	clonal	153.45445344129556
SRR11494694	1	subclonal	153.45445344129556
SRR11494695	6	clonal	131.915991902834
SRR11494695	0	subclonal	131.915991902834
SRR11494696	5	clonal	133.96761133603238
SRR11494696	2	subclonal	133.96761133603238
SRR11494697	7	clonal	156.41396761133603
SRR11494697	1	subclonal	156.41396761133603
SRR11494698	6	clonal	148.10526315789474
SRR11494698	1	subclonal	148.10526315789474
SRR11494699	8	clonal	139.13663967611336
SRR11494699	0	subclonal	139.13663967611336
SRR11494701	7	clonal	160.6821862348178
SRR11494701	0	subclonal	160.6821862348178
SRR11494702	12	clonal	150.20546558704453
SRR11494702	0	subclonal	150.20546558704453
SRR11494703	2	clonal	150.39473684210526
SRR11494703	1	subclonal	150.39473684210526
SRR11494704	7	clonal	155.41093117408906
SRR11494704	1	subclonal	155.41093117408906
SRR11494705	8	clonal	161.98886639676113
SRR11494705	0	subclonal	161.98886639676113
SRR11494706	7	clonal	160.40890688259108
SRR11494706	0	subclonal	160.40890688259108
SRR11494707	9	clonal	161.9251012145749
SRR11494707	0	subclonal	161.9251012145749
SRR11494708	11	clonal	150.48886639676113
SRR11494708	1	subclonal	150.48886639676113
SRR11494709	8	clonal	156.60728744939271
SRR11494709	0	subclonal	156.60728744939271
SRR11494710	7	clonal	154.61133603238866
SRR11494710	0	subclonal	154.61133603238866
SRR11494711	6	clonal	165.5921052631579
SRR11494711	0	subclonal	165.5921052631579
SRR11494712	9	clonal	159.75202429149797
SRR11494712	0	subclonal	159.75202429149797
SRR11494713	7	clonal	162.95445344129556
SRR11494713	0	subclonal	162.95445344129556
SRR11494714	7	clonal	157.97773279352228
SRR11494714	2	subclonal	157.97773279352228
SRR11494715	7	clonal	140.57692307692307
SRR11494715	0	subclonal	140.57692307692307
SRR11494716	9	clonal	154.79655870445345
SRR11494716	0	subclonal	154.79655870445345
SRR11494717	9	clonal	134.1244939271255
SRR11494717	0	subclonal	134.1244939271255
SRR11494718	7	clonal	128.89676113360323
SRR11494718	0	subclonal	128.89676113360323
SRR11494719	5	clonal	136.33704453441297
SRR11494719	3	subclonal	136.33704453441297
SRR11494720	7	clonal	146.45141700404858
SRR11494720	1	subclonal	146.45141700404858
SRR11494721	8	clonal	159.11943319838056
SRR11494721	0	subclonal	159.11943319838056
SRR11494722	9	clonal	140.68825910931173
SRR11494722	2	subclonal	140.68825910931173
SRR11494723	8	clonal	138.58097165991902
SRR11494723	0	subclonal	138.58097165991902
SRR11494724	1	clonal	137.12753036437246
SRR11494724	0	subclonal	137.12753036437246
SRR11494725	6	clonal	133.31376518218624
SRR11494725	1	subclonal	133.31376518218624
SRR11494726	8	clonal	139.07692307692307
SRR11494726	2	subclonal	139.07692307692307
SRR11494727	5	clonal	141.4331983805668
SRR11494727	1	subclonal	141.4331983805668
SRR11494728	8	clonal	126.02226720647774
SRR11494728	1	subclonal	126.02226720647774
SRR11494729	7	clonal	144.69635627530366
SRR11494729	0	subclonal	144.69635627530366
SRR11494730	5	clonal	132.73076923076923
SRR11494730	1	subclonal	132.73076923076923
SRR11494731	8	clonal	132.39271255060729
SRR11494731	1	subclonal	132.39271255060729
SRR11494732	7	clonal	135.40991902834008
SRR11494732	1	subclonal	135.40991902834008
SRR11494734	8	clonal	143.04048582995952
SRR11494734	1	subclonal	143.04048582995952
SRR11494735	10	clonal	110.74392712550608
SRR11494735	0	subclonal	110.74392712550608
SRR11494736	9	clonal	139.72368421052633
SRR11494736	0	subclonal	139.72368421052633
SRR11494737	6	clonal	139.5091093117409
SRR11494737	0	subclonal	139.5091093117409
SRR11494738	8	clonal	131.1174089068826
SRR11494738	0	subclonal	131.1174089068826
SRR11494739	9	clonal	149.99797570850203
SRR11494739	0	subclonal	149.99797570850203
SRR11494740	5	clonal	137.11234817813767
SRR11494740	2	subclonal	137.11234817813767
SRR11494741	7	clonal	141.62246963562754
SRR11494741	1	subclonal	141.62246963562754
SRR11494742	8	clonal	155.74291497975707
SRR11494742	2	subclonal	155.74291497975707
SRR11494743	0	clonal	129.77226720647772
SRR11494743	15	subclonal	129.77226720647772
SRR11494744	8	clonal	155.38562753036436
SRR11494744	3	subclonal	155.38562753036436
SRR11494745	5	clonal	137.72267206477733
SRR11494745	2	subclonal	137.72267206477733
SRR11494746	6	clonal	141.3684210526316
SRR11494746	0	subclonal	141.3684210526316
SRR11494747	9	clonal	144.99696356275302
SRR11494747	0	subclonal	144.99696356275302
SRR11494748	8	clonal	138.8593117408907
SRR11494748	1	subclonal	138.8593117408907
SRR11494749	8	clonal	143.34615384615384
SRR11494749	0	subclonal	143.34615384615384
SRR11494750	10	clonal	145.92004048582996
SRR11494750	1	subclonal	145.92004048582996
SRR11494751	8	clonal	140.33906882591094
SRR11494751	1	subclonal	140.33906882591094
SRR11494752	12	clonal	139.65283400809716
SRR11494752	0	subclonal	139.65283400809716
SRR11494753	6	clonal	122.73987854251013
SRR11494753	7	subclonal	122.73987854251013
SRR11494754	10	clonal	133.4574898785425
SRR11494754	0	subclonal	133.4574898785425
SRR11494755	6	clonal	133.24493927125505
SRR11494755	0	subclonal	133.24493927125505
SRR11494756	7	clonal	135.6751012145749
SRR11494756	0	subclonal	135.6751012145749
SRR11494757	11	clonal	132.83805668016194
SRR11494757	0	subclonal	132.83805668016194
SRR11494758	7	clonal	141.97672064777328
SRR11494758	1	subclonal	141.97672064777328
SRR11494759	6	clonal	146.18724696356276
SRR11494759	0	subclonal	146.18724696356276
SRR11494760	7	clonal	101.06477732793522
SRR11494760	2	subclonal	101.06477732793522
SRR11494761	7	clonal	150.46457489878543
SRR11494761	0	subclonal	150.46457489878543
SRR11494762	2	clonal	129.68927125506073
SRR11494762	3	subclonal	129.68927125506073
SRR11494763	3	clonal	131.64676113360323
SRR11494763	0	subclonal	131.64676113360323
